{
  "content": {
    "lines": [
      "# Inline code with special characters",
      "",
      "`<html>` tags in code",
      "",
      "`**not bold**` in code",
      "",
      "`*not italic*` in code",
      "",
      "`~~not struck~~` in code",
      "",
      "`code with \\`backticks\\`` escaped",
      "",
      "``code with `single` backtick inside``",
      "",
      "```triple backtick``` inline?",
      "",
      "`C:\\\\path\\\\to\\\\file` backslashes",
      ""
    ],
    "raw": "# Inline code with special characters\n\n`<html>` tags in code\n\n`**not bold**` in code\n\n`*not italic*` in code\n\n`~~not struck~~` in code\n\n`code with \\`backticks\\`` escaped\n\n``code with `single` backtick inside``\n\n```triple backtick``` inline?\n\n`C:\\\\path\\\\to\\\\file` backslashes\n"
  },
  "mappings": {
    "code_blocks": [],
    "code_lines": [],
    "line_to_section": {
      "0": "section_inline-code-with-special-characters",
      "1": "section_inline-code-with-special-characters",
      "10": "section_inline-code-with-special-characters",
      "11": "section_inline-code-with-special-characters",
      "12": "section_inline-code-with-special-characters",
      "13": "section_inline-code-with-special-characters",
      "14": "section_inline-code-with-special-characters",
      "15": "section_inline-code-with-special-characters",
      "16": "section_inline-code-with-special-characters",
      "17": "section_inline-code-with-special-characters",
      "2": "section_inline-code-with-special-characters",
      "3": "section_inline-code-with-special-characters",
      "4": "section_inline-code-with-special-characters",
      "5": "section_inline-code-with-special-characters",
      "6": "section_inline-code-with-special-characters",
      "7": "section_inline-code-with-special-characters",
      "8": "section_inline-code-with-special-characters",
      "9": "section_inline-code-with-special-characters"
    },
    "line_to_type": {
      "0": "prose",
      "1": "prose",
      "10": "prose",
      "11": "prose",
      "12": "prose",
      "13": "prose",
      "14": "prose",
      "15": "prose",
      "16": "prose",
      "17": "prose",
      "2": "prose",
      "3": "prose",
      "4": "prose",
      "5": "prose",
      "6": "prose",
      "7": "prose",
      "8": "prose",
      "9": "prose"
    },
    "prose_lines": [
      0,
      1,
      2,
      3,
      4,
      5,
      6,
      7,
      8,
      9,
      10,
      11,
      12,
      13,
      14,
      15,
      16,
      17
    ]
  },
  "metadata": {
    "has_code": false,
    "has_frontmatter": false,
    "has_lists": false,
    "has_sections": true,
    "has_tables": false,
    "node_counts": {
      "code_inline": 8,
      "heading": 1,
      "inline": 9,
      "paragraph": 8,
      "root": 1,
      "text": 8
    },
    "security": {
      "profile_used": "moderate",
      "statistics": {
        "allowed_schemes": [
          "http",
          "https",
          "mailto",
          "tel"
        ],
        "confusables_present": false,
        "frontmatter_at_bof": false,
        "has_data_uri_images": false,
        "has_event_handlers": false,
        "has_html_block": false,
        "has_html_inline": false,
        "has_script": false,
        "link_schemes": {},
        "nbsp_present": false,
        "nested_headings_blocked": 0,
        "path_traversal_pattern": false,
        "ragged_tables_count": 0,
        "table_align_mismatches": 0,
        "unicode_risk_score": 0,
        "zwsp_present": false
      },
      "summary": {
        "has_dangerous_content": false,
        "ragged_tables_count": 0,
        "total_warnings": 0,
        "unicode_risk_score": 0
      },
      "warnings": []
    },
    "total_chars": 275,
    "total_lines": 18
  },
  "structure": {
    "blockquotes": [],
    "code_blocks": [],
    "footnotes": {
      "definitions": [],
      "references": []
    },
    "headings": [
      {
        "end_char": 38,
        "id": "heading_inline-code-with-special-characters",
        "level": 1,
        "line": 0,
        "parent_heading_id": null,
        "slug": "inline-code-with-special-characters",
        "start_char": 0,
        "text": "Inline code with special characters"
      }
    ],
    "html_blocks": [],
    "html_inline": [],
    "images": [],
    "links": [],
    "lists": [],
    "paragraphs": [
      {
        "end_line": 3,
        "has_code": true,
        "has_emphasis": false,
        "has_links": false,
        "id": "para_0",
        "section_id": "section_inline-code-with-special-characters",
        "start_line": 2,
        "text": "<html> tags in code",
        "word_count": 4
      },
      {
        "end_line": 5,
        "has_code": true,
        "has_emphasis": false,
        "has_links": false,
        "id": "para_1",
        "section_id": "section_inline-code-with-special-characters",
        "start_line": 4,
        "text": "**not bold** in code",
        "word_count": 4
      },
      {
        "end_line": 7,
        "has_code": true,
        "has_emphasis": false,
        "has_links": false,
        "id": "para_2",
        "section_id": "section_inline-code-with-special-characters",
        "start_line": 6,
        "text": "*not italic* in code",
        "word_count": 4
      },
      {
        "end_line": 9,
        "has_code": true,
        "has_emphasis": false,
        "has_links": false,
        "id": "para_3",
        "section_id": "section_inline-code-with-special-characters",
        "start_line": 8,
        "text": "~~not struck~~ in code",
        "word_count": 4
      },
      {
        "end_line": 11,
        "has_code": true,
        "has_emphasis": false,
        "has_links": false,
        "id": "para_4",
        "section_id": "section_inline-code-with-special-characters",
        "start_line": 10,
        "text": "code with \\backticks`` escaped",
        "word_count": 4
      },
      {
        "end_line": 13,
        "has_code": true,
        "has_emphasis": false,
        "has_links": false,
        "id": "para_5",
        "section_id": "section_inline-code-with-special-characters",
        "start_line": 12,
        "text": "code with `single` backtick inside",
        "word_count": 5
      },
      {
        "end_line": 15,
        "has_code": true,
        "has_emphasis": false,
        "has_links": false,
        "id": "para_6",
        "section_id": "section_inline-code-with-special-characters",
        "start_line": 14,
        "text": "triple backtick inline?",
        "word_count": 3
      },
      {
        "end_line": 17,
        "has_code": true,
        "has_emphasis": false,
        "has_links": false,
        "id": "para_7",
        "section_id": "section_inline-code-with-special-characters",
        "start_line": 16,
        "text": "C:\\\\path\\\\to\\\\file backslashes",
        "word_count": 2
      }
    ],
    "sections": [
      {
        "child_ids": [],
        "end_char": 275,
        "end_line": 17,
        "id": "section_inline-code-with-special-characters",
        "level": 1,
        "parent_id": null,
        "raw_content": "# Inline code with special characters\n\n`<html>` tags in code\n\n`**not bold**` in code\n\n`*not italic*` in code\n\n`~~not struck~~` in code\n\n`code with \\`backticks\\`` escaped\n\n``code with `single` backtick inside``\n\n```triple backtick``` inline?\n\n`C:\\\\path\\\\to\\\\file` backslashes\n",
        "slug": "inline-code-with-special-characters",
        "start_char": 0,
        "start_line": 0,
        "text_content": "Inline code with special characters\n\n<html> tags in code\n\n**not bold** in code\n\n*not italic* in code\n\n~~not struck~~ in code\n\ncode with \\backticks`` escaped\n\ncode with `single` backtick inside\n\ntriple backtick inline?\n\nC:\\\\path\\\\to\\\\file backslashes",
        "title": "Inline code with special characters"
      }
    ],
    "tables": []
  }
}