{
  "content": {
    "lines": [
      "# Intraword emphasis",
      "",
      "un*frigging*believable",
      "",
      "fan*freakin*tastic",
      "",
      "abso**lutely**amazing",
      "",
      "in**cred**ible",
      "",
      "super*cali*fragilistic",
      "",
      "un__der__score",
      "",
      "This*might*work",
      "",
      "This_might_not_work",
      ""
    ],
    "raw": "# Intraword emphasis\n\nun*frigging*believable\n\nfan*freakin*tastic\n\nabso**lutely**amazing\n\nin**cred**ible\n\nsuper*cali*fragilistic\n\nun__der__score\n\nThis*might*work\n\nThis_might_not_work\n"
  },
  "mappings": {
    "code_blocks": [],
    "code_lines": [],
    "line_to_section": {
      "0": "section_intraword-emphasis",
      "1": "section_intraword-emphasis",
      "10": "section_intraword-emphasis",
      "11": "section_intraword-emphasis",
      "12": "section_intraword-emphasis",
      "13": "section_intraword-emphasis",
      "14": "section_intraword-emphasis",
      "15": "section_intraword-emphasis",
      "16": "section_intraword-emphasis",
      "17": "section_intraword-emphasis",
      "2": "section_intraword-emphasis",
      "3": "section_intraword-emphasis",
      "4": "section_intraword-emphasis",
      "5": "section_intraword-emphasis",
      "6": "section_intraword-emphasis",
      "7": "section_intraword-emphasis",
      "8": "section_intraword-emphasis",
      "9": "section_intraword-emphasis"
    },
    "line_to_type": {
      "0": "prose",
      "1": "prose",
      "10": "prose",
      "11": "prose",
      "12": "prose",
      "13": "prose",
      "14": "prose",
      "15": "prose",
      "16": "prose",
      "17": "prose",
      "2": "prose",
      "3": "prose",
      "4": "prose",
      "5": "prose",
      "6": "prose",
      "7": "prose",
      "8": "prose",
      "9": "prose"
    },
    "prose_lines": [
      0,
      1,
      2,
      3,
      4,
      5,
      6,
      7,
      8,
      9,
      10,
      11,
      12,
      13,
      14,
      15,
      16,
      17
    ]
  },
  "metadata": {
    "has_code": false,
    "has_frontmatter": false,
    "has_lists": false,
    "has_sections": true,
    "has_tables": false,
    "node_counts": {
      "em": 4,
      "heading": 1,
      "inline": 9,
      "paragraph": 8,
      "root": 1,
      "strong": 2,
      "text": 21
    },
    "security": {
      "profile_used": "moderate",
      "statistics": {
        "allowed_schemes": [
          "http",
          "https",
          "mailto",
          "tel"
        ],
        "confusables_present": false,
        "frontmatter_at_bof": false,
        "has_data_uri_images": false,
        "has_event_handlers": false,
        "has_html_block": false,
        "has_html_inline": false,
        "has_script": false,
        "link_schemes": {},
        "nbsp_present": false,
        "nested_headings_blocked": 0,
        "path_traversal_pattern": false,
        "ragged_tables_count": 0,
        "table_align_mismatches": 0,
        "unicode_risk_score": 0,
        "zwsp_present": false
      },
      "summary": {
        "has_dangerous_content": false,
        "ragged_tables_count": 0,
        "total_warnings": 0,
        "unicode_risk_score": 0
      },
      "warnings": []
    },
    "total_chars": 182,
    "total_lines": 18
  },
  "structure": {
    "blockquotes": [],
    "code_blocks": [],
    "footnotes": {
      "definitions": [],
      "references": []
    },
    "headings": [
      {
        "end_char": 21,
        "id": "heading_intraword-emphasis",
        "level": 1,
        "line": 0,
        "parent_heading_id": null,
        "slug": "intraword-emphasis",
        "start_char": 0,
        "text": "Intraword emphasis"
      }
    ],
    "html_blocks": [],
    "html_inline": [],
    "images": [],
    "links": [],
    "lists": [],
    "paragraphs": [
      {
        "end_line": 3,
        "has_code": false,
        "has_emphasis": true,
        "has_links": false,
        "id": "para_0",
        "section_id": "section_intraword-emphasis",
        "start_line": 2,
        "text": "unfriggingbelievable",
        "word_count": 1
      },
      {
        "end_line": 5,
        "has_code": false,
        "has_emphasis": true,
        "has_links": false,
        "id": "para_1",
        "section_id": "section_intraword-emphasis",
        "start_line": 4,
        "text": "fanfreakintastic",
        "word_count": 1
      },
      {
        "end_line": 7,
        "has_code": false,
        "has_emphasis": true,
        "has_links": false,
        "id": "para_2",
        "section_id": "section_intraword-emphasis",
        "start_line": 6,
        "text": "absolutelyamazing",
        "word_count": 1
      },
      {
        "end_line": 9,
        "has_code": false,
        "has_emphasis": true,
        "has_links": false,
        "id": "para_3",
        "section_id": "section_intraword-emphasis",
        "start_line": 8,
        "text": "incredible",
        "word_count": 1
      },
      {
        "end_line": 11,
        "has_code": false,
        "has_emphasis": true,
        "has_links": false,
        "id": "para_4",
        "section_id": "section_intraword-emphasis",
        "start_line": 10,
        "text": "supercalifragilistic",
        "word_count": 1
      },
      {
        "end_line": 13,
        "has_code": false,
        "has_emphasis": false,
        "has_links": false,
        "id": "para_5",
        "section_id": "section_intraword-emphasis",
        "start_line": 12,
        "text": "un__der__score",
        "word_count": 1
      },
      {
        "end_line": 15,
        "has_code": false,
        "has_emphasis": true,
        "has_links": false,
        "id": "para_6",
        "section_id": "section_intraword-emphasis",
        "start_line": 14,
        "text": "Thismightwork",
        "word_count": 1
      },
      {
        "end_line": 17,
        "has_code": false,
        "has_emphasis": false,
        "has_links": false,
        "id": "para_7",
        "section_id": "section_intraword-emphasis",
        "start_line": 16,
        "text": "This_might_not_work",
        "word_count": 1
      }
    ],
    "sections": [
      {
        "child_ids": [],
        "end_char": 182,
        "end_line": 17,
        "id": "section_intraword-emphasis",
        "level": 1,
        "parent_id": null,
        "raw_content": "# Intraword emphasis\n\nun*frigging*believable\n\nfan*freakin*tastic\n\nabso**lutely**amazing\n\nin**cred**ible\n\nsuper*cali*fragilistic\n\nun__der__score\n\nThis*might*work\n\nThis_might_not_work\n",
        "slug": "intraword-emphasis",
        "start_char": 0,
        "start_line": 0,
        "text_content": "Intraword emphasis\n\nunfriggingbelievable\n\nfanfreakintastic\n\nabsolutelyamazing\n\nincredible\n\nsupercalifragilistic\n\nun__der__score\n\nThismightwork\n\nThis_might_not_work",
        "title": "Intraword emphasis"
      }
    ],
    "tables": []
  }
}