{
  "content": {
    "lines": [
      "# Mixed emphasis delimiter types",
      "",
      "*asterisk italic* and _underscore italic_",
      "",
      "**asterisk bold** and __underscore bold__",
      "",
      "***asterisk combo*** and ___underscore combo___",
      "",
      "*italic with **bold inside***",
      "",
      "_italic with __bold inside___",
      "",
      "**bold with *italic inside***",
      "",
      "__bold with _italic inside___",
      "",
      "*mix **both** types_",
      ""
    ],
    "raw": "# Mixed emphasis delimiter types\n\n*asterisk italic* and _underscore italic_\n\n**asterisk bold** and __underscore bold__\n\n***asterisk combo*** and ___underscore combo___\n\n*italic with **bold inside***\n\n_italic with __bold inside___\n\n**bold with *italic inside***\n\n__bold with _italic inside___\n\n*mix **both** types_\n"
  },
  "mappings": {
    "code_blocks": [],
    "code_lines": [],
    "line_to_section": {
      "0": "section_mixed-emphasis-delimiter-types",
      "1": "section_mixed-emphasis-delimiter-types",
      "10": "section_mixed-emphasis-delimiter-types",
      "11": "section_mixed-emphasis-delimiter-types",
      "12": "section_mixed-emphasis-delimiter-types",
      "13": "section_mixed-emphasis-delimiter-types",
      "14": "section_mixed-emphasis-delimiter-types",
      "15": "section_mixed-emphasis-delimiter-types",
      "16": "section_mixed-emphasis-delimiter-types",
      "17": "section_mixed-emphasis-delimiter-types",
      "2": "section_mixed-emphasis-delimiter-types",
      "3": "section_mixed-emphasis-delimiter-types",
      "4": "section_mixed-emphasis-delimiter-types",
      "5": "section_mixed-emphasis-delimiter-types",
      "6": "section_mixed-emphasis-delimiter-types",
      "7": "section_mixed-emphasis-delimiter-types",
      "8": "section_mixed-emphasis-delimiter-types",
      "9": "section_mixed-emphasis-delimiter-types"
    },
    "line_to_type": {
      "0": "prose",
      "1": "prose",
      "10": "prose",
      "11": "prose",
      "12": "prose",
      "13": "prose",
      "14": "prose",
      "15": "prose",
      "16": "prose",
      "17": "prose",
      "2": "prose",
      "3": "prose",
      "4": "prose",
      "5": "prose",
      "6": "prose",
      "7": "prose",
      "8": "prose",
      "9": "prose"
    },
    "prose_lines": [
      0,
      1,
      2,
      3,
      4,
      5,
      6,
      7,
      8,
      9,
      10,
      11,
      12,
      13,
      14,
      15,
      16,
      17
    ]
  },
  "metadata": {
    "has_code": false,
    "has_frontmatter": false,
    "has_lists": false,
    "has_sections": true,
    "has_tables": false,
    "node_counts": {
      "em": 8,
      "heading": 1,
      "inline": 9,
      "paragraph": 8,
      "root": 1,
      "strong": 9,
      "text": 33
    },
    "security": {
      "profile_used": "moderate",
      "statistics": {
        "allowed_schemes": [
          "http",
          "https",
          "mailto",
          "tel"
        ],
        "confusables_present": false,
        "frontmatter_at_bof": false,
        "has_data_uri_images": false,
        "has_event_handlers": false,
        "has_html_block": false,
        "has_html_inline": false,
        "has_script": false,
        "link_schemes": {},
        "nbsp_present": false,
        "nested_headings_blocked": 0,
        "path_traversal_pattern": false,
        "ragged_tables_count": 0,
        "table_align_mismatches": 0,
        "unicode_risk_score": 0,
        "zwsp_present": false
      },
      "summary": {
        "has_dangerous_content": false,
        "ragged_tables_count": 0,
        "total_warnings": 0,
        "unicode_risk_score": 0
      },
      "warnings": []
    },
    "total_chars": 314,
    "total_lines": 18
  },
  "structure": {
    "blockquotes": [],
    "code_blocks": [],
    "footnotes": {
      "definitions": [],
      "references": []
    },
    "headings": [
      {
        "end_char": 33,
        "id": "heading_mixed-emphasis-delimiter-types",
        "level": 1,
        "line": 0,
        "parent_heading_id": null,
        "slug": "mixed-emphasis-delimiter-types",
        "start_char": 0,
        "text": "Mixed emphasis delimiter types"
      }
    ],
    "html_blocks": [],
    "html_inline": [],
    "images": [],
    "links": [],
    "lists": [],
    "paragraphs": [
      {
        "end_line": 3,
        "has_code": false,
        "has_emphasis": true,
        "has_links": false,
        "id": "para_0",
        "section_id": "section_mixed-emphasis-delimiter-types",
        "start_line": 2,
        "text": "asterisk italic and underscore italic",
        "word_count": 5
      },
      {
        "end_line": 5,
        "has_code": false,
        "has_emphasis": true,
        "has_links": false,
        "id": "para_1",
        "section_id": "section_mixed-emphasis-delimiter-types",
        "start_line": 4,
        "text": "asterisk bold and underscore bold",
        "word_count": 5
      },
      {
        "end_line": 7,
        "has_code": false,
        "has_emphasis": true,
        "has_links": false,
        "id": "para_2",
        "section_id": "section_mixed-emphasis-delimiter-types",
        "start_line": 6,
        "text": "asterisk combo and underscore combo",
        "word_count": 5
      },
      {
        "end_line": 9,
        "has_code": false,
        "has_emphasis": true,
        "has_links": false,
        "id": "para_3",
        "section_id": "section_mixed-emphasis-delimiter-types",
        "start_line": 8,
        "text": "italic with bold inside",
        "word_count": 4
      },
      {
        "end_line": 11,
        "has_code": false,
        "has_emphasis": true,
        "has_links": false,
        "id": "para_4",
        "section_id": "section_mixed-emphasis-delimiter-types",
        "start_line": 10,
        "text": "italic with bold inside",
        "word_count": 4
      },
      {
        "end_line": 13,
        "has_code": false,
        "has_emphasis": true,
        "has_links": false,
        "id": "para_5",
        "section_id": "section_mixed-emphasis-delimiter-types",
        "start_line": 12,
        "text": "bold with italic inside",
        "word_count": 4
      },
      {
        "end_line": 15,
        "has_code": false,
        "has_emphasis": true,
        "has_links": false,
        "id": "para_6",
        "section_id": "section_mixed-emphasis-delimiter-types",
        "start_line": 14,
        "text": "bold with italic inside",
        "word_count": 4
      },
      {
        "end_line": 17,
        "has_code": false,
        "has_emphasis": true,
        "has_links": false,
        "id": "para_7",
        "section_id": "section_mixed-emphasis-delimiter-types",
        "start_line": 16,
        "text": "*mix both types_",
        "word_count": 3
      }
    ],
    "sections": [
      {
        "child_ids": [],
        "end_char": 314,
        "end_line": 17,
        "id": "section_mixed-emphasis-delimiter-types",
        "level": 1,
        "parent_id": null,
        "raw_content": "# Mixed emphasis delimiter types\n\n*asterisk italic* and _underscore italic_\n\n**asterisk bold** and __underscore bold__\n\n***asterisk combo*** and ___underscore combo___\n\n*italic with **bold inside***\n\n_italic with __bold inside___\n\n**bold with *italic inside***\n\n__bold with _italic inside___\n\n*mix **both** types_\n",
        "slug": "mixed-emphasis-delimiter-types",
        "start_char": 0,
        "start_line": 0,
        "text_content": "Mixed emphasis delimiter types\n\nasterisk italic and underscore italic\n\nasterisk bold and underscore bold\n\nasterisk combo and underscore combo\n\nitalic with bold inside\n\nitalic with bold inside\n\nbold with italic inside\n\nbold with italic inside\n\n*mix both types_",
        "title": "Mixed emphasis delimiter types"
      }
    ],
    "tables": []
  }
}