{
  "content": {
    "lines": [
      "\"Quoted Name\" <first.last+tag@sub.example.travel>",
      "plain@ex.am",
      ""
    ],
    "raw": "\"Quoted Name\" <first.last+tag@sub.example.travel>\nplain@ex.am\n"
  },
  "mappings": {
    "code_blocks": [],
    "code_lines": [],
    "line_to_section": {},
    "line_to_type": {
      "0": "prose",
      "1": "prose",
      "2": "prose"
    },
    "prose_lines": [
      0,
      1,
      2
    ]
  },
  "metadata": {
    "has_code": false,
    "has_frontmatter": false,
    "has_lists": false,
    "has_sections": false,
    "has_tables": false,
    "node_counts": {
      "inline": 1,
      "link": 1,
      "paragraph": 1,
      "root": 1,
      "softbreak": 1,
      "text": 3
    },
    "security": {
      "profile_used": "moderate",
      "statistics": {
        "allowed_schemes": [
          "http",
          "https",
          "mailto",
          "tel"
        ],
        "confusables_present": false,
        "frontmatter_at_bof": false,
        "has_data_uri_images": false,
        "has_event_handlers": false,
        "has_html_block": false,
        "has_html_inline": false,
        "has_script": false,
        "link_schemes": {
          "mailto": 1
        },
        "nbsp_present": false,
        "nested_headings_blocked": 0,
        "path_traversal_pattern": false,
        "ragged_tables_count": 0,
        "table_align_mismatches": 0,
        "unicode_risk_score": 0,
        "zwsp_present": false
      },
      "summary": {
        "has_dangerous_content": false,
        "ragged_tables_count": 0,
        "total_warnings": 0,
        "unicode_risk_score": 0
      },
      "warnings": []
    },
    "total_chars": 62,
    "total_lines": 3
  },
  "structure": {
    "blockquotes": [],
    "code_blocks": [],
    "footnotes": {
      "definitions": [],
      "references": []
    },
    "headings": [],
    "html_blocks": [],
    "html_inline": [],
    "images": [],
    "links": [
      {
        "allowed": true,
        "line": 0,
        "scheme": "mailto",
        "text": "first.last+tag@sub.example.travel",
        "type": "email",
        "url": "mailto:first.last+tag@sub.example.travel"
      }
    ],
    "lists": [],
    "paragraphs": [
      {
        "end_line": 2,
        "has_code": false,
        "has_emphasis": false,
        "has_links": true,
        "id": "para_0",
        "section_id": null,
        "start_line": 0,
        "text": "\"Quoted Name\" first.last+tag@sub.example.travel\nplain@ex.am",
        "word_count": 4
      }
    ],
    "sections": [],
    "tables": []
  }
}