{
  "content": {
    "lines": [
      "`https://example.com` should not be linkified",
      "and inside code block:",
      "",
      "```",
      "visit http://not.linkified.local",
      "```",
      ""
    ],
    "raw": "`https://example.com` should not be linkified\nand inside code block:\n\n```\nvisit http://not.linkified.local\n```\n"
  },
  "mappings": {
    "code_blocks": [],
    "code_lines": [
      3,
      4,
      5,
      6
    ],
    "line_to_section": {},
    "line_to_type": {
      "0": "prose",
      "1": "prose",
      "2": "prose",
      "3": "code",
      "4": "code",
      "5": "code",
      "6": "code"
    },
    "prose_lines": [
      0,
      1,
      2
    ]
  },
  "metadata": {
    "has_code": true,
    "has_frontmatter": false,
    "has_lists": false,
    "has_sections": false,
    "has_tables": false,
    "node_counts": {
      "code_inline": 1,
      "fence": 1,
      "inline": 1,
      "paragraph": 1,
      "root": 1,
      "softbreak": 1,
      "text": 2
    },
    "security": {
      "profile_used": "moderate",
      "statistics": {
        "allowed_schemes": [
          "http",
          "https",
          "mailto",
          "tel"
        ],
        "confusables_present": false,
        "frontmatter_at_bof": false,
        "has_data_uri_images": false,
        "has_event_handlers": false,
        "has_html_block": false,
        "has_html_inline": false,
        "has_script": false,
        "link_schemes": {},
        "nbsp_present": false,
        "nested_headings_blocked": 0,
        "path_traversal_pattern": false,
        "ragged_tables_count": 0,
        "table_align_mismatches": 0,
        "unicode_risk_score": 0,
        "zwsp_present": false
      },
      "summary": {
        "has_dangerous_content": false,
        "ragged_tables_count": 0,
        "total_warnings": 0,
        "unicode_risk_score": 0
      },
      "warnings": []
    },
    "total_chars": 111,
    "total_lines": 7
  },
  "structure": {
    "blockquotes": [],
    "code_blocks": [
      {
        "content": "visit http://not.linkified.local\n",
        "end_line": 6,
        "id": "code_0",
        "language": "",
        "section_id": null,
        "start_line": 3,
        "type": "fenced"
      }
    ],
    "footnotes": {
      "definitions": [],
      "references": []
    },
    "headings": [],
    "html_blocks": [],
    "html_inline": [],
    "images": [],
    "links": [],
    "lists": [],
    "paragraphs": [
      {
        "end_line": 2,
        "has_code": true,
        "has_emphasis": false,
        "has_links": false,
        "id": "para_0",
        "section_id": null,
        "start_line": 0,
        "text": "https://example.com should not be linkified\nand inside code block:",
        "word_count": 9
      }
    ],
    "sections": [],
    "tables": []
  }
}