{
  "content": {
    "lines": [
      "Autolink raw: https://example.com/path?x=1&y=2",
      "Email: user+tag@example.co.uk",
      "IDN: https://www.\u4f8b\u3048.\u30c6\u30b9\u30c8",
      "",
      "Edge punctuation: (https://example.org), https://example.org)., and https://example.org/path).",
      ""
    ],
    "raw": "Autolink raw: https://example.com/path?x=1&y=2\nEmail: user+tag@example.co.uk\nIDN: https://www.\u4f8b\u3048.\u30c6\u30b9\u30c8\n\nEdge punctuation: (https://example.org), https://example.org)., and https://example.org/path).\n"
  },
  "mappings": {
    "code_blocks": [],
    "code_lines": [],
    "line_to_section": {},
    "line_to_type": {
      "0": "prose",
      "1": "prose",
      "2": "prose",
      "3": "prose",
      "4": "prose",
      "5": "prose"
    },
    "prose_lines": [
      0,
      1,
      2,
      3,
      4,
      5
    ]
  },
  "metadata": {
    "has_code": false,
    "has_frontmatter": false,
    "has_lists": false,
    "has_sections": false,
    "has_tables": false,
    "node_counts": {
      "inline": 2,
      "paragraph": 2,
      "root": 1,
      "softbreak": 2,
      "text": 4
    },
    "security": {
      "profile_used": "moderate",
      "statistics": {
        "allowed_schemes": [
          "http",
          "https",
          "mailto",
          "tel"
        ],
        "confusables_present": false,
        "frontmatter_at_bof": false,
        "has_data_uri_images": false,
        "has_event_handlers": false,
        "has_html_block": false,
        "has_html_inline": false,
        "has_script": false,
        "link_schemes": {},
        "mixed_scripts": true,
        "nbsp_present": false,
        "nested_headings_blocked": 0,
        "path_traversal_pattern": false,
        "ragged_tables_count": 0,
        "table_align_mismatches": 0,
        "unicode_risk_score": 1,
        "zwsp_present": false
      },
      "summary": {
        "has_dangerous_content": true,
        "ragged_tables_count": 0,
        "total_warnings": 1,
        "unicode_risk_score": 1
      },
      "warnings": [
        {
          "line": null,
          "message": "Document mixes multiple scripts with Latin (potential spoofing)",
          "type": "mixed_scripts"
        }
      ]
    },
    "total_chars": 197,
    "total_lines": 6
  },
  "structure": {
    "blockquotes": [],
    "code_blocks": [],
    "footnotes": {
      "definitions": [],
      "references": []
    },
    "headings": [],
    "html_blocks": [],
    "html_inline": [],
    "images": [],
    "links": [],
    "lists": [],
    "paragraphs": [
      {
        "end_line": 3,
        "has_code": false,
        "has_emphasis": false,
        "has_links": false,
        "id": "para_0",
        "section_id": null,
        "start_line": 0,
        "text": "Autolink raw: https://example.com/path?x=1&y=2\nEmail: user+tag@example.co.uk\nIDN: https://www.\u4f8b\u3048.\u30c6\u30b9\u30c8",
        "word_count": 7
      },
      {
        "end_line": 5,
        "has_code": false,
        "has_emphasis": false,
        "has_links": false,
        "id": "para_1",
        "section_id": null,
        "start_line": 4,
        "text": "Edge punctuation: (https://example.org), https://example.org)., and https://example.org/path).",
        "word_count": 6
      }
    ],
    "sections": [],
    "tables": []
  }
}