{
  "content": {
    "lines": [
      "# Task list \u2014 basic",
      "",
      "- [ ] Unchecked",
      "- [x] Checked",
      "- [X] Checked uppercase",
      "- [ ] With **bold** text",
      ""
    ],
    "raw": "# Task list \u2014 basic\n\n- [ ] Unchecked\n- [x] Checked\n- [X] Checked uppercase\n- [ ] With **bold** text\n"
  },
  "mappings": {
    "code_blocks": [],
    "code_lines": [],
    "line_to_section": {
      "0": "section_task-list-basic",
      "1": "section_task-list-basic",
      "2": "section_task-list-basic",
      "3": "section_task-list-basic",
      "4": "section_task-list-basic",
      "5": "section_task-list-basic",
      "6": "section_task-list-basic"
    },
    "line_to_type": {
      "0": "prose",
      "1": "prose",
      "2": "prose",
      "3": "prose",
      "4": "prose",
      "5": "prose",
      "6": "prose"
    },
    "prose_lines": [
      0,
      1,
      2,
      3,
      4,
      5,
      6
    ]
  },
  "metadata": {
    "has_code": false,
    "has_frontmatter": false,
    "has_lists": true,
    "has_sections": true,
    "has_tables": false,
    "node_counts": {
      "bullet_list": 1,
      "heading": 1,
      "inline": 5,
      "list_item": 4,
      "paragraph": 4,
      "root": 1,
      "strong": 1,
      "text": 7
    },
    "security": {
      "profile_used": "moderate",
      "statistics": {
        "allowed_schemes": [
          "http",
          "https",
          "mailto",
          "tel"
        ],
        "confusables_present": false,
        "frontmatter_at_bof": false,
        "has_data_uri_images": false,
        "has_event_handlers": false,
        "has_html_block": false,
        "has_html_inline": false,
        "has_script": false,
        "link_schemes": {},
        "nbsp_present": false,
        "nested_headings_blocked": 0,
        "path_traversal_pattern": false,
        "ragged_tables_count": 0,
        "table_align_mismatches": 0,
        "unicode_risk_score": 0,
        "zwsp_present": false
      },
      "summary": {
        "has_dangerous_content": false,
        "ragged_tables_count": 0,
        "total_warnings": 0,
        "unicode_risk_score": 0
      },
      "warnings": []
    },
    "total_chars": 100,
    "total_lines": 7
  },
  "structure": {
    "blockquotes": [],
    "code_blocks": [],
    "footnotes": {
      "definitions": [],
      "references": []
    },
    "headings": [
      {
        "end_char": 20,
        "id": "heading_task-list-basic",
        "level": 1,
        "line": 0,
        "parent_heading_id": null,
        "slug": "task-list-basic",
        "start_char": 0,
        "text": "Task list \u2014 basic"
      }
    ],
    "html_blocks": [],
    "html_inline": [],
    "images": [],
    "links": [],
    "lists": [
      {
        "end_line": 6,
        "has_mixed_task_items": false,
        "id": "list_0",
        "items": [
          {
            "blocks": [],
            "checked": false,
            "children": [],
            "text": "Unchecked"
          },
          {
            "blocks": [],
            "checked": true,
            "children": [],
            "text": "Checked"
          },
          {
            "blocks": [],
            "checked": true,
            "children": [],
            "text": "Checked uppercase"
          },
          {
            "blocks": [],
            "checked": false,
            "children": [],
            "text": "With bold text"
          }
        ],
        "items_count": 4,
        "section_id": "section_task-list-basic",
        "start_line": 2,
        "task_items_count": 4,
        "type": "bullet"
      }
    ],
    "paragraphs": [],
    "sections": [
      {
        "child_ids": [],
        "end_char": 100,
        "end_line": 6,
        "id": "section_task-list-basic",
        "level": 1,
        "parent_id": null,
        "raw_content": "# Task list \u2014 basic\n\n- [ ] Unchecked\n- [x] Checked\n- [X] Checked uppercase\n- [ ] With **bold** text\n",
        "slug": "task-list-basic",
        "start_char": 0,
        "start_line": 0,
        "text_content": "Task list \u2014 basic\n\n[ ] Unchecked [x] Checked [X] Checked uppercase [ ] With bold text",
        "title": "Task list \u2014 basic"
      }
    ],
    "tables": []
  }
}