{
  "content": {
    "lines": [
      "# Invalid checkbox variations",
      "",
      "- [X] Capital X (may or may not work)",
      "- [x] Lowercase x (standard)",
      "- [ ] Empty (standard)",
      "- [ x] Space before x",
      "- [x ] Space after x",
      "- [] No space",
      "- [?] Question mark",
      "- [-] Dash instead",
      ""
    ],
    "raw": "# Invalid checkbox variations\n\n- [X] Capital X (may or may not work)\n- [x] Lowercase x (standard)\n- [ ] Empty (standard)\n- [ x] Space before x\n- [x ] Space after x\n- [] No space\n- [?] Question mark\n- [-] Dash instead\n"
  },
  "mappings": {
    "code_blocks": [],
    "code_lines": [],
    "line_to_section": {
      "0": "section_invalid-checkbox-variations",
      "1": "section_invalid-checkbox-variations",
      "10": "section_invalid-checkbox-variations",
      "2": "section_invalid-checkbox-variations",
      "3": "section_invalid-checkbox-variations",
      "4": "section_invalid-checkbox-variations",
      "5": "section_invalid-checkbox-variations",
      "6": "section_invalid-checkbox-variations",
      "7": "section_invalid-checkbox-variations",
      "8": "section_invalid-checkbox-variations",
      "9": "section_invalid-checkbox-variations"
    },
    "line_to_type": {
      "0": "prose",
      "1": "prose",
      "10": "prose",
      "2": "prose",
      "3": "prose",
      "4": "prose",
      "5": "prose",
      "6": "prose",
      "7": "prose",
      "8": "prose",
      "9": "prose"
    },
    "prose_lines": [
      0,
      1,
      2,
      3,
      4,
      5,
      6,
      7,
      8,
      9,
      10
    ]
  },
  "metadata": {
    "has_code": false,
    "has_frontmatter": false,
    "has_lists": true,
    "has_sections": true,
    "has_tables": false,
    "node_counts": {
      "bullet_list": 1,
      "heading": 1,
      "inline": 9,
      "list_item": 8,
      "paragraph": 8,
      "root": 1,
      "text": 9
    },
    "security": {
      "profile_used": "moderate",
      "statistics": {
        "allowed_schemes": [
          "http",
          "https",
          "mailto",
          "tel"
        ],
        "confusables_present": false,
        "frontmatter_at_bof": false,
        "has_data_uri_images": false,
        "has_event_handlers": false,
        "has_html_block": false,
        "has_html_inline": false,
        "has_script": false,
        "link_schemes": {},
        "nbsp_present": false,
        "nested_headings_blocked": 0,
        "path_traversal_pattern": false,
        "ragged_tables_count": 0,
        "table_align_mismatches": 0,
        "unicode_risk_score": 0,
        "zwsp_present": false
      },
      "summary": {
        "has_dangerous_content": false,
        "ragged_tables_count": 0,
        "total_warnings": 0,
        "unicode_risk_score": 0
      },
      "warnings": []
    },
    "total_chars": 217,
    "total_lines": 11
  },
  "structure": {
    "blockquotes": [],
    "code_blocks": [],
    "footnotes": {
      "definitions": [],
      "references": []
    },
    "headings": [
      {
        "end_char": 30,
        "id": "heading_invalid-checkbox-variations",
        "level": 1,
        "line": 0,
        "parent_heading_id": null,
        "slug": "invalid-checkbox-variations",
        "start_char": 0,
        "text": "Invalid checkbox variations"
      }
    ],
    "html_blocks": [],
    "html_inline": [],
    "images": [],
    "links": [],
    "lists": [
      {
        "end_line": 10,
        "has_mixed_task_items": true,
        "id": "list_0",
        "items": [
          {
            "blocks": [],
            "checked": true,
            "children": [],
            "text": "Capital X (may or may not work)"
          },
          {
            "blocks": [],
            "checked": true,
            "children": [],
            "text": "Lowercase x (standard)"
          },
          {
            "blocks": [],
            "checked": false,
            "children": [],
            "text": "Empty (standard)"
          },
          {
            "blocks": [],
            "checked": null,
            "children": [],
            "text": "[ x] Space before x"
          },
          {
            "blocks": [],
            "checked": null,
            "children": [],
            "text": "[x ] Space after x"
          },
          {
            "blocks": [],
            "checked": null,
            "children": [],
            "text": "[] No space"
          },
          {
            "blocks": [],
            "checked": null,
            "children": [],
            "text": "[?] Question mark"
          },
          {
            "blocks": [],
            "checked": null,
            "children": [],
            "text": "[-] Dash instead"
          }
        ],
        "items_count": 8,
        "section_id": "section_invalid-checkbox-variations",
        "start_line": 2,
        "task_items_count": 3,
        "type": "bullet"
      }
    ],
    "paragraphs": [],
    "sections": [
      {
        "child_ids": [],
        "end_char": 217,
        "end_line": 10,
        "id": "section_invalid-checkbox-variations",
        "level": 1,
        "parent_id": null,
        "raw_content": "# Invalid checkbox variations\n\n- [X] Capital X (may or may not work)\n- [x] Lowercase x (standard)\n- [ ] Empty (standard)\n- [ x] Space before x\n- [x ] Space after x\n- [] No space\n- [?] Question mark\n- [-] Dash instead\n",
        "slug": "invalid-checkbox-variations",
        "start_char": 0,
        "start_line": 0,
        "text_content": "Invalid checkbox variations\n\n[X] Capital X (may or may not work) [x] Lowercase x (standard) [ ] Empty (standard) [ x] Space before x [x ] Space after x [] No space [?] Question mark [-] Dash instead",
        "title": "Invalid checkbox variations"
      }
    ],
    "tables": []
  }
}