{
  "content": {
    "lines": [
      "# Mixed regular list items and tasks",
      "",
      "- Regular item 1",
      "- [ ] Task item 1",
      "- Regular item 2",
      "- [x] Task item 2 done",
      "- Regular item 3",
      "  - [ ] Nested task",
      "  - Regular nested item",
      "  - [x] Another nested task",
      ""
    ],
    "raw": "# Mixed regular list items and tasks\n\n- Regular item 1\n- [ ] Task item 1\n- Regular item 2\n- [x] Task item 2 done\n- Regular item 3\n  - [ ] Nested task\n  - Regular nested item\n  - [x] Another nested task\n"
  },
  "mappings": {
    "code_blocks": [],
    "code_lines": [],
    "line_to_section": {
      "0": "section_mixed-regular-list-items-and-tasks",
      "1": "section_mixed-regular-list-items-and-tasks",
      "10": "section_mixed-regular-list-items-and-tasks",
      "2": "section_mixed-regular-list-items-and-tasks",
      "3": "section_mixed-regular-list-items-and-tasks",
      "4": "section_mixed-regular-list-items-and-tasks",
      "5": "section_mixed-regular-list-items-and-tasks",
      "6": "section_mixed-regular-list-items-and-tasks",
      "7": "section_mixed-regular-list-items-and-tasks",
      "8": "section_mixed-regular-list-items-and-tasks",
      "9": "section_mixed-regular-list-items-and-tasks"
    },
    "line_to_type": {
      "0": "prose",
      "1": "prose",
      "10": "prose",
      "2": "prose",
      "3": "prose",
      "4": "prose",
      "5": "prose",
      "6": "prose",
      "7": "prose",
      "8": "prose",
      "9": "prose"
    },
    "prose_lines": [
      0,
      1,
      2,
      3,
      4,
      5,
      6,
      7,
      8,
      9,
      10
    ]
  },
  "metadata": {
    "has_code": false,
    "has_frontmatter": false,
    "has_lists": true,
    "has_sections": true,
    "has_tables": false,
    "node_counts": {
      "bullet_list": 2,
      "heading": 1,
      "inline": 9,
      "list_item": 8,
      "paragraph": 8,
      "root": 1,
      "text": 9
    },
    "security": {
      "profile_used": "moderate",
      "statistics": {
        "allowed_schemes": [
          "http",
          "https",
          "mailto",
          "tel"
        ],
        "confusables_present": false,
        "frontmatter_at_bof": false,
        "has_data_uri_images": false,
        "has_event_handlers": false,
        "has_html_block": false,
        "has_html_inline": false,
        "has_script": false,
        "link_schemes": {},
        "nbsp_present": false,
        "nested_headings_blocked": 0,
        "path_traversal_pattern": false,
        "ragged_tables_count": 0,
        "table_align_mismatches": 0,
        "unicode_risk_score": 0,
        "zwsp_present": false
      },
      "summary": {
        "has_dangerous_content": false,
        "ragged_tables_count": 0,
        "total_warnings": 0,
        "unicode_risk_score": 0
      },
      "warnings": []
    },
    "total_chars": 202,
    "total_lines": 11
  },
  "structure": {
    "blockquotes": [],
    "code_blocks": [],
    "footnotes": {
      "definitions": [],
      "references": []
    },
    "headings": [
      {
        "end_char": 37,
        "id": "heading_mixed-regular-list-items-and-tasks",
        "level": 1,
        "line": 0,
        "parent_heading_id": null,
        "slug": "mixed-regular-list-items-and-tasks",
        "start_char": 0,
        "text": "Mixed regular list items and tasks"
      }
    ],
    "html_blocks": [],
    "html_inline": [],
    "images": [],
    "links": [],
    "lists": [
      {
        "end_line": 10,
        "has_mixed_task_items": true,
        "id": "list_0",
        "items": [
          {
            "blocks": [],
            "checked": null,
            "children": [],
            "text": "Regular item 1"
          },
          {
            "blocks": [],
            "checked": false,
            "children": [],
            "text": "Task item 1"
          },
          {
            "blocks": [],
            "checked": null,
            "children": [],
            "text": "Regular item 2"
          },
          {
            "blocks": [],
            "checked": true,
            "children": [],
            "text": "Task item 2 done"
          },
          {
            "blocks": [],
            "checked": null,
            "children": [
              {
                "blocks": [],
                "checked": false,
                "children": [],
                "text": "Nested task"
              },
              {
                "blocks": [],
                "checked": null,
                "children": [],
                "text": "Regular nested item"
              },
              {
                "blocks": [],
                "checked": true,
                "children": [],
                "text": "Another nested task"
              }
            ],
            "text": "Regular item 3"
          }
        ],
        "items_count": 5,
        "section_id": "section_mixed-regular-list-items-and-tasks",
        "start_line": 2,
        "task_items_count": 2,
        "type": "bullet"
      }
    ],
    "paragraphs": [],
    "sections": [
      {
        "child_ids": [],
        "end_char": 202,
        "end_line": 10,
        "id": "section_mixed-regular-list-items-and-tasks",
        "level": 1,
        "parent_id": null,
        "raw_content": "# Mixed regular list items and tasks\n\n- Regular item 1\n- [ ] Task item 1\n- Regular item 2\n- [x] Task item 2 done\n- Regular item 3\n  - [ ] Nested task\n  - Regular nested item\n  - [x] Another nested task\n",
        "slug": "mixed-regular-list-items-and-tasks",
        "start_char": 0,
        "start_line": 0,
        "text_content": "Mixed regular list items and tasks\n\nRegular item 1 [ ] Task item 1 Regular item 2 [x] Task item 2 done Regular item 3 [ ] Nested task Regular nested item [x] Another nested task",
        "title": "Mixed regular list items and tasks"
      }
    ],
    "tables": []
  }
}