{
  "content": {
    "lines": [
      "# Task list \u2014 nested",
      "",
      "- [ ] Parent",
      "  - [x] Child done",
      "  - [ ] Child todo",
      "    1. Step 1",
      "    2. Step 2",
      ""
    ],
    "raw": "# Task list \u2014 nested\n\n- [ ] Parent\n  - [x] Child done\n  - [ ] Child todo\n    1. Step 1\n    2. Step 2\n"
  },
  "mappings": {
    "code_blocks": [],
    "code_lines": [
      5,
      6,
      7
    ],
    "line_to_section": {
      "0": "section_task-list-nested",
      "1": "section_task-list-nested",
      "2": "section_task-list-nested",
      "3": "section_task-list-nested",
      "4": "section_task-list-nested",
      "5": "section_task-list-nested",
      "6": "section_task-list-nested",
      "7": "section_task-list-nested"
    },
    "line_to_type": {
      "0": "prose",
      "1": "prose",
      "2": "prose",
      "3": "prose",
      "4": "prose",
      "5": "code",
      "6": "code",
      "7": "code"
    },
    "prose_lines": [
      0,
      1,
      2,
      3,
      4
    ]
  },
  "metadata": {
    "has_code": false,
    "has_frontmatter": false,
    "has_lists": true,
    "has_sections": true,
    "has_tables": false,
    "node_counts": {
      "bullet_list": 2,
      "heading": 1,
      "inline": 6,
      "list_item": 5,
      "ordered_list": 1,
      "paragraph": 5,
      "root": 1,
      "text": 6
    },
    "security": {
      "profile_used": "moderate",
      "statistics": {
        "allowed_schemes": [
          "http",
          "https",
          "mailto",
          "tel"
        ],
        "confusables_present": false,
        "frontmatter_at_bof": false,
        "has_data_uri_images": false,
        "has_event_handlers": false,
        "has_html_block": false,
        "has_html_inline": false,
        "has_script": false,
        "link_schemes": {},
        "nbsp_present": false,
        "nested_headings_blocked": 0,
        "path_traversal_pattern": false,
        "ragged_tables_count": 0,
        "table_align_mismatches": 0,
        "unicode_risk_score": 0,
        "zwsp_present": false
      },
      "summary": {
        "has_dangerous_content": false,
        "ragged_tables_count": 0,
        "total_warnings": 0,
        "unicode_risk_score": 0
      },
      "warnings": []
    },
    "total_chars": 101,
    "total_lines": 8
  },
  "structure": {
    "blockquotes": [],
    "code_blocks": [
      {
        "content": "1. Step 1\n2. Step 2\n",
        "end_line": 7,
        "id": "code_0",
        "language": "",
        "section_id": "section_task-list-nested",
        "start_line": 5,
        "type": "indented"
      }
    ],
    "footnotes": {
      "definitions": [],
      "references": []
    },
    "headings": [
      {
        "end_char": 21,
        "id": "heading_task-list-nested",
        "level": 1,
        "line": 0,
        "parent_heading_id": null,
        "slug": "task-list-nested",
        "start_char": 0,
        "text": "Task list \u2014 nested"
      }
    ],
    "html_blocks": [],
    "html_inline": [],
    "images": [],
    "links": [],
    "lists": [
      {
        "end_line": 7,
        "has_mixed_task_items": false,
        "id": "list_0",
        "items": [
          {
            "blocks": [],
            "checked": false,
            "children": [
              {
                "blocks": [],
                "checked": true,
                "children": [],
                "text": "Child done"
              },
              {
                "blocks": [],
                "checked": false,
                "children": [
                  {
                    "blocks": [],
                    "checked": null,
                    "children": [],
                    "text": "Step 1"
                  },
                  {
                    "blocks": [],
                    "checked": null,
                    "children": [],
                    "text": "Step 2"
                  }
                ],
                "text": "Child todo"
              }
            ],
            "text": "Parent"
          }
        ],
        "items_count": 1,
        "section_id": "section_task-list-nested",
        "start_line": 2,
        "task_items_count": 1,
        "type": "bullet"
      }
    ],
    "paragraphs": [],
    "sections": [
      {
        "child_ids": [],
        "end_char": 101,
        "end_line": 7,
        "id": "section_task-list-nested",
        "level": 1,
        "parent_id": null,
        "raw_content": "# Task list \u2014 nested\n\n- [ ] Parent\n  - [x] Child done\n  - [ ] Child todo\n    1. Step 1\n    2. Step 2\n",
        "slug": "task-list-nested",
        "start_char": 0,
        "start_line": 0,
        "text_content": "Task list \u2014 nested\n\n[ ] Parent [x] Child done [ ] Child todo Step 1 Step 2",
        "title": "Task list \u2014 nested"
      }
    ],
    "tables": []
  }
}