{
  "content": {
    "lines": [
      "# Task containing code block",
      "",
      "- [ ] Implement function",
      "",
      "  ```python",
      "  def task_function():",
      "      return \"done\"",
      "  ```",
      "",
      "- [x] Test the function",
      "",
      "  ```python",
      "  assert task_function() == \"done\"",
      "  ```",
      "",
      "- [ ] Deploy",
      ""
    ],
    "raw": "# Task containing code block\n\n- [ ] Implement function\n\n  ```python\n  def task_function():\n      return \"done\"\n  ```\n\n- [x] Test the function\n\n  ```python\n  assert task_function() == \"done\"\n  ```\n\n- [ ] Deploy\n"
  },
  "mappings": {
    "code_blocks": [],
    "code_lines": [
      4,
      5,
      6,
      7,
      8,
      11,
      12,
      13,
      14
    ],
    "line_to_section": {
      "0": "section_task-containing-code-block",
      "1": "section_task-containing-code-block",
      "10": "section_task-containing-code-block",
      "11": "section_task-containing-code-block",
      "12": "section_task-containing-code-block",
      "13": "section_task-containing-code-block",
      "14": "section_task-containing-code-block",
      "15": "section_task-containing-code-block",
      "16": "section_task-containing-code-block",
      "2": "section_task-containing-code-block",
      "3": "section_task-containing-code-block",
      "4": "section_task-containing-code-block",
      "5": "section_task-containing-code-block",
      "6": "section_task-containing-code-block",
      "7": "section_task-containing-code-block",
      "8": "section_task-containing-code-block",
      "9": "section_task-containing-code-block"
    },
    "line_to_type": {
      "0": "prose",
      "1": "prose",
      "10": "prose",
      "11": "code",
      "12": "code",
      "13": "code",
      "14": "code",
      "15": "prose",
      "16": "prose",
      "2": "prose",
      "3": "prose",
      "4": "code",
      "5": "code",
      "6": "code",
      "7": "code",
      "8": "code",
      "9": "prose"
    },
    "prose_lines": [
      0,
      1,
      2,
      3,
      9,
      10,
      15,
      16
    ]
  },
  "metadata": {
    "has_code": true,
    "has_frontmatter": false,
    "has_lists": true,
    "has_sections": true,
    "has_tables": false,
    "node_counts": {
      "bullet_list": 1,
      "fence": 2,
      "heading": 1,
      "inline": 4,
      "list_item": 3,
      "paragraph": 3,
      "root": 1,
      "text": 4
    },
    "security": {
      "profile_used": "moderate",
      "statistics": {
        "allowed_schemes": [
          "http",
          "https",
          "mailto",
          "tel"
        ],
        "confusables_present": false,
        "frontmatter_at_bof": false,
        "has_data_uri_images": false,
        "has_event_handlers": false,
        "has_html_block": false,
        "has_html_inline": false,
        "has_script": false,
        "link_schemes": {},
        "nbsp_present": false,
        "nested_headings_blocked": 0,
        "path_traversal_pattern": false,
        "ragged_tables_count": 0,
        "table_align_mismatches": 0,
        "unicode_risk_score": 0,
        "zwsp_present": false
      },
      "summary": {
        "has_dangerous_content": false,
        "ragged_tables_count": 0,
        "total_warnings": 0,
        "unicode_risk_score": 0
      },
      "warnings": []
    },
    "total_chars": 210,
    "total_lines": 17
  },
  "structure": {
    "blockquotes": [],
    "code_blocks": [
      {
        "content": "def task_function():\n    return \"done\"\n",
        "end_line": 8,
        "id": "code_0",
        "language": "python",
        "section_id": "section_task-containing-code-block",
        "start_line": 4,
        "type": "fenced"
      },
      {
        "content": "assert task_function() == \"done\"\n",
        "end_line": 14,
        "id": "code_1",
        "language": "python",
        "section_id": "section_task-containing-code-block",
        "start_line": 11,
        "type": "fenced"
      }
    ],
    "footnotes": {
      "definitions": [],
      "references": []
    },
    "headings": [
      {
        "end_char": 29,
        "id": "heading_task-containing-code-block",
        "level": 1,
        "line": 0,
        "parent_heading_id": null,
        "slug": "task-containing-code-block",
        "start_char": 0,
        "text": "Task containing code block"
      }
    ],
    "html_blocks": [],
    "html_inline": [],
    "images": [],
    "links": [],
    "lists": [
      {
        "end_line": 16,
        "has_mixed_task_items": false,
        "id": "list_0",
        "items": [
          {
            "blocks": [
              {
                "end_line": 8,
                "start_line": 4,
                "type": "fence"
              }
            ],
            "checked": false,
            "children": [],
            "text": "Implement function"
          },
          {
            "blocks": [
              {
                "end_line": 14,
                "start_line": 11,
                "type": "fence"
              }
            ],
            "checked": true,
            "children": [],
            "text": "Test the function"
          },
          {
            "blocks": [],
            "checked": false,
            "children": [],
            "text": "Deploy"
          }
        ],
        "items_count": 3,
        "section_id": "section_task-containing-code-block",
        "start_line": 2,
        "task_items_count": 3,
        "type": "bullet"
      }
    ],
    "paragraphs": [],
    "sections": [
      {
        "child_ids": [],
        "end_char": 210,
        "end_line": 16,
        "id": "section_task-containing-code-block",
        "level": 1,
        "parent_id": null,
        "raw_content": "# Task containing code block\n\n- [ ] Implement function\n\n  ```python\n  def task_function():\n      return \"done\"\n  ```\n\n- [x] Test the function\n\n  ```python\n  assert task_function() == \"done\"\n  ```\n\n- [ ] Deploy\n",
        "slug": "task-containing-code-block",
        "start_char": 0,
        "start_line": 0,
        "text_content": "Task containing code block\n\n[ ] Implement function\n\n[x] Test the function\n\n[ ] Deploy",
        "title": "Task containing code block"
      }
    ],
    "tables": []
  }
}