{
  "content": {
    "lines": [
      "# Almost-HR but not quite",
      "",
      "--",
      "",
      "-- (two dashes only)",
      "",
      "---- but text after",
      "",
      "* * (spaces between stars)",
      "",
      "- - - (spaces between dashes)",
      "",
      "***text (no space after)",
      "",
      "___text___ (looks like emphasis)",
      "",
      "Normal paragraph.",
      ""
    ],
    "raw": "# Almost-HR but not quite\n\n--\n\n-- (two dashes only)\n\n---- but text after\n\n* * (spaces between stars)\n\n- - - (spaces between dashes)\n\n***text (no space after)\n\n___text___ (looks like emphasis)\n\nNormal paragraph.\n"
  },
  "mappings": {
    "code_blocks": [],
    "code_lines": [],
    "line_to_section": {
      "0": "section_almost-hr-but-not-quite",
      "1": "section_almost-hr-but-not-quite",
      "10": "section_almost-hr-but-not-quite",
      "11": "section_almost-hr-but-not-quite",
      "12": "section_almost-hr-but-not-quite",
      "13": "section_almost-hr-but-not-quite",
      "14": "section_almost-hr-but-not-quite",
      "15": "section_almost-hr-but-not-quite",
      "16": "section_almost-hr-but-not-quite",
      "17": "section_almost-hr-but-not-quite",
      "2": "section_almost-hr-but-not-quite",
      "3": "section_almost-hr-but-not-quite",
      "4": "section_almost-hr-but-not-quite",
      "5": "section_almost-hr-but-not-quite",
      "6": "section_almost-hr-but-not-quite",
      "7": "section_almost-hr-but-not-quite",
      "8": "section_almost-hr-but-not-quite",
      "9": "section_almost-hr-but-not-quite"
    },
    "line_to_type": {
      "0": "prose",
      "1": "prose",
      "10": "prose",
      "11": "prose",
      "12": "prose",
      "13": "prose",
      "14": "prose",
      "15": "prose",
      "16": "prose",
      "17": "prose",
      "2": "prose",
      "3": "prose",
      "4": "prose",
      "5": "prose",
      "6": "prose",
      "7": "prose",
      "8": "prose",
      "9": "prose"
    },
    "prose_lines": [
      0,
      1,
      2,
      3,
      4,
      5,
      6,
      7,
      8,
      9,
      10,
      11,
      12,
      13,
      14,
      15,
      16,
      17
    ]
  },
  "metadata": {
    "has_code": false,
    "has_frontmatter": false,
    "has_lists": true,
    "has_sections": true,
    "has_tables": false,
    "node_counts": {
      "bullet_list": 5,
      "em": 1,
      "heading": 1,
      "inline": 9,
      "list_item": 5,
      "paragraph": 8,
      "root": 1,
      "strong": 1,
      "text": 12
    },
    "security": {
      "profile_used": "moderate",
      "statistics": {
        "allowed_schemes": [
          "http",
          "https",
          "mailto",
          "tel"
        ],
        "confusables_present": false,
        "frontmatter_at_bof": false,
        "has_data_uri_images": false,
        "has_event_handlers": false,
        "has_html_block": false,
        "has_html_inline": false,
        "has_script": false,
        "link_schemes": {},
        "nbsp_present": false,
        "nested_headings_blocked": 0,
        "path_traversal_pattern": false,
        "ragged_tables_count": 0,
        "table_align_mismatches": 0,
        "unicode_risk_score": 0,
        "zwsp_present": false
      },
      "summary": {
        "has_dangerous_content": false,
        "ragged_tables_count": 0,
        "total_warnings": 0,
        "unicode_risk_score": 0
      },
      "warnings": []
    },
    "total_chars": 211,
    "total_lines": 18
  },
  "structure": {
    "blockquotes": [],
    "code_blocks": [],
    "footnotes": {
      "definitions": [],
      "references": []
    },
    "headings": [
      {
        "end_char": 26,
        "id": "heading_almost-hr-but-not-quite",
        "level": 1,
        "line": 0,
        "parent_heading_id": null,
        "slug": "almost-hr-but-not-quite",
        "start_char": 0,
        "text": "Almost-HR but not quite"
      }
    ],
    "html_blocks": [],
    "html_inline": [],
    "images": [],
    "links": [],
    "lists": [
      {
        "end_line": 10,
        "has_mixed_task_items": false,
        "id": "list_0",
        "items": [
          {
            "blocks": [],
            "checked": null,
            "children": [
              {
                "blocks": [],
                "checked": null,
                "children": [],
                "text": "(spaces between stars)"
              }
            ],
            "text": ""
          }
        ],
        "items_count": 1,
        "section_id": "section_almost-hr-but-not-quite",
        "start_line": 8,
        "task_items_count": 0,
        "type": "bullet"
      },
      {
        "end_line": 12,
        "has_mixed_task_items": false,
        "id": "list_1",
        "items": [
          {
            "blocks": [],
            "checked": null,
            "children": [
              {
                "blocks": [],
                "checked": null,
                "children": [
                  {
                    "blocks": [],
                    "checked": null,
                    "children": [],
                    "text": "(spaces between dashes)"
                  }
                ],
                "text": ""
              }
            ],
            "text": ""
          }
        ],
        "items_count": 1,
        "section_id": "section_almost-hr-but-not-quite",
        "start_line": 10,
        "task_items_count": 0,
        "type": "bullet"
      }
    ],
    "paragraphs": [
      {
        "end_line": 3,
        "has_code": false,
        "has_emphasis": false,
        "has_links": false,
        "id": "para_0",
        "section_id": "section_almost-hr-but-not-quite",
        "start_line": 2,
        "text": "--",
        "word_count": 1
      },
      {
        "end_line": 5,
        "has_code": false,
        "has_emphasis": false,
        "has_links": false,
        "id": "para_1",
        "section_id": "section_almost-hr-but-not-quite",
        "start_line": 4,
        "text": "-- (two dashes only)",
        "word_count": 4
      },
      {
        "end_line": 7,
        "has_code": false,
        "has_emphasis": false,
        "has_links": false,
        "id": "para_2",
        "section_id": "section_almost-hr-but-not-quite",
        "start_line": 6,
        "text": "---- but text after",
        "word_count": 4
      },
      {
        "end_line": 13,
        "has_code": false,
        "has_emphasis": false,
        "has_links": false,
        "id": "para_3",
        "section_id": "section_almost-hr-but-not-quite",
        "start_line": 12,
        "text": "***text (no space after)",
        "word_count": 4
      },
      {
        "end_line": 15,
        "has_code": false,
        "has_emphasis": true,
        "has_links": false,
        "id": "para_4",
        "section_id": "section_almost-hr-but-not-quite",
        "start_line": 14,
        "text": "text (looks like emphasis)",
        "word_count": 4
      },
      {
        "end_line": 17,
        "has_code": false,
        "has_emphasis": false,
        "has_links": false,
        "id": "para_5",
        "section_id": "section_almost-hr-but-not-quite",
        "start_line": 16,
        "text": "Normal paragraph.",
        "word_count": 2
      }
    ],
    "sections": [
      {
        "child_ids": [],
        "end_char": 211,
        "end_line": 17,
        "id": "section_almost-hr-but-not-quite",
        "level": 1,
        "parent_id": null,
        "raw_content": "# Almost-HR but not quite\n\n--\n\n-- (two dashes only)\n\n---- but text after\n\n* * (spaces between stars)\n\n- - - (spaces between dashes)\n\n***text (no space after)\n\n___text___ (looks like emphasis)\n\nNormal paragraph.\n",
        "slug": "almost-hr-but-not-quite",
        "start_char": 0,
        "start_line": 0,
        "text_content": "Almost-HR but not quite\n\n--\n\n-- (two dashes only)\n\n---- but text after\n\n(spaces between stars)\n\n(spaces between dashes)\n\n***text (no space after)\n\ntext (looks like emphasis)\n\nNormal paragraph.",
        "title": "Almost-HR but not quite"
      }
    ],
    "tables": []
  }
}