{
  "content": {
    "lines": [
      "# GFM strikethrough + horizontal rules",
      "",
      "This ~~word~~ should be struck. This is ~~multi",
      "line~~ text.",
      "",
      "---",
      "",
      "***",
      "",
      "___",
      "",
      "Paragraph after three HRs.",
      ""
    ],
    "raw": "# GFM strikethrough + horizontal rules\n\nThis ~~word~~ should be struck. This is ~~multi\nline~~ text.\n\n---\n\n***\n\n___\n\nParagraph after three HRs.\n"
  },
  "mappings": {
    "code_blocks": [],
    "code_lines": [],
    "line_to_section": {
      "0": "section_gfm-strikethrough-horizontal-rules",
      "1": "section_gfm-strikethrough-horizontal-rules",
      "10": "section_gfm-strikethrough-horizontal-rules",
      "11": "section_gfm-strikethrough-horizontal-rules",
      "12": "section_gfm-strikethrough-horizontal-rules",
      "2": "section_gfm-strikethrough-horizontal-rules",
      "3": "section_gfm-strikethrough-horizontal-rules",
      "4": "section_gfm-strikethrough-horizontal-rules",
      "5": "section_gfm-strikethrough-horizontal-rules",
      "6": "section_gfm-strikethrough-horizontal-rules",
      "7": "section_gfm-strikethrough-horizontal-rules",
      "8": "section_gfm-strikethrough-horizontal-rules",
      "9": "section_gfm-strikethrough-horizontal-rules"
    },
    "line_to_type": {
      "0": "prose",
      "1": "prose",
      "10": "prose",
      "11": "prose",
      "12": "prose",
      "2": "prose",
      "3": "prose",
      "4": "prose",
      "5": "prose",
      "6": "prose",
      "7": "prose",
      "8": "prose",
      "9": "prose"
    },
    "prose_lines": [
      0,
      1,
      2,
      3,
      4,
      5,
      6,
      7,
      8,
      9,
      10,
      11,
      12
    ]
  },
  "metadata": {
    "has_code": false,
    "has_frontmatter": false,
    "has_lists": false,
    "has_sections": true,
    "has_tables": false,
    "node_counts": {
      "heading": 1,
      "hr": 3,
      "inline": 3,
      "paragraph": 2,
      "root": 1,
      "s": 2,
      "softbreak": 1,
      "text": 8
    },
    "security": {
      "profile_used": "moderate",
      "statistics": {
        "allowed_schemes": [
          "http",
          "https",
          "mailto",
          "tel"
        ],
        "confusables_present": false,
        "frontmatter_at_bof": false,
        "has_data_uri_images": false,
        "has_event_handlers": false,
        "has_html_block": false,
        "has_html_inline": false,
        "has_script": false,
        "link_schemes": {},
        "nbsp_present": false,
        "nested_headings_blocked": 0,
        "path_traversal_pattern": false,
        "ragged_tables_count": 0,
        "table_align_mismatches": 0,
        "unicode_risk_score": 0,
        "zwsp_present": false
      },
      "summary": {
        "has_dangerous_content": false,
        "ragged_tables_count": 0,
        "total_warnings": 0,
        "unicode_risk_score": 0
      },
      "warnings": []
    },
    "total_chars": 144,
    "total_lines": 13
  },
  "structure": {
    "blockquotes": [],
    "code_blocks": [],
    "footnotes": {
      "definitions": [],
      "references": []
    },
    "headings": [
      {
        "end_char": 39,
        "id": "heading_gfm-strikethrough-horizontal-rules",
        "level": 1,
        "line": 0,
        "parent_heading_id": null,
        "slug": "gfm-strikethrough-horizontal-rules",
        "start_char": 0,
        "text": "GFM strikethrough + horizontal rules"
      }
    ],
    "html_blocks": [],
    "html_inline": [],
    "images": [],
    "links": [],
    "lists": [],
    "paragraphs": [
      {
        "end_line": 4,
        "has_code": false,
        "has_emphasis": false,
        "has_links": false,
        "id": "para_0",
        "section_id": "section_gfm-strikethrough-horizontal-rules",
        "start_line": 2,
        "text": "This word should be struck. This is multi\nline text.",
        "word_count": 10
      },
      {
        "end_line": 12,
        "has_code": false,
        "has_emphasis": false,
        "has_links": false,
        "id": "para_1",
        "section_id": "section_gfm-strikethrough-horizontal-rules",
        "start_line": 11,
        "text": "Paragraph after three HRs.",
        "word_count": 4
      }
    ],
    "sections": [
      {
        "child_ids": [],
        "end_char": 144,
        "end_line": 12,
        "id": "section_gfm-strikethrough-horizontal-rules",
        "level": 1,
        "parent_id": null,
        "raw_content": "# GFM strikethrough + horizontal rules\n\nThis ~~word~~ should be struck. This is ~~multi\nline~~ text.\n\n---\n\n***\n\n___\n\nParagraph after three HRs.\n",
        "slug": "gfm-strikethrough-horizontal-rules",
        "start_char": 0,
        "start_line": 0,
        "text_content": "GFM strikethrough + horizontal rules\n\nThis word should be struck. This is multi\nline text.\n\nParagraph after three HRs.",
        "title": "GFM strikethrough + horizontal rules"
      }
    ],
    "tables": []
  }
}