{
  "content": {
    "lines": [
      "# Horizontal rule variants",
      "",
      "---",
      "",
      "---",
      "",
      " ---",
      "",
      "  ---",
      "",
      "***",
      "",
      "***",
      "",
      " ***",
      "",
      "___",
      "",
      "___",
      "",
      " ___",
      "",
      "Text after HRs.",
      ""
    ],
    "raw": "# Horizontal rule variants\n\n---\n\n---\n\n ---\n\n  ---\n\n***\n\n***\n\n ***\n\n___\n\n___\n\n ___\n\nText after HRs.\n"
  },
  "mappings": {
    "code_blocks": [],
    "code_lines": [],
    "line_to_section": {
      "0": "section_horizontal-rule-variants",
      "1": "section_horizontal-rule-variants",
      "10": "section_horizontal-rule-variants",
      "11": "section_horizontal-rule-variants",
      "12": "section_horizontal-rule-variants",
      "13": "section_horizontal-rule-variants",
      "14": "section_horizontal-rule-variants",
      "15": "section_horizontal-rule-variants",
      "16": "section_horizontal-rule-variants",
      "17": "section_horizontal-rule-variants",
      "18": "section_horizontal-rule-variants",
      "19": "section_horizontal-rule-variants",
      "2": "section_horizontal-rule-variants",
      "20": "section_horizontal-rule-variants",
      "21": "section_horizontal-rule-variants",
      "22": "section_horizontal-rule-variants",
      "23": "section_horizontal-rule-variants",
      "3": "section_horizontal-rule-variants",
      "4": "section_horizontal-rule-variants",
      "5": "section_horizontal-rule-variants",
      "6": "section_horizontal-rule-variants",
      "7": "section_horizontal-rule-variants",
      "8": "section_horizontal-rule-variants",
      "9": "section_horizontal-rule-variants"
    },
    "line_to_type": {
      "0": "prose",
      "1": "prose",
      "10": "prose",
      "11": "prose",
      "12": "prose",
      "13": "prose",
      "14": "prose",
      "15": "prose",
      "16": "prose",
      "17": "prose",
      "18": "prose",
      "19": "prose",
      "2": "prose",
      "20": "prose",
      "21": "prose",
      "22": "prose",
      "23": "prose",
      "3": "prose",
      "4": "prose",
      "5": "prose",
      "6": "prose",
      "7": "prose",
      "8": "prose",
      "9": "prose"
    },
    "prose_lines": [
      0,
      1,
      2,
      3,
      4,
      5,
      6,
      7,
      8,
      9,
      10,
      11,
      12,
      13,
      14,
      15,
      16,
      17,
      18,
      19,
      20,
      21,
      22,
      23
    ]
  },
  "metadata": {
    "has_code": false,
    "has_frontmatter": false,
    "has_lists": false,
    "has_sections": true,
    "has_tables": false,
    "node_counts": {
      "heading": 1,
      "hr": 10,
      "inline": 2,
      "paragraph": 1,
      "root": 1,
      "text": 2
    },
    "security": {
      "profile_used": "moderate",
      "statistics": {
        "allowed_schemes": [
          "http",
          "https",
          "mailto",
          "tel"
        ],
        "confusables_present": false,
        "frontmatter_at_bof": false,
        "has_data_uri_images": false,
        "has_event_handlers": false,
        "has_html_block": false,
        "has_html_inline": false,
        "has_script": false,
        "link_schemes": {},
        "nbsp_present": false,
        "nested_headings_blocked": 0,
        "path_traversal_pattern": false,
        "ragged_tables_count": 0,
        "table_align_mismatches": 0,
        "unicode_risk_score": 0,
        "zwsp_present": false
      },
      "summary": {
        "has_dangerous_content": false,
        "ragged_tables_count": 0,
        "total_warnings": 0,
        "unicode_risk_score": 0
      },
      "warnings": []
    },
    "total_chars": 99,
    "total_lines": 24
  },
  "structure": {
    "blockquotes": [],
    "code_blocks": [],
    "footnotes": {
      "definitions": [],
      "references": []
    },
    "headings": [
      {
        "end_char": 27,
        "id": "heading_horizontal-rule-variants",
        "level": 1,
        "line": 0,
        "parent_heading_id": null,
        "slug": "horizontal-rule-variants",
        "start_char": 0,
        "text": "Horizontal rule variants"
      }
    ],
    "html_blocks": [],
    "html_inline": [],
    "images": [],
    "links": [],
    "lists": [],
    "paragraphs": [
      {
        "end_line": 23,
        "has_code": false,
        "has_emphasis": false,
        "has_links": false,
        "id": "para_0",
        "section_id": "section_horizontal-rule-variants",
        "start_line": 22,
        "text": "Text after HRs.",
        "word_count": 3
      }
    ],
    "sections": [
      {
        "child_ids": [],
        "end_char": 99,
        "end_line": 23,
        "id": "section_horizontal-rule-variants",
        "level": 1,
        "parent_id": null,
        "raw_content": "# Horizontal rule variants\n\n---\n\n---\n\n ---\n\n  ---\n\n***\n\n***\n\n ***\n\n___\n\n___\n\n ___\n\nText after HRs.\n",
        "slug": "horizontal-rule-variants",
        "start_char": 0,
        "start_line": 0,
        "text_content": "Horizontal rule variants\n\nText after HRs.",
        "title": "Horizontal rule variants"
      }
    ],
    "tables": []
  }
}