{
  "content": {
    "lines": [
      "# Strikethrough across lines",
      "",
      "~~This is struck text that",
      "spans multiple",
      "lines of content~~",
      "",
      "Normal text.",
      "",
      "~~Another multiline",
      "struck text~~",
      ""
    ],
    "raw": "# Strikethrough across lines\n\n~~This is struck text that\nspans multiple\nlines of content~~\n\nNormal text.\n\n~~Another multiline\nstruck text~~\n"
  },
  "mappings": {
    "code_blocks": [],
    "code_lines": [],
    "line_to_section": {
      "0": "section_strikethrough-across-lines",
      "1": "section_strikethrough-across-lines",
      "10": "section_strikethrough-across-lines",
      "2": "section_strikethrough-across-lines",
      "3": "section_strikethrough-across-lines",
      "4": "section_strikethrough-across-lines",
      "5": "section_strikethrough-across-lines",
      "6": "section_strikethrough-across-lines",
      "7": "section_strikethrough-across-lines",
      "8": "section_strikethrough-across-lines",
      "9": "section_strikethrough-across-lines"
    },
    "line_to_type": {
      "0": "prose",
      "1": "prose",
      "10": "prose",
      "2": "prose",
      "3": "prose",
      "4": "prose",
      "5": "prose",
      "6": "prose",
      "7": "prose",
      "8": "prose",
      "9": "prose"
    },
    "prose_lines": [
      0,
      1,
      2,
      3,
      4,
      5,
      6,
      7,
      8,
      9,
      10
    ]
  },
  "metadata": {
    "has_code": false,
    "has_frontmatter": false,
    "has_lists": false,
    "has_sections": true,
    "has_tables": false,
    "node_counts": {
      "heading": 1,
      "inline": 4,
      "paragraph": 3,
      "root": 1,
      "s": 2,
      "softbreak": 3,
      "text": 7
    },
    "security": {
      "profile_used": "moderate",
      "statistics": {
        "allowed_schemes": [
          "http",
          "https",
          "mailto",
          "tel"
        ],
        "confusables_present": false,
        "frontmatter_at_bof": false,
        "has_data_uri_images": false,
        "has_event_handlers": false,
        "has_html_block": false,
        "has_html_inline": false,
        "has_script": false,
        "link_schemes": {},
        "nbsp_present": false,
        "nested_headings_blocked": 0,
        "path_traversal_pattern": false,
        "ragged_tables_count": 0,
        "table_align_mismatches": 0,
        "unicode_risk_score": 0,
        "zwsp_present": false
      },
      "summary": {
        "has_dangerous_content": false,
        "ragged_tables_count": 0,
        "total_warnings": 0,
        "unicode_risk_score": 0
      },
      "warnings": []
    },
    "total_chars": 140,
    "total_lines": 11
  },
  "structure": {
    "blockquotes": [],
    "code_blocks": [],
    "footnotes": {
      "definitions": [],
      "references": []
    },
    "headings": [
      {
        "end_char": 29,
        "id": "heading_strikethrough-across-lines",
        "level": 1,
        "line": 0,
        "parent_heading_id": null,
        "slug": "strikethrough-across-lines",
        "start_char": 0,
        "text": "Strikethrough across lines"
      }
    ],
    "html_blocks": [],
    "html_inline": [],
    "images": [],
    "links": [],
    "lists": [],
    "paragraphs": [
      {
        "end_line": 5,
        "has_code": false,
        "has_emphasis": false,
        "has_links": false,
        "id": "para_0",
        "section_id": "section_strikethrough-across-lines",
        "start_line": 2,
        "text": "This is struck text that\nspans multiple\nlines of content",
        "word_count": 10
      },
      {
        "end_line": 7,
        "has_code": false,
        "has_emphasis": false,
        "has_links": false,
        "id": "para_1",
        "section_id": "section_strikethrough-across-lines",
        "start_line": 6,
        "text": "Normal text.",
        "word_count": 2
      },
      {
        "end_line": 10,
        "has_code": false,
        "has_emphasis": false,
        "has_links": false,
        "id": "para_2",
        "section_id": "section_strikethrough-across-lines",
        "start_line": 8,
        "text": "Another multiline\nstruck text",
        "word_count": 4
      }
    ],
    "sections": [
      {
        "child_ids": [],
        "end_char": 140,
        "end_line": 10,
        "id": "section_strikethrough-across-lines",
        "level": 1,
        "parent_id": null,
        "raw_content": "# Strikethrough across lines\n\n~~This is struck text that\nspans multiple\nlines of content~~\n\nNormal text.\n\n~~Another multiline\nstruck text~~\n",
        "slug": "strikethrough-across-lines",
        "start_char": 0,
        "start_line": 0,
        "text_content": "Strikethrough across lines\n\nThis is struck text that\nspans multiple\nlines of content\n\nNormal text.\n\nAnother multiline\nstruck text",
        "title": "Strikethrough across lines"
      }
    ],
    "tables": []
  }
}