{
  "content": {
    "lines": [
      "# Line breaks: hard vs soft",
      "",
      "Soft break below (no two spaces):",
      "First line",
      "Second line",
      "",
      "Hard break below (two spaces at EOL):  ",
      "Keeps line",
      "",
      "Trailing spaces significant?  ",
      ""
    ],
    "raw": "# Line breaks: hard vs soft\n\nSoft break below (no two spaces):\nFirst line\nSecond line\n\nHard break below (two spaces at EOL):  \nKeeps line\n\nTrailing spaces significant?  \n"
  },
  "mappings": {
    "code_blocks": [],
    "code_lines": [],
    "line_to_section": {
      "0": "section_line-breaks-hard-vs-soft",
      "1": "section_line-breaks-hard-vs-soft",
      "10": "section_line-breaks-hard-vs-soft",
      "2": "section_line-breaks-hard-vs-soft",
      "3": "section_line-breaks-hard-vs-soft",
      "4": "section_line-breaks-hard-vs-soft",
      "5": "section_line-breaks-hard-vs-soft",
      "6": "section_line-breaks-hard-vs-soft",
      "7": "section_line-breaks-hard-vs-soft",
      "8": "section_line-breaks-hard-vs-soft",
      "9": "section_line-breaks-hard-vs-soft"
    },
    "line_to_type": {
      "0": "prose",
      "1": "prose",
      "10": "prose",
      "2": "prose",
      "3": "prose",
      "4": "prose",
      "5": "prose",
      "6": "prose",
      "7": "prose",
      "8": "prose",
      "9": "prose"
    },
    "prose_lines": [
      0,
      1,
      2,
      3,
      4,
      5,
      6,
      7,
      8,
      9,
      10
    ]
  },
  "metadata": {
    "has_code": false,
    "has_frontmatter": false,
    "has_lists": false,
    "has_sections": true,
    "has_tables": false,
    "node_counts": {
      "hardbreak": 1,
      "heading": 1,
      "inline": 4,
      "paragraph": 3,
      "root": 1,
      "softbreak": 2,
      "text": 7
    },
    "security": {
      "profile_used": "moderate",
      "statistics": {
        "allowed_schemes": [
          "http",
          "https",
          "mailto",
          "tel"
        ],
        "confusables_present": false,
        "frontmatter_at_bof": false,
        "has_data_uri_images": false,
        "has_event_handlers": false,
        "has_html_block": false,
        "has_html_inline": false,
        "has_script": false,
        "link_schemes": {},
        "nbsp_present": false,
        "nested_headings_blocked": 0,
        "path_traversal_pattern": false,
        "ragged_tables_count": 0,
        "table_align_mismatches": 0,
        "unicode_risk_score": 0,
        "zwsp_present": false
      },
      "summary": {
        "has_dangerous_content": false,
        "ragged_tables_count": 0,
        "total_warnings": 0,
        "unicode_risk_score": 0
      },
      "warnings": []
    },
    "total_chars": 170,
    "total_lines": 11
  },
  "structure": {
    "blockquotes": [],
    "code_blocks": [],
    "footnotes": {
      "definitions": [],
      "references": []
    },
    "headings": [
      {
        "end_char": 28,
        "id": "heading_line-breaks-hard-vs-soft",
        "level": 1,
        "line": 0,
        "parent_heading_id": null,
        "slug": "line-breaks-hard-vs-soft",
        "start_char": 0,
        "text": "Line breaks: hard vs soft"
      }
    ],
    "html_blocks": [],
    "html_inline": [],
    "images": [],
    "links": [],
    "lists": [],
    "paragraphs": [
      {
        "end_line": 5,
        "has_code": false,
        "has_emphasis": false,
        "has_links": false,
        "id": "para_0",
        "section_id": "section_line-breaks-hard-vs-soft",
        "start_line": 2,
        "text": "Soft break below (no two spaces):\nFirst line\nSecond line",
        "word_count": 10
      },
      {
        "end_line": 8,
        "has_code": false,
        "has_emphasis": false,
        "has_links": false,
        "id": "para_1",
        "section_id": "section_line-breaks-hard-vs-soft",
        "start_line": 6,
        "text": "Hard break below (two spaces at EOL):\nKeeps line",
        "word_count": 9
      },
      {
        "end_line": 10,
        "has_code": false,
        "has_emphasis": false,
        "has_links": false,
        "id": "para_2",
        "section_id": "section_line-breaks-hard-vs-soft",
        "start_line": 9,
        "text": "Trailing spaces significant?",
        "word_count": 3
      }
    ],
    "sections": [
      {
        "child_ids": [],
        "end_char": 170,
        "end_line": 10,
        "id": "section_line-breaks-hard-vs-soft",
        "level": 1,
        "parent_id": null,
        "raw_content": "# Line breaks: hard vs soft\n\nSoft break below (no two spaces):\nFirst line\nSecond line\n\nHard break below (two spaces at EOL):  \nKeeps line\n\nTrailing spaces significant?  \n",
        "slug": "line-breaks-hard-vs-soft",
        "start_char": 0,
        "start_line": 0,
        "text_content": "Line breaks: hard vs soft\n\nSoft break below (no two spaces):\nFirst line\nSecond line\n\nHard break below (two spaces at EOL):\nKeeps line\n\nTrailing spaces significant?",
        "title": "Line breaks: hard vs soft"
      }
    ],
    "tables": []
  }
}