{
  "content": {
    "lines": [
      "{",
      "  \"title\": \"JSON\"",
      "}",
      "",
      "Body.",
      ""
    ],
    "raw": "{\n  \"title\": \"JSON\"\n}\n\nBody.\n"
  },
  "mappings": {
    "code_blocks": [],
    "code_lines": [],
    "line_to_section": {},
    "line_to_type": {
      "0": "prose",
      "1": "prose",
      "2": "prose",
      "3": "prose",
      "4": "prose",
      "5": "prose"
    },
    "prose_lines": [
      0,
      1,
      2,
      3,
      4,
      5
    ]
  },
  "metadata": {
    "has_code": false,
    "has_frontmatter": false,
    "has_lists": false,
    "has_sections": false,
    "has_tables": false,
    "node_counts": {
      "inline": 2,
      "paragraph": 2,
      "root": 1,
      "softbreak": 2,
      "text": 4
    },
    "security": {
      "profile_used": "moderate",
      "statistics": {
        "allowed_schemes": [
          "http",
          "https",
          "mailto",
          "tel"
        ],
        "confusables_present": false,
        "frontmatter_at_bof": false,
        "has_data_uri_images": false,
        "has_event_handlers": false,
        "has_html_block": false,
        "has_html_inline": false,
        "has_script": false,
        "link_schemes": {},
        "nbsp_present": false,
        "nested_headings_blocked": 0,
        "path_traversal_pattern": false,
        "ragged_tables_count": 0,
        "table_align_mismatches": 0,
        "unicode_risk_score": 0,
        "zwsp_present": false
      },
      "summary": {
        "has_dangerous_content": false,
        "ragged_tables_count": 0,
        "total_warnings": 0,
        "unicode_risk_score": 0
      },
      "warnings": []
    },
    "total_chars": 29,
    "total_lines": 6
  },
  "structure": {
    "blockquotes": [],
    "code_blocks": [],
    "footnotes": {
      "definitions": [],
      "references": []
    },
    "headings": [],
    "html_blocks": [],
    "html_inline": [],
    "images": [],
    "links": [],
    "lists": [],
    "paragraphs": [
      {
        "end_line": 3,
        "has_code": false,
        "has_emphasis": false,
        "has_links": false,
        "id": "para_0",
        "section_id": null,
        "start_line": 0,
        "text": "{\n\"title\": \"JSON\"\n}",
        "word_count": 4
      },
      {
        "end_line": 5,
        "has_code": false,
        "has_emphasis": false,
        "has_links": false,
        "id": "para_1",
        "section_id": null,
        "start_line": 4,
        "text": "Body.",
        "word_count": 1
      }
    ],
    "sections": [],
    "tables": []
  }
}