{
  "content": {
    "lines": [
      "# Test: fm_invalid_trailing_spaces",
      "",
      "---   ",
      "title: bad",
      "---   ",
      "",
      "Body.",
      ""
    ],
    "raw": "# Test: fm_invalid_trailing_spaces\n\n---   \ntitle: bad\n---   \n\nBody.\n"
  },
  "mappings": {
    "code_blocks": [],
    "code_lines": [],
    "line_to_section": {
      "0": "section_test-fm_invalid_trailing_spaces",
      "1": "section_test-fm_invalid_trailing_spaces",
      "2": "section_test-fm_invalid_trailing_spaces",
      "3": "section_title-bad",
      "4": "section_title-bad",
      "5": "section_title-bad",
      "6": "section_title-bad",
      "7": "section_title-bad"
    },
    "line_to_type": {
      "0": "prose",
      "1": "prose",
      "2": "prose",
      "3": "prose",
      "4": "prose",
      "5": "prose",
      "6": "prose",
      "7": "prose"
    },
    "prose_lines": [
      0,
      1,
      2,
      3,
      4,
      5,
      6,
      7
    ]
  },
  "metadata": {
    "has_code": false,
    "has_frontmatter": false,
    "has_lists": false,
    "has_sections": true,
    "has_tables": false,
    "node_counts": {
      "heading": 2,
      "hr": 1,
      "inline": 3,
      "paragraph": 1,
      "root": 1,
      "text": 3
    },
    "security": {
      "profile_used": "moderate",
      "statistics": {
        "allowed_schemes": [
          "http",
          "https",
          "mailto",
          "tel"
        ],
        "confusables_present": false,
        "frontmatter_at_bof": false,
        "has_data_uri_images": false,
        "has_event_handlers": false,
        "has_html_block": false,
        "has_html_inline": false,
        "has_script": false,
        "link_schemes": {},
        "nbsp_present": false,
        "nested_headings_blocked": 0,
        "path_traversal_pattern": false,
        "ragged_tables_count": 0,
        "table_align_mismatches": 0,
        "unicode_risk_score": 0,
        "zwsp_present": false
      },
      "summary": {
        "has_dangerous_content": false,
        "ragged_tables_count": 0,
        "total_warnings": 0,
        "unicode_risk_score": 0
      },
      "warnings": []
    },
    "total_chars": 68,
    "total_lines": 8
  },
  "structure": {
    "blockquotes": [],
    "code_blocks": [],
    "footnotes": {
      "definitions": [],
      "references": []
    },
    "headings": [
      {
        "end_char": 35,
        "id": "heading_test-fm_invalid_trailing_spaces",
        "level": 1,
        "line": 0,
        "parent_heading_id": null,
        "slug": "test-fm_invalid_trailing_spaces",
        "start_char": 0,
        "text": "Test: fm_invalid_trailing_spaces"
      },
      {
        "end_char": 54,
        "id": "heading_title-bad",
        "level": 1,
        "line": 3,
        "parent_heading_id": null,
        "slug": "title-bad",
        "start_char": 43,
        "text": "title: bad"
      }
    ],
    "html_blocks": [],
    "html_inline": [],
    "images": [],
    "links": [],
    "lists": [],
    "paragraphs": [
      {
        "end_line": 7,
        "has_code": false,
        "has_emphasis": false,
        "has_links": false,
        "id": "para_0",
        "section_id": "section_title-bad",
        "start_line": 6,
        "text": "Body.",
        "word_count": 1
      }
    ],
    "sections": [
      {
        "child_ids": [],
        "end_char": 43,
        "end_line": 2,
        "id": "section_test-fm_invalid_trailing_spaces",
        "level": 1,
        "parent_id": null,
        "raw_content": "# Test: fm_invalid_trailing_spaces\n\n---   ",
        "slug": "test-fm_invalid_trailing_spaces",
        "start_char": 0,
        "start_line": 0,
        "text_content": "Test: fm_invalid_trailing_spaces",
        "title": "Test: fm_invalid_trailing_spaces"
      },
      {
        "child_ids": [],
        "end_char": 68,
        "end_line": 7,
        "id": "section_title-bad",
        "level": 1,
        "parent_id": null,
        "raw_content": "title: bad\n---   \n\nBody.\n",
        "slug": "title-bad",
        "start_char": 43,
        "start_line": 3,
        "text_content": "title: bad\n\nBody.",
        "title": "title: bad"
      }
    ],
    "tables": []
  }
}