[{"type": "link_open", "nesting": 1, "map": [0, 1], "href": "jAvAsCrIpT:alert(1)"}, {"type": "inline", "nesting": 0, "content": "js payload"}, {"type": "link_close", "nesting": -1}, {"type": "link_open", "nesting": 1, "map": [1, 2], "href": "http://%2F%2F%09file/%2Fetc%2Fpasswd"}, {"type": "inline", "nesting": 0, "content": "weird enc"}, {"type": "link_close", "nesting": -1}, {"type": "link_open", "nesting": 1, "map": [2, 3], "href": "//attacker.example.com/path"}, {"type": "inline", "nesting": 0, "content": "protocol relative"}, {"type": "link_close", "nesting": -1}, {"type": "link_open", "nesting": 1, "map": [3, 4], "href": "http://\u0000example.com"}, {"type": "inline", "nesting": 0, "content": "nul in host"}, {"type": "link_close", "nesting": -1}, {"type": "link_open", "nesting": 1, "map": [4, 5], "href": "http://xn--p1ai.example/"}, {"type": "inline", "nesting": 0, "content": "idn"}, {"type": "link_close", "nesting": -1}, {"type": "link_open", "nesting": 1, "map": [5, 6], "href": "data:text/plain;base64,SGVsbG8sIFdvcmxkIQ=="}, {"type": "inline", "nesting": 0, "content": "data uri"}, {"type": "link_close", "nesting": -1}]