[{"type": "heading_open", "nesting": 1, "tag": "h1", "map": [-1000, -999]}, {"type": "inline", "nesting": 0, "content": "BadHeading"}, {"type": "heading_close", "nesting": -1, "tag": "h1", "map": [-1000, -999]}, {"type": "heading_open", "nesting": 1, "tag": "h2", "map": [1000, 999]}, {"type": "inline", "nesting": 0, "content": "Inv"}, {"type": "heading_close", "nesting": -1, "tag": "h2", "map": [1000, 999]}, {"type": "paragraph_open", "nesting": 1, "map": [5, 6]}, {"type": "inline", "nesting": 0, "content": "normal paragraph"}, {"type": "paragraph_close", "nesting": -1, "map": [5, 6]}]