[{"type": "heading_open", "nesting": 1, "tag": "h1", "map": [0, 0]}, {"type": "inline", "nesting": 0, "content": "Combined test"}, {"type": "heading_close", "nesting": -1, "tag": "h1", "map": [0, 0]}, {"type": "paragraph_open", "nesting": 1, "map": [1, 2]}, {"type": "link_open", "nesting": 1, "map": [1, 2], "href": "javascript:evil()"}, {"type": "inline", "nesting": 0, "content": "evil link"}, {"type": "link_close", "nesting": -1}, {"type": "inline", "nesting": 0, "content": " normal text "}, {"type": "paragraph_close", "nesting": -1, "map": [1, 2]}, {"type": "fence", "nesting": 0, "map": [3, 5], "info": "python\nprint('hello')"}, {"type": "code_block", "nesting": 0, "map": [6, 7], "content": "some code\nwith lines"}]