{
  "content": {
    "lines": [
      "# List containing blockquotes",
      "",
      "- First item",
      "",
      "  > Quote inside first item",
      "  > Continues",
      "",
      "- Second item",
      "",
      "  > Another quote",
      "  >",
      "  > Multi-paragraph quote in list",
      "",
      "- Third item",
      ""
    ],
    "raw": "# List containing blockquotes\n\n- First item\n\n  > Quote inside first item\n  > Continues\n\n- Second item\n\n  > Another quote\n  >\n  > Multi-paragraph quote in list\n\n- Third item\n"
  },
  "mappings": {
    "code_blocks": [],
    "code_lines": [],
    "line_to_section": {
      "0": "section_list-containing-blockquotes",
      "1": "section_list-containing-blockquotes",
      "10": "section_list-containing-blockquotes",
      "11": "section_list-containing-blockquotes",
      "12": "section_list-containing-blockquotes",
      "13": "section_list-containing-blockquotes",
      "14": "section_list-containing-blockquotes",
      "2": "section_list-containing-blockquotes",
      "3": "section_list-containing-blockquotes",
      "4": "section_list-containing-blockquotes",
      "5": "section_list-containing-blockquotes",
      "6": "section_list-containing-blockquotes",
      "7": "section_list-containing-blockquotes",
      "8": "section_list-containing-blockquotes",
      "9": "section_list-containing-blockquotes"
    },
    "line_to_type": {
      "0": "prose",
      "1": "prose",
      "10": "prose",
      "11": "prose",
      "12": "prose",
      "13": "prose",
      "14": "prose",
      "2": "prose",
      "3": "prose",
      "4": "prose",
      "5": "prose",
      "6": "prose",
      "7": "prose",
      "8": "prose",
      "9": "prose"
    },
    "prose_lines": [
      0,
      1,
      2,
      3,
      4,
      5,
      6,
      7,
      8,
      9,
      10,
      11,
      12,
      13,
      14
    ]
  },
  "metadata": {
    "has_code": false,
    "has_frontmatter": false,
    "has_lists": true,
    "has_sections": true,
    "has_tables": false,
    "node_counts": {
      "blockquote": 2,
      "bullet_list": 1,
      "heading": 1,
      "inline": 7,
      "list_item": 3,
      "paragraph": 6,
      "root": 1,
      "softbreak": 1,
      "text": 8
    },
    "security": {
      "profile_used": "moderate",
      "statistics": {
        "allowed_schemes": [
          "http",
          "https",
          "mailto",
          "tel"
        ],
        "confusables_present": false,
        "frontmatter_at_bof": false,
        "has_data_uri_images": false,
        "has_event_handlers": false,
        "has_html_block": false,
        "has_html_inline": false,
        "has_script": false,
        "link_schemes": {},
        "nbsp_present": false,
        "nested_headings_blocked": 0,
        "path_traversal_pattern": false,
        "ragged_tables_count": 0,
        "table_align_mismatches": 0,
        "unicode_risk_score": 0,
        "zwsp_present": false
      },
      "summary": {
        "has_dangerous_content": false,
        "ragged_tables_count": 0,
        "total_warnings": 0,
        "unicode_risk_score": 0
      },
      "warnings": []
    },
    "total_chars": 173,
    "total_lines": 15
  },
  "structure": {
    "blockquotes": [
      {
        "children_blocks": [],
        "children_summary": {
          "code": 0,
          "lists": 0,
          "tables": 0
        },
        "content": "Quote inside first item\nContinues",
        "end_line": 6,
        "section_id": "section_list-containing-blockquotes",
        "start_line": 4
      },
      {
        "children_blocks": [],
        "children_summary": {
          "code": 0,
          "lists": 0,
          "tables": 0
        },
        "content": "Another quoteMulti-paragraph quote in list",
        "end_line": 12,
        "section_id": "section_list-containing-blockquotes",
        "start_line": 9
      }
    ],
    "code_blocks": [],
    "footnotes": {
      "definitions": [],
      "references": []
    },
    "headings": [
      {
        "end_char": 30,
        "id": "heading_list-containing-blockquotes",
        "level": 1,
        "line": 0,
        "parent_heading_id": null,
        "slug": "list-containing-blockquotes",
        "start_char": 0,
        "text": "List containing blockquotes"
      }
    ],
    "html_blocks": [],
    "html_inline": [],
    "images": [],
    "links": [],
    "lists": [
      {
        "end_line": 14,
        "has_mixed_task_items": false,
        "id": "list_0",
        "items": [
          {
            "blocks": [
              {
                "end_line": 6,
                "start_line": 4,
                "type": "blockquote"
              }
            ],
            "checked": null,
            "children": [],
            "text": "First item"
          },
          {
            "blocks": [
              {
                "end_line": 12,
                "start_line": 9,
                "type": "blockquote"
              }
            ],
            "checked": null,
            "children": [],
            "text": "Second item"
          },
          {
            "blocks": [],
            "checked": null,
            "children": [],
            "text": "Third item"
          }
        ],
        "items_count": 3,
        "section_id": "section_list-containing-blockquotes",
        "start_line": 2,
        "task_items_count": 0,
        "type": "bullet"
      }
    ],
    "paragraphs": [],
    "sections": [
      {
        "child_ids": [],
        "end_char": 173,
        "end_line": 14,
        "id": "section_list-containing-blockquotes",
        "level": 1,
        "parent_id": null,
        "raw_content": "# List containing blockquotes\n\n- First item\n\n  > Quote inside first item\n  > Continues\n\n- Second item\n\n  > Another quote\n  >\n  > Multi-paragraph quote in list\n\n- Third item\n",
        "slug": "list-containing-blockquotes",
        "start_char": 0,
        "start_line": 0,
        "text_content": "List containing blockquotes\n\nFirst item\n\nQuote inside first item\nContinues\n\nSecond item\n\nAnother quote\n\nMulti-paragraph quote in list\n\nThird item",
        "title": "List containing blockquotes"
      }
    ],
    "tables": []
  }
}