{
  "content": {
    "lines": [
      "# List containing code blocks",
      "",
      "- Item with code:",
      "",
      "  ```python",
      "  def example():",
      "      return True",
      "  ```",
      "",
      "- Another item",
      "",
      "  ```javascript",
      "  const x = 42;",
      "  ```",
      "",
      "  Text after code",
      "",
      "- Final item",
      ""
    ],
    "raw": "# List containing code blocks\n\n- Item with code:\n\n  ```python\n  def example():\n      return True\n  ```\n\n- Another item\n\n  ```javascript\n  const x = 42;\n  ```\n\n  Text after code\n\n- Final item\n"
  },
  "mappings": {
    "code_blocks": [],
    "code_lines": [
      4,
      5,
      6,
      7,
      8,
      11,
      12,
      13,
      14
    ],
    "line_to_section": {
      "0": "section_list-containing-code-blocks",
      "1": "section_list-containing-code-blocks",
      "10": "section_list-containing-code-blocks",
      "11": "section_list-containing-code-blocks",
      "12": "section_list-containing-code-blocks",
      "13": "section_list-containing-code-blocks",
      "14": "section_list-containing-code-blocks",
      "15": "section_list-containing-code-blocks",
      "16": "section_list-containing-code-blocks",
      "17": "section_list-containing-code-blocks",
      "18": "section_list-containing-code-blocks",
      "2": "section_list-containing-code-blocks",
      "3": "section_list-containing-code-blocks",
      "4": "section_list-containing-code-blocks",
      "5": "section_list-containing-code-blocks",
      "6": "section_list-containing-code-blocks",
      "7": "section_list-containing-code-blocks",
      "8": "section_list-containing-code-blocks",
      "9": "section_list-containing-code-blocks"
    },
    "line_to_type": {
      "0": "prose",
      "1": "prose",
      "10": "prose",
      "11": "code",
      "12": "code",
      "13": "code",
      "14": "code",
      "15": "prose",
      "16": "prose",
      "17": "prose",
      "18": "prose",
      "2": "prose",
      "3": "prose",
      "4": "code",
      "5": "code",
      "6": "code",
      "7": "code",
      "8": "code",
      "9": "prose"
    },
    "prose_lines": [
      0,
      1,
      2,
      3,
      9,
      10,
      15,
      16,
      17,
      18
    ]
  },
  "metadata": {
    "has_code": true,
    "has_frontmatter": false,
    "has_lists": true,
    "has_sections": true,
    "has_tables": false,
    "node_counts": {
      "bullet_list": 1,
      "fence": 2,
      "heading": 1,
      "inline": 5,
      "list_item": 3,
      "paragraph": 4,
      "root": 1,
      "text": 5
    },
    "security": {
      "profile_used": "moderate",
      "statistics": {
        "allowed_schemes": [
          "http",
          "https",
          "mailto",
          "tel"
        ],
        "confusables_present": false,
        "frontmatter_at_bof": false,
        "has_data_uri_images": false,
        "has_event_handlers": false,
        "has_html_block": false,
        "has_html_inline": false,
        "has_script": false,
        "link_schemes": {},
        "nbsp_present": false,
        "nested_headings_blocked": 0,
        "path_traversal_pattern": false,
        "ragged_tables_count": 0,
        "table_align_mismatches": 0,
        "unicode_risk_score": 0,
        "zwsp_present": false
      },
      "summary": {
        "has_dangerous_content": false,
        "ragged_tables_count": 0,
        "total_warnings": 0,
        "unicode_risk_score": 0
      },
      "warnings": []
    },
    "total_chars": 191,
    "total_lines": 19
  },
  "structure": {
    "blockquotes": [],
    "code_blocks": [
      {
        "content": "def example():\n    return True\n",
        "end_line": 8,
        "id": "code_0",
        "language": "python",
        "section_id": "section_list-containing-code-blocks",
        "start_line": 4,
        "type": "fenced"
      },
      {
        "content": "const x = 42;\n",
        "end_line": 14,
        "id": "code_1",
        "language": "javascript",
        "section_id": "section_list-containing-code-blocks",
        "start_line": 11,
        "type": "fenced"
      }
    ],
    "footnotes": {
      "definitions": [],
      "references": []
    },
    "headings": [
      {
        "end_char": 30,
        "id": "heading_list-containing-code-blocks",
        "level": 1,
        "line": 0,
        "parent_heading_id": null,
        "slug": "list-containing-code-blocks",
        "start_char": 0,
        "text": "List containing code blocks"
      }
    ],
    "html_blocks": [],
    "html_inline": [],
    "images": [],
    "links": [],
    "lists": [
      {
        "end_line": 18,
        "has_mixed_task_items": false,
        "id": "list_0",
        "items": [
          {
            "blocks": [
              {
                "end_line": 8,
                "start_line": 4,
                "type": "fence"
              }
            ],
            "checked": null,
            "children": [],
            "text": "Item with code:"
          },
          {
            "blocks": [
              {
                "end_line": 14,
                "start_line": 11,
                "type": "fence"
              }
            ],
            "checked": null,
            "children": [],
            "text": "Text after code"
          },
          {
            "blocks": [],
            "checked": null,
            "children": [],
            "text": "Final item"
          }
        ],
        "items_count": 3,
        "section_id": "section_list-containing-code-blocks",
        "start_line": 2,
        "task_items_count": 0,
        "type": "bullet"
      }
    ],
    "paragraphs": [],
    "sections": [
      {
        "child_ids": [],
        "end_char": 191,
        "end_line": 18,
        "id": "section_list-containing-code-blocks",
        "level": 1,
        "parent_id": null,
        "raw_content": "# List containing code blocks\n\n- Item with code:\n\n  ```python\n  def example():\n      return True\n  ```\n\n- Another item\n\n  ```javascript\n  const x = 42;\n  ```\n\n  Text after code\n\n- Final item\n",
        "slug": "list-containing-code-blocks",
        "start_char": 0,
        "start_line": 0,
        "text_content": "List containing code blocks\n\nItem with code:\n\nAnother item\n\nText after code\n\nFinal item",
        "title": "List containing code blocks"
      }
    ],
    "tables": []
  }
}