{
  "content": {
    "lines": [
      "# Mixed bullet markers",
      "",
      "* Asterisk item 1",
      "* Asterisk item 2",
      "  - Dash subitem",
      "  - Another dash",
      "    + Plus at level 3",
      "    + Another plus",
      "",
      "- Dash item",
      "+ Plus item",
      "* Asterisk item",
      ""
    ],
    "raw": "# Mixed bullet markers\n\n* Asterisk item 1\n* Asterisk item 2\n  - Dash subitem\n  - Another dash\n    + Plus at level 3\n    + Another plus\n\n- Dash item\n+ Plus item\n* Asterisk item\n"
  },
  "mappings": {
    "code_blocks": [],
    "code_lines": [
      6,
      7,
      8
    ],
    "line_to_section": {
      "0": "section_mixed-bullet-markers",
      "1": "section_mixed-bullet-markers",
      "10": "section_mixed-bullet-markers",
      "11": "section_mixed-bullet-markers",
      "12": "section_mixed-bullet-markers",
      "2": "section_mixed-bullet-markers",
      "3": "section_mixed-bullet-markers",
      "4": "section_mixed-bullet-markers",
      "5": "section_mixed-bullet-markers",
      "6": "section_mixed-bullet-markers",
      "7": "section_mixed-bullet-markers",
      "8": "section_mixed-bullet-markers",
      "9": "section_mixed-bullet-markers"
    },
    "line_to_type": {
      "0": "prose",
      "1": "prose",
      "10": "prose",
      "11": "prose",
      "12": "prose",
      "2": "prose",
      "3": "prose",
      "4": "prose",
      "5": "prose",
      "6": "code",
      "7": "code",
      "8": "code",
      "9": "prose"
    },
    "prose_lines": [
      0,
      1,
      2,
      3,
      4,
      5,
      9,
      10,
      11,
      12
    ]
  },
  "metadata": {
    "has_code": false,
    "has_frontmatter": false,
    "has_lists": true,
    "has_sections": true,
    "has_tables": false,
    "node_counts": {
      "bullet_list": 6,
      "heading": 1,
      "inline": 10,
      "list_item": 9,
      "paragraph": 9,
      "root": 1,
      "text": 10
    },
    "security": {
      "profile_used": "moderate",
      "statistics": {
        "allowed_schemes": [
          "http",
          "https",
          "mailto",
          "tel"
        ],
        "confusables_present": false,
        "frontmatter_at_bof": false,
        "has_data_uri_images": false,
        "has_event_handlers": false,
        "has_html_block": false,
        "has_html_inline": false,
        "has_script": false,
        "link_schemes": {},
        "nbsp_present": false,
        "nested_headings_blocked": 0,
        "path_traversal_pattern": false,
        "ragged_tables_count": 0,
        "table_align_mismatches": 0,
        "unicode_risk_score": 0,
        "zwsp_present": false
      },
      "summary": {
        "has_dangerous_content": false,
        "ragged_tables_count": 0,
        "total_warnings": 0,
        "unicode_risk_score": 0
      },
      "warnings": []
    },
    "total_chars": 176,
    "total_lines": 13
  },
  "structure": {
    "blockquotes": [],
    "code_blocks": [
      {
        "content": "+ Plus at level 3\n+ Another plus\n",
        "end_line": 8,
        "id": "code_0",
        "language": "",
        "section_id": "section_mixed-bullet-markers",
        "start_line": 6,
        "type": "indented"
      }
    ],
    "footnotes": {
      "definitions": [],
      "references": []
    },
    "headings": [
      {
        "end_char": 23,
        "id": "heading_mixed-bullet-markers",
        "level": 1,
        "line": 0,
        "parent_heading_id": null,
        "slug": "mixed-bullet-markers",
        "start_char": 0,
        "text": "Mixed bullet markers"
      }
    ],
    "html_blocks": [],
    "html_inline": [],
    "images": [],
    "links": [],
    "lists": [
      {
        "end_line": 9,
        "has_mixed_task_items": false,
        "id": "list_0",
        "items": [
          {
            "blocks": [],
            "checked": null,
            "children": [],
            "text": "Asterisk item 1"
          },
          {
            "blocks": [],
            "checked": null,
            "children": [
              {
                "blocks": [],
                "checked": null,
                "children": [],
                "text": "Dash subitem"
              },
              {
                "blocks": [],
                "checked": null,
                "children": [
                  {
                    "blocks": [],
                    "checked": null,
                    "children": [],
                    "text": "Plus at level 3"
                  },
                  {
                    "blocks": [],
                    "checked": null,
                    "children": [],
                    "text": "Another plus"
                  }
                ],
                "text": "Another dash"
              }
            ],
            "text": "Asterisk item 2"
          }
        ],
        "items_count": 2,
        "section_id": "section_mixed-bullet-markers",
        "start_line": 2,
        "task_items_count": 0,
        "type": "bullet"
      },
      {
        "end_line": 10,
        "has_mixed_task_items": false,
        "id": "list_1",
        "items": [
          {
            "blocks": [],
            "checked": null,
            "children": [],
            "text": "Dash item"
          }
        ],
        "items_count": 1,
        "section_id": "section_mixed-bullet-markers",
        "start_line": 9,
        "task_items_count": 0,
        "type": "bullet"
      },
      {
        "end_line": 11,
        "has_mixed_task_items": false,
        "id": "list_2",
        "items": [
          {
            "blocks": [],
            "checked": null,
            "children": [],
            "text": "Plus item"
          }
        ],
        "items_count": 1,
        "section_id": "section_mixed-bullet-markers",
        "start_line": 10,
        "task_items_count": 0,
        "type": "bullet"
      },
      {
        "end_line": 12,
        "has_mixed_task_items": false,
        "id": "list_3",
        "items": [
          {
            "blocks": [],
            "checked": null,
            "children": [],
            "text": "Asterisk item"
          }
        ],
        "items_count": 1,
        "section_id": "section_mixed-bullet-markers",
        "start_line": 11,
        "task_items_count": 0,
        "type": "bullet"
      }
    ],
    "paragraphs": [],
    "sections": [
      {
        "child_ids": [],
        "end_char": 176,
        "end_line": 12,
        "id": "section_mixed-bullet-markers",
        "level": 1,
        "parent_id": null,
        "raw_content": "# Mixed bullet markers\n\n* Asterisk item 1\n* Asterisk item 2\n  - Dash subitem\n  - Another dash\n    + Plus at level 3\n    + Another plus\n\n- Dash item\n+ Plus item\n* Asterisk item\n",
        "slug": "mixed-bullet-markers",
        "start_char": 0,
        "start_line": 0,
        "text_content": "Mixed bullet markers\n\nAsterisk item 1 Asterisk item 2 Dash subitem Another dash Plus at level 3 Another plus\n\nDash item Plus item Asterisk item",
        "title": "Mixed bullet markers"
      }
    ],
    "tables": []
  }
}