{
  "content": {
    "lines": [
      "# List items with multiple paragraphs",
      "",
      "1. First item starts here",
      "",
      "   First continuation paragraph",
      "",
      "   Second continuation paragraph",
      "",
      "   Third continuation paragraph",
      "",
      "2. Second item",
      "",
      "   Only one continuation",
      "",
      "3. Third item with no continuation",
      ""
    ],
    "raw": "# List items with multiple paragraphs\n\n1. First item starts here\n\n   First continuation paragraph\n\n   Second continuation paragraph\n\n   Third continuation paragraph\n\n2. Second item\n\n   Only one continuation\n\n3. Third item with no continuation\n"
  },
  "mappings": {
    "code_blocks": [],
    "code_lines": [],
    "line_to_section": {
      "0": "section_list-items-with-multiple-paragraphs",
      "1": "section_list-items-with-multiple-paragraphs",
      "10": "section_list-items-with-multiple-paragraphs",
      "11": "section_list-items-with-multiple-paragraphs",
      "12": "section_list-items-with-multiple-paragraphs",
      "13": "section_list-items-with-multiple-paragraphs",
      "14": "section_list-items-with-multiple-paragraphs",
      "15": "section_list-items-with-multiple-paragraphs",
      "2": "section_list-items-with-multiple-paragraphs",
      "3": "section_list-items-with-multiple-paragraphs",
      "4": "section_list-items-with-multiple-paragraphs",
      "5": "section_list-items-with-multiple-paragraphs",
      "6": "section_list-items-with-multiple-paragraphs",
      "7": "section_list-items-with-multiple-paragraphs",
      "8": "section_list-items-with-multiple-paragraphs",
      "9": "section_list-items-with-multiple-paragraphs"
    },
    "line_to_type": {
      "0": "prose",
      "1": "prose",
      "10": "prose",
      "11": "prose",
      "12": "prose",
      "13": "prose",
      "14": "prose",
      "15": "prose",
      "2": "prose",
      "3": "prose",
      "4": "prose",
      "5": "prose",
      "6": "prose",
      "7": "prose",
      "8": "prose",
      "9": "prose"
    },
    "prose_lines": [
      0,
      1,
      2,
      3,
      4,
      5,
      6,
      7,
      8,
      9,
      10,
      11,
      12,
      13,
      14,
      15
    ]
  },
  "metadata": {
    "has_code": false,
    "has_frontmatter": false,
    "has_lists": true,
    "has_sections": true,
    "has_tables": false,
    "node_counts": {
      "heading": 1,
      "inline": 8,
      "list_item": 3,
      "ordered_list": 1,
      "paragraph": 7,
      "root": 1,
      "text": 8
    },
    "security": {
      "profile_used": "moderate",
      "statistics": {
        "allowed_schemes": [
          "http",
          "https",
          "mailto",
          "tel"
        ],
        "confusables_present": false,
        "frontmatter_at_bof": false,
        "has_data_uri_images": false,
        "has_event_handlers": false,
        "has_html_block": false,
        "has_html_inline": false,
        "has_script": false,
        "link_schemes": {},
        "nbsp_present": false,
        "nested_headings_blocked": 0,
        "path_traversal_pattern": false,
        "ragged_tables_count": 0,
        "table_align_mismatches": 0,
        "unicode_risk_score": 0,
        "zwsp_present": false
      },
      "summary": {
        "has_dangerous_content": false,
        "ragged_tables_count": 0,
        "total_warnings": 0,
        "unicode_risk_score": 0
      },
      "warnings": []
    },
    "total_chars": 243,
    "total_lines": 16
  },
  "structure": {
    "blockquotes": [],
    "code_blocks": [],
    "footnotes": {
      "definitions": [],
      "references": []
    },
    "headings": [
      {
        "end_char": 38,
        "id": "heading_list-items-with-multiple-paragraphs",
        "level": 1,
        "line": 0,
        "parent_heading_id": null,
        "slug": "list-items-with-multiple-paragraphs",
        "start_char": 0,
        "text": "List items with multiple paragraphs"
      }
    ],
    "html_blocks": [],
    "html_inline": [],
    "images": [],
    "links": [],
    "lists": [
      {
        "end_line": 15,
        "has_mixed_task_items": false,
        "id": "list_0",
        "items": [
          {
            "blocks": [],
            "checked": null,
            "children": [],
            "text": "Third continuation paragraph"
          },
          {
            "blocks": [],
            "checked": null,
            "children": [],
            "text": "Only one continuation"
          },
          {
            "blocks": [],
            "checked": null,
            "children": [],
            "text": "Third item with no continuation"
          }
        ],
        "items_count": 3,
        "section_id": "section_list-items-with-multiple-paragraphs",
        "start_line": 2,
        "task_items_count": 0,
        "type": "ordered"
      }
    ],
    "paragraphs": [],
    "sections": [
      {
        "child_ids": [],
        "end_char": 243,
        "end_line": 15,
        "id": "section_list-items-with-multiple-paragraphs",
        "level": 1,
        "parent_id": null,
        "raw_content": "# List items with multiple paragraphs\n\n1. First item starts here\n\n   First continuation paragraph\n\n   Second continuation paragraph\n\n   Third continuation paragraph\n\n2. Second item\n\n   Only one continuation\n\n3. Third item with no continuation\n",
        "slug": "list-items-with-multiple-paragraphs",
        "start_char": 0,
        "start_line": 0,
        "text_content": "List items with multiple paragraphs\n\nFirst item starts here\n\nFirst continuation paragraph\n\nSecond continuation paragraph\n\nThird continuation paragraph\n\nSecond item\n\nOnly one continuation\n\nThird item with no continuation",
        "title": "List items with multiple paragraphs"
      }
    ],
    "tables": []
  }
}