{
  "content": {
    "lines": [
      "# Ordered list with custom start",
      "",
      "5. First item (starts at 5)",
      "6. Second item",
      "7. Third item",
      "",
      "1. New list starting at 1",
      "2. Second",
      "3. Third",
      "",
      "99. Start at 99",
      "100. Continue",
      ""
    ],
    "raw": "# Ordered list with custom start\n\n5. First item (starts at 5)\n6. Second item\n7. Third item\n\n1. New list starting at 1\n2. Second\n3. Third\n\n99. Start at 99\n100. Continue\n"
  },
  "mappings": {
    "code_blocks": [],
    "code_lines": [],
    "line_to_section": {
      "0": "section_ordered-list-with-custom-start",
      "1": "section_ordered-list-with-custom-start",
      "10": "section_ordered-list-with-custom-start",
      "11": "section_ordered-list-with-custom-start",
      "12": "section_ordered-list-with-custom-start",
      "2": "section_ordered-list-with-custom-start",
      "3": "section_ordered-list-with-custom-start",
      "4": "section_ordered-list-with-custom-start",
      "5": "section_ordered-list-with-custom-start",
      "6": "section_ordered-list-with-custom-start",
      "7": "section_ordered-list-with-custom-start",
      "8": "section_ordered-list-with-custom-start",
      "9": "section_ordered-list-with-custom-start"
    },
    "line_to_type": {
      "0": "prose",
      "1": "prose",
      "10": "prose",
      "11": "prose",
      "12": "prose",
      "2": "prose",
      "3": "prose",
      "4": "prose",
      "5": "prose",
      "6": "prose",
      "7": "prose",
      "8": "prose",
      "9": "prose"
    },
    "prose_lines": [
      0,
      1,
      2,
      3,
      4,
      5,
      6,
      7,
      8,
      9,
      10,
      11,
      12
    ]
  },
  "metadata": {
    "has_code": false,
    "has_frontmatter": false,
    "has_lists": true,
    "has_sections": true,
    "has_tables": false,
    "node_counts": {
      "heading": 1,
      "inline": 9,
      "list_item": 8,
      "ordered_list": 1,
      "paragraph": 8,
      "root": 1,
      "text": 9
    },
    "security": {
      "profile_used": "moderate",
      "statistics": {
        "allowed_schemes": [
          "http",
          "https",
          "mailto",
          "tel"
        ],
        "confusables_present": false,
        "frontmatter_at_bof": false,
        "has_data_uri_images": false,
        "has_event_handlers": false,
        "has_html_block": false,
        "has_html_inline": false,
        "has_script": false,
        "link_schemes": {},
        "nbsp_present": false,
        "nested_headings_blocked": 0,
        "path_traversal_pattern": false,
        "ragged_tables_count": 0,
        "table_align_mismatches": 0,
        "unicode_risk_score": 0,
        "zwsp_present": false
      },
      "summary": {
        "has_dangerous_content": false,
        "ragged_tables_count": 0,
        "total_warnings": 0,
        "unicode_risk_score": 0
      },
      "warnings": []
    },
    "total_chars": 168,
    "total_lines": 13
  },
  "structure": {
    "blockquotes": [],
    "code_blocks": [],
    "footnotes": {
      "definitions": [],
      "references": []
    },
    "headings": [
      {
        "end_char": 33,
        "id": "heading_ordered-list-with-custom-start",
        "level": 1,
        "line": 0,
        "parent_heading_id": null,
        "slug": "ordered-list-with-custom-start",
        "start_char": 0,
        "text": "Ordered list with custom start"
      }
    ],
    "html_blocks": [],
    "html_inline": [],
    "images": [],
    "links": [],
    "lists": [
      {
        "end_line": 12,
        "has_mixed_task_items": false,
        "id": "list_0",
        "items": [
          {
            "blocks": [],
            "checked": null,
            "children": [],
            "text": "First item (starts at 5)"
          },
          {
            "blocks": [],
            "checked": null,
            "children": [],
            "text": "Second item"
          },
          {
            "blocks": [],
            "checked": null,
            "children": [],
            "text": "Third item"
          },
          {
            "blocks": [],
            "checked": null,
            "children": [],
            "text": "New list starting at 1"
          },
          {
            "blocks": [],
            "checked": null,
            "children": [],
            "text": "Second"
          },
          {
            "blocks": [],
            "checked": null,
            "children": [],
            "text": "Third"
          },
          {
            "blocks": [],
            "checked": null,
            "children": [],
            "text": "Start at 99"
          },
          {
            "blocks": [],
            "checked": null,
            "children": [],
            "text": "Continue"
          }
        ],
        "items_count": 8,
        "section_id": "section_ordered-list-with-custom-start",
        "start_line": 2,
        "task_items_count": 0,
        "type": "ordered"
      }
    ],
    "paragraphs": [],
    "sections": [
      {
        "child_ids": [],
        "end_char": 168,
        "end_line": 12,
        "id": "section_ordered-list-with-custom-start",
        "level": 1,
        "parent_id": null,
        "raw_content": "# Ordered list with custom start\n\n5. First item (starts at 5)\n6. Second item\n7. Third item\n\n1. New list starting at 1\n2. Second\n3. Third\n\n99. Start at 99\n100. Continue\n",
        "slug": "ordered-list-with-custom-start",
        "start_char": 0,
        "start_line": 0,
        "text_content": "Ordered list with custom start\n\nFirst item (starts at 5) Second item Third item\n\nNew list starting at 1 Second Third\n\nStart at 99 Continue",
        "title": "Ordered list with custom start"
      }
    ],
    "tables": []
  }
}