{
  "content": {
    "lines": [
      "# Markdown Nested Lists and Checklists Test",
      "",
      "This file is for testing **nested unordered lists, ordered lists, and checklists** in various combinations.",
      "",
      "---",
      "",
      "## 1. Nested Unordered Lists",
      "",
      "- Level 1 - Item 1",
      "  - Level 2 - Item 1.1",
      "    - Level 3 - Item 1.1.1",
      "    - Level 3 - Item 1.1.2",
      "  - Level 2 - Item 1.2",
      "- Level 1 - Item 2",
      "  - Level 2 - Item 2.1",
      "",
      "---",
      "",
      "## 2. Nested Ordered Lists",
      "",
      "1. Step 1",
      "   1. Step 1.1",
      "      1. Step 1.1.1",
      "      2. Step 1.1.2",
      "   2. Step 1.2",
      "2. Step 2",
      "   1. Step 2.1",
      "",
      "---",
      "",
      "## 3. Mixed Unordered and Ordered Lists",
      "",
      "- Phase 1",
      "  1. Task 1.1",
      "  2. Task 1.2",
      "    - Subtask 1.2.1",
      "    - Subtask 1.2.2",
      "- Phase 2",
      "  1. Task 2.1",
      "  2. Task 2.2",
      "",
      "---",
      "",
      "## 4. Checklists with Nesting",
      "",
      "- [ ] Main Task 1",
      "  - [x] Subtask 1.1 (completed)",
      "  - [ ] Subtask 1.2 (incomplete)",
      "    - [ ] Sub-subtask 1.2.1",
      "    - [x] Sub-subtask 1.2.2",
      "- [x] Main Task 2",
      "  - [x] Subtask 2.1",
      "  - [ ] Subtask 2.2",
      "",
      "---",
      "",
      "## 5. Complex Mixed Lists with Checklists",
      "",
      "1. [x] Completed Step",
      "   - [ ] Still pending subtask",
      "   - [x] Done subtask",
      "     1. [ ] Inner numbered checklist item",
      "     2. [x] Completed inner numbered checklist item",
      "2. [ ] Incomplete Step",
      "   - [ ] Needs review",
      "   - [ ] Needs implementation",
      "",
      "---",
      ""
    ],
    "raw": "# Markdown Nested Lists and Checklists Test\n\nThis file is for testing **nested unordered lists, ordered lists, and checklists** in various combinations.\n\n---\n\n## 1. Nested Unordered Lists\n\n- Level 1 - Item 1\n  - Level 2 - Item 1.1\n    - Level 3 - Item 1.1.1\n    - Level 3 - Item 1.1.2\n  - Level 2 - Item 1.2\n- Level 1 - Item 2\n  - Level 2 - Item 2.1\n\n---\n\n## 2. Nested Ordered Lists\n\n1. Step 1\n   1. Step 1.1\n      1. Step 1.1.1\n      2. Step 1.1.2\n   2. Step 1.2\n2. Step 2\n   1. Step 2.1\n\n---\n\n## 3. Mixed Unordered and Ordered Lists\n\n- Phase 1\n  1. Task 1.1\n  2. Task 1.2\n    - Subtask 1.2.1\n    - Subtask 1.2.2\n- Phase 2\n  1. Task 2.1\n  2. Task 2.2\n\n---\n\n## 4. Checklists with Nesting\n\n- [ ] Main Task 1\n  - [x] Subtask 1.1 (completed)\n  - [ ] Subtask 1.2 (incomplete)\n    - [ ] Sub-subtask 1.2.1\n    - [x] Sub-subtask 1.2.2\n- [x] Main Task 2\n  - [x] Subtask 2.1\n  - [ ] Subtask 2.2\n\n---\n\n## 5. Complex Mixed Lists with Checklists\n\n1. [x] Completed Step\n   - [ ] Still pending subtask\n   - [x] Done subtask\n     1. [ ] Inner numbered checklist item\n     2. [x] Completed inner numbered checklist item\n2. [ ] Incomplete Step\n   - [ ] Needs review\n   - [ ] Needs implementation\n\n---\n"
  },
  "mappings": {
    "code_blocks": [],
    "code_lines": [
      10,
      11,
      22,
      23,
      35,
      36,
      48,
      49,
      61,
      62
    ],
    "line_to_section": {
      "0": "section_markdown-nested-lists-and-checklists-test",
      "1": "section_markdown-nested-lists-and-checklists-test",
      "10": "section_1-nested-unordered-lists",
      "11": "section_1-nested-unordered-lists",
      "12": "section_1-nested-unordered-lists",
      "13": "section_1-nested-unordered-lists",
      "14": "section_1-nested-unordered-lists",
      "15": "section_1-nested-unordered-lists",
      "16": "section_1-nested-unordered-lists",
      "17": "section_1-nested-unordered-lists",
      "18": "section_2-nested-ordered-lists",
      "19": "section_2-nested-ordered-lists",
      "2": "section_markdown-nested-lists-and-checklists-test",
      "20": "section_2-nested-ordered-lists",
      "21": "section_2-nested-ordered-lists",
      "22": "section_2-nested-ordered-lists",
      "23": "section_2-nested-ordered-lists",
      "24": "section_2-nested-ordered-lists",
      "25": "section_2-nested-ordered-lists",
      "26": "section_2-nested-ordered-lists",
      "27": "section_2-nested-ordered-lists",
      "28": "section_2-nested-ordered-lists",
      "29": "section_2-nested-ordered-lists",
      "3": "section_markdown-nested-lists-and-checklists-test",
      "30": "section_3-mixed-unordered-and-ordered-lists",
      "31": "section_3-mixed-unordered-and-ordered-lists",
      "32": "section_3-mixed-unordered-and-ordered-lists",
      "33": "section_3-mixed-unordered-and-ordered-lists",
      "34": "section_3-mixed-unordered-and-ordered-lists",
      "35": "section_3-mixed-unordered-and-ordered-lists",
      "36": "section_3-mixed-unordered-and-ordered-lists",
      "37": "section_3-mixed-unordered-and-ordered-lists",
      "38": "section_3-mixed-unordered-and-ordered-lists",
      "39": "section_3-mixed-unordered-and-ordered-lists",
      "4": "section_markdown-nested-lists-and-checklists-test",
      "40": "section_3-mixed-unordered-and-ordered-lists",
      "41": "section_3-mixed-unordered-and-ordered-lists",
      "42": "section_3-mixed-unordered-and-ordered-lists",
      "43": "section_4-checklists-with-nesting",
      "44": "section_4-checklists-with-nesting",
      "45": "section_4-checklists-with-nesting",
      "46": "section_4-checklists-with-nesting",
      "47": "section_4-checklists-with-nesting",
      "48": "section_4-checklists-with-nesting",
      "49": "section_4-checklists-with-nesting",
      "5": "section_markdown-nested-lists-and-checklists-test",
      "50": "section_4-checklists-with-nesting",
      "51": "section_4-checklists-with-nesting",
      "52": "section_4-checklists-with-nesting",
      "53": "section_4-checklists-with-nesting",
      "54": "section_4-checklists-with-nesting",
      "55": "section_4-checklists-with-nesting",
      "56": "section_5-complex-mixed-lists-with-checklists",
      "57": "section_5-complex-mixed-lists-with-checklists",
      "58": "section_5-complex-mixed-lists-with-checklists",
      "59": "section_5-complex-mixed-lists-with-checklists",
      "6": "section_1-nested-unordered-lists",
      "60": "section_5-complex-mixed-lists-with-checklists",
      "61": "section_5-complex-mixed-lists-with-checklists",
      "62": "section_5-complex-mixed-lists-with-checklists",
      "63": "section_5-complex-mixed-lists-with-checklists",
      "64": "section_5-complex-mixed-lists-with-checklists",
      "65": "section_5-complex-mixed-lists-with-checklists",
      "66": "section_5-complex-mixed-lists-with-checklists",
      "67": "section_5-complex-mixed-lists-with-checklists",
      "68": "section_5-complex-mixed-lists-with-checklists",
      "7": "section_1-nested-unordered-lists",
      "8": "section_1-nested-unordered-lists",
      "9": "section_1-nested-unordered-lists"
    },
    "line_to_type": {
      "0": "prose",
      "1": "prose",
      "10": "code",
      "11": "code",
      "12": "prose",
      "13": "prose",
      "14": "prose",
      "15": "prose",
      "16": "prose",
      "17": "prose",
      "18": "prose",
      "19": "prose",
      "2": "prose",
      "20": "prose",
      "21": "prose",
      "22": "code",
      "23": "code",
      "24": "prose",
      "25": "prose",
      "26": "prose",
      "27": "prose",
      "28": "prose",
      "29": "prose",
      "3": "prose",
      "30": "prose",
      "31": "prose",
      "32": "prose",
      "33": "prose",
      "34": "prose",
      "35": "code",
      "36": "code",
      "37": "prose",
      "38": "prose",
      "39": "prose",
      "4": "prose",
      "40": "prose",
      "41": "prose",
      "42": "prose",
      "43": "prose",
      "44": "prose",
      "45": "prose",
      "46": "prose",
      "47": "prose",
      "48": "code",
      "49": "code",
      "5": "prose",
      "50": "prose",
      "51": "prose",
      "52": "prose",
      "53": "prose",
      "54": "prose",
      "55": "prose",
      "56": "prose",
      "57": "prose",
      "58": "prose",
      "59": "prose",
      "6": "prose",
      "60": "prose",
      "61": "code",
      "62": "code",
      "63": "prose",
      "64": "prose",
      "65": "prose",
      "66": "prose",
      "67": "prose",
      "68": "prose",
      "7": "prose",
      "8": "prose",
      "9": "prose"
    },
    "prose_lines": [
      0,
      1,
      2,
      3,
      4,
      5,
      6,
      7,
      8,
      9,
      12,
      13,
      14,
      15,
      16,
      17,
      18,
      19,
      20,
      21,
      24,
      25,
      26,
      27,
      28,
      29,
      30,
      31,
      32,
      33,
      34,
      37,
      38,
      39,
      40,
      41,
      42,
      43,
      44,
      45,
      46,
      47,
      50,
      51,
      52,
      53,
      54,
      55,
      56,
      57,
      58,
      59,
      60,
      63,
      64,
      65,
      66,
      67,
      68
    ]
  },
  "metadata": {
    "has_code": false,
    "has_frontmatter": false,
    "has_lists": true,
    "has_sections": true,
    "has_tables": false,
    "node_counts": {
      "bullet_list": 12,
      "heading": 6,
      "hr": 6,
      "inline": 45,
      "list_item": 38,
      "ordered_list": 8,
      "paragraph": 39,
      "root": 1,
      "strong": 1,
      "text": 47
    },
    "security": {
      "profile_used": "moderate",
      "statistics": {
        "allowed_schemes": [
          "http",
          "https",
          "mailto",
          "tel"
        ],
        "confusables_present": false,
        "frontmatter_at_bof": false,
        "has_data_uri_images": false,
        "has_event_handlers": false,
        "has_html_block": false,
        "has_html_inline": false,
        "has_script": false,
        "link_schemes": {},
        "nbsp_present": false,
        "nested_headings_blocked": 0,
        "path_traversal_pattern": false,
        "ragged_tables_count": 0,
        "table_align_mismatches": 0,
        "unicode_risk_score": 0,
        "zwsp_present": false
      },
      "summary": {
        "has_dangerous_content": false,
        "ragged_tables_count": 0,
        "total_warnings": 0,
        "unicode_risk_score": 0
      },
      "warnings": []
    },
    "total_chars": 1184,
    "total_lines": 69
  },
  "structure": {
    "blockquotes": [],
    "code_blocks": [
      {
        "content": "- Level 3 - Item 1.1.1\n- Level 3 - Item 1.1.2",
        "end_line": 11,
        "id": "code_0",
        "language": "",
        "section_id": "section_markdown-nested-lists-and-checklists-test",
        "start_line": 10,
        "type": "indented"
      },
      {
        "content": "  1. Step 1.1.1\n  2. Step 1.1.2",
        "end_line": 23,
        "id": "code_1",
        "language": "",
        "section_id": "section_markdown-nested-lists-and-checklists-test",
        "start_line": 22,
        "type": "indented"
      },
      {
        "content": "- Subtask 1.2.1\n- Subtask 1.2.2",
        "end_line": 36,
        "id": "code_2",
        "language": "",
        "section_id": "section_markdown-nested-lists-and-checklists-test",
        "start_line": 35,
        "type": "indented"
      },
      {
        "content": "- [ ] Sub-subtask 1.2.1\n- [x] Sub-subtask 1.2.2",
        "end_line": 49,
        "id": "code_3",
        "language": "",
        "section_id": "section_markdown-nested-lists-and-checklists-test",
        "start_line": 48,
        "type": "indented"
      },
      {
        "content": " 1. [ ] Inner numbered checklist item\n 2. [x] Completed inner numbered checklist item",
        "end_line": 62,
        "id": "code_4",
        "language": "",
        "section_id": "section_markdown-nested-lists-and-checklists-test",
        "start_line": 61,
        "type": "indented"
      }
    ],
    "footnotes": {
      "definitions": [],
      "references": []
    },
    "headings": [
      {
        "end_char": 44,
        "id": "heading_markdown-nested-lists-and-checklists-test",
        "level": 1,
        "line": 0,
        "parent_heading_id": null,
        "slug": "markdown-nested-lists-and-checklists-test",
        "start_char": 0,
        "text": "Markdown Nested Lists and Checklists Test"
      },
      {
        "end_char": 188,
        "id": "heading_1-nested-unordered-lists",
        "level": 2,
        "line": 6,
        "parent_heading_id": "heading_markdown-nested-lists-and-checklists-test",
        "slug": "1-nested-unordered-lists",
        "start_char": 159,
        "text": "1. Nested Unordered Lists"
      },
      {
        "end_char": 383,
        "id": "heading_2-nested-ordered-lists",
        "level": 2,
        "line": 18,
        "parent_heading_id": "heading_markdown-nested-lists-and-checklists-test",
        "slug": "2-nested-ordered-lists",
        "start_char": 356,
        "text": "2. Nested Ordered Lists"
      },
      {
        "end_char": 535,
        "id": "heading_3-mixed-unordered-and-ordered-lists",
        "level": 2,
        "line": 30,
        "parent_heading_id": "heading_markdown-nested-lists-and-checklists-test",
        "slug": "3-mixed-unordered-and-ordered-lists",
        "start_char": 495,
        "text": "3. Mixed Unordered and Ordered Lists"
      },
      {
        "end_char": 688,
        "id": "heading_4-checklists-with-nesting",
        "level": 2,
        "line": 43,
        "parent_heading_id": "heading_markdown-nested-lists-and-checklists-test",
        "slug": "4-checklists-with-nesting",
        "start_char": 658,
        "text": "4. Checklists with Nesting"
      },
      {
        "end_char": 934,
        "id": "heading_5-complex-mixed-lists-with-checklists",
        "level": 2,
        "line": 56,
        "parent_heading_id": "heading_markdown-nested-lists-and-checklists-test",
        "slug": "5-complex-mixed-lists-with-checklists",
        "start_char": 892,
        "text": "5. Complex Mixed Lists with Checklists"
      }
    ],
    "html_blocks": [],
    "html_inline": [],
    "images": [],
    "links": [],
    "lists": [
      {
        "end_line": 16,
        "has_mixed_task_items": false,
        "id": "list_0",
        "items": [
          {
            "blocks": [],
            "checked": null,
            "children": [
              {
                "blocks": [],
                "checked": null,
                "children": [
                  {
                    "blocks": [],
                    "checked": null,
                    "children": [],
                    "text": "Level 3 - Item 1.1.1"
                  },
                  {
                    "blocks": [],
                    "checked": null,
                    "children": [],
                    "text": "Level 3 - Item 1.1.2"
                  }
                ],
                "text": "Level 2 - Item 1.1"
              },
              {
                "blocks": [],
                "checked": null,
                "children": [],
                "text": "Level 2 - Item 1.2"
              }
            ],
            "text": "Level 1 - Item 1"
          },
          {
            "blocks": [],
            "checked": null,
            "children": [
              {
                "blocks": [],
                "checked": null,
                "children": [],
                "text": "Level 2 - Item 2.1"
              }
            ],
            "text": "Level 1 - Item 2"
          }
        ],
        "items_count": 2,
        "section_id": "section_markdown-nested-lists-and-checklists-test",
        "start_line": 8,
        "task_items_count": 0,
        "type": "bullet"
      },
      {
        "end_line": 28,
        "has_mixed_task_items": false,
        "id": "list_1",
        "items": [
          {
            "blocks": [],
            "checked": null,
            "children": [
              {
                "blocks": [],
                "checked": null,
                "children": [
                  {
                    "blocks": [],
                    "checked": null,
                    "children": [],
                    "text": "Step 1.1.1"
                  },
                  {
                    "blocks": [],
                    "checked": null,
                    "children": [],
                    "text": "Step 1.1.2"
                  }
                ],
                "text": "Step 1.1"
              },
              {
                "blocks": [],
                "checked": null,
                "children": [],
                "text": "Step 1.2"
              }
            ],
            "text": "Step 1"
          },
          {
            "blocks": [],
            "checked": null,
            "children": [
              {
                "blocks": [],
                "checked": null,
                "children": [],
                "text": "Step 2.1"
              }
            ],
            "text": "Step 2"
          }
        ],
        "items_count": 2,
        "section_id": "section_markdown-nested-lists-and-checklists-test",
        "start_line": 20,
        "task_items_count": 0,
        "type": "ordered"
      },
      {
        "end_line": 41,
        "has_mixed_task_items": false,
        "id": "list_2",
        "items": [
          {
            "blocks": [],
            "checked": null,
            "children": [
              {
                "blocks": [],
                "checked": null,
                "children": [],
                "text": "Subtask 1.2.1"
              },
              {
                "blocks": [],
                "checked": null,
                "children": [],
                "text": "Subtask 1.2.2"
              }
            ],
            "text": "Phase 1"
          },
          {
            "blocks": [],
            "checked": null,
            "children": [
              {
                "blocks": [],
                "checked": null,
                "children": [],
                "text": "Task 2.1"
              },
              {
                "blocks": [],
                "checked": null,
                "children": [],
                "text": "Task 2.2"
              }
            ],
            "text": "Phase 2"
          }
        ],
        "items_count": 2,
        "section_id": "section_markdown-nested-lists-and-checklists-test",
        "start_line": 32,
        "task_items_count": 0,
        "type": "bullet"
      },
      {
        "end_line": 54,
        "has_mixed_task_items": false,
        "id": "list_3",
        "items": [
          {
            "blocks": [],
            "checked": false,
            "children": [
              {
                "blocks": [],
                "checked": true,
                "children": [],
                "text": "Subtask 1.1 (completed)"
              },
              {
                "blocks": [],
                "checked": false,
                "children": [
                  {
                    "blocks": [],
                    "checked": false,
                    "children": [],
                    "text": "Sub-subtask 1.2.1"
                  },
                  {
                    "blocks": [],
                    "checked": true,
                    "children": [],
                    "text": "Sub-subtask 1.2.2"
                  }
                ],
                "text": "Subtask 1.2 (incomplete)"
              }
            ],
            "text": "Main Task 1"
          },
          {
            "blocks": [],
            "checked": true,
            "children": [
              {
                "blocks": [],
                "checked": true,
                "children": [],
                "text": "Subtask 2.1"
              },
              {
                "blocks": [],
                "checked": false,
                "children": [],
                "text": "Subtask 2.2"
              }
            ],
            "text": "Main Task 2"
          }
        ],
        "items_count": 2,
        "section_id": "section_markdown-nested-lists-and-checklists-test",
        "start_line": 45,
        "task_items_count": 2,
        "type": "bullet"
      },
      {
        "end_line": 67,
        "has_mixed_task_items": false,
        "id": "list_4",
        "items": [
          {
            "blocks": [],
            "checked": true,
            "children": [
              {
                "blocks": [],
                "checked": false,
                "children": [],
                "text": "Still pending subtask"
              },
              {
                "blocks": [],
                "checked": true,
                "children": [
                  {
                    "blocks": [],
                    "checked": false,
                    "children": [],
                    "text": "Inner numbered checklist item"
                  },
                  {
                    "blocks": [],
                    "checked": true,
                    "children": [],
                    "text": "Completed inner numbered checklist item"
                  }
                ],
                "text": "Done subtask"
              }
            ],
            "text": "Completed Step"
          },
          {
            "blocks": [],
            "checked": false,
            "children": [
              {
                "blocks": [],
                "checked": false,
                "children": [],
                "text": "Needs review"
              },
              {
                "blocks": [],
                "checked": false,
                "children": [],
                "text": "Needs implementation"
              }
            ],
            "text": "Incomplete Step"
          }
        ],
        "items_count": 2,
        "section_id": "section_markdown-nested-lists-and-checklists-test",
        "start_line": 58,
        "task_items_count": 2,
        "type": "ordered"
      }
    ],
    "paragraphs": [
      {
        "end_line": 3,
        "has_code": false,
        "has_emphasis": true,
        "has_links": false,
        "id": "para_0",
        "section_id": "section_markdown-nested-lists-and-checklists-test",
        "start_line": 2,
        "text": "This file is for testing nested unordered lists, ordered lists, and checklists in various combinations.",
        "word_count": 15
      }
    ],
    "sections": [
      {
        "child_ids": [
          "section_1-nested-unordered-lists",
          "section_2-nested-ordered-lists",
          "section_3-mixed-unordered-and-ordered-lists",
          "section_4-checklists-with-nesting",
          "section_5-complex-mixed-lists-with-checklists"
        ],
        "end_char": 1184,
        "end_line": 68,
        "id": "section_markdown-nested-lists-and-checklists-test",
        "level": 1,
        "parent_id": null,
        "raw_content": "# Markdown Nested Lists and Checklists Test\n\nThis file is for testing **nested unordered lists, ordered lists, and checklists** in various combinations.\n\n---\n\n## 1. Nested Unordered Lists\n\n- Level 1 - Item 1\n  - Level 2 - Item 1.1\n    - Level 3 - Item 1.1.1\n    - Level 3 - Item 1.1.2\n  - Level 2 - Item 1.2\n- Level 1 - Item 2\n  - Level 2 - Item 2.1\n\n---\n\n## 2. Nested Ordered Lists\n\n1. Step 1\n   1. Step 1.1\n      1. Step 1.1.1\n      2. Step 1.1.2\n   2. Step 1.2\n2. Step 2\n   1. Step 2.1\n\n---\n\n## 3. Mixed Unordered and Ordered Lists\n\n- Phase 1\n  1. Task 1.1\n  2. Task 1.2\n    - Subtask 1.2.1\n    - Subtask 1.2.2\n- Phase 2\n  1. Task 2.1\n  2. Task 2.2\n\n---\n\n## 4. Checklists with Nesting\n\n- [ ] Main Task 1\n  - [x] Subtask 1.1 (completed)\n  - [ ] Subtask 1.2 (incomplete)\n    - [ ] Sub-subtask 1.2.1\n    - [x] Sub-subtask 1.2.2\n- [x] Main Task 2\n  - [x] Subtask 2.1\n  - [ ] Subtask 2.2\n\n---\n\n## 5. Complex Mixed Lists with Checklists\n\n1. [x] Completed Step\n   - [ ] Still pending subtask\n   - [x] Done subtask\n     1. [ ] Inner numbered checklist item\n     2. [x] Completed inner numbered checklist item\n2. [ ] Incomplete Step\n   - [ ] Needs review\n   - [ ] Needs implementation\n\n---\n",
        "slug": "markdown-nested-lists-and-checklists-test",
        "start_char": 0,
        "start_line": 0,
        "text_content": "Markdown Nested Lists and Checklists Test\n\nThis file is for testing nested unordered lists, ordered lists, and checklists in various combinations.\n\n1. Nested Unordered Lists\n\nLevel 1 - Item 1 Level 2 - Item 1.1 Level 3 - Item 1.1.1 Level 3 - Item 1.1.2 Level 2 - Item 1.2 Level 1 - Item 2 Level 2 - Item 2.1\n\n2. Nested Ordered Lists\n\nStep 1 Step 1.1 Step 1.1.1 Step 1.1.2 Step 1.2 Step 2 Step 2.1\n\n3. Mixed Unordered and Ordered Lists\n\nPhase 1 Task 1.1 Task 1.2 Subtask 1.2.1 Subtask 1.2.2 Phase 2 Task 2.1 Task 2.2\n\n4. Checklists with Nesting\n\n[ ] Main Task 1 [x] Subtask 1.1 (completed) [ ] Subtask 1.2 (incomplete) [ ] Sub-subtask 1.2.1 [x] Sub-subtask 1.2.2 [x] Main Task 2 [x] Subtask 2.1 [ ] Subtask 2.2\n\n5. Complex Mixed Lists with Checklists\n\n[x] Completed Step [ ] Still pending subtask [x] Done subtask [ ] Inner numbered checklist item [x] Completed inner numbered checklist item [ ] Incomplete Step [ ] Needs review [ ] Needs implementation",
        "title": "Markdown Nested Lists and Checklists Test"
      },
      {
        "child_ids": [],
        "end_char": 356,
        "end_line": 17,
        "id": "section_1-nested-unordered-lists",
        "level": 2,
        "parent_id": "section_markdown-nested-lists-and-checklists-test",
        "raw_content": "## 1. Nested Unordered Lists\n\n- Level 1 - Item 1\n  - Level 2 - Item 1.1\n    - Level 3 - Item 1.1.1\n    - Level 3 - Item 1.1.2\n  - Level 2 - Item 1.2\n- Level 1 - Item 2\n  - Level 2 - Item 2.1\n\n---\n",
        "slug": "1-nested-unordered-lists",
        "start_char": 159,
        "start_line": 6,
        "text_content": "1. Nested Unordered Lists\n\nLevel 1 - Item 1 Level 2 - Item 1.1 Level 3 - Item 1.1.1 Level 3 - Item 1.1.2 Level 2 - Item 1.2 Level 1 - Item 2 Level 2 - Item 2.1",
        "title": "1. Nested Unordered Lists"
      },
      {
        "child_ids": [],
        "end_char": 495,
        "end_line": 29,
        "id": "section_2-nested-ordered-lists",
        "level": 2,
        "parent_id": "section_markdown-nested-lists-and-checklists-test",
        "raw_content": "## 2. Nested Ordered Lists\n\n1. Step 1\n   1. Step 1.1\n      1. Step 1.1.1\n      2. Step 1.1.2\n   2. Step 1.2\n2. Step 2\n   1. Step 2.1\n\n---\n",
        "slug": "2-nested-ordered-lists",
        "start_char": 356,
        "start_line": 18,
        "text_content": "2. Nested Ordered Lists\n\nStep 1 Step 1.1 Step 1.1.1 Step 1.1.2 Step 1.2 Step 2 Step 2.1",
        "title": "2. Nested Ordered Lists"
      },
      {
        "child_ids": [],
        "end_char": 658,
        "end_line": 42,
        "id": "section_3-mixed-unordered-and-ordered-lists",
        "level": 2,
        "parent_id": "section_markdown-nested-lists-and-checklists-test",
        "raw_content": "## 3. Mixed Unordered and Ordered Lists\n\n- Phase 1\n  1. Task 1.1\n  2. Task 1.2\n    - Subtask 1.2.1\n    - Subtask 1.2.2\n- Phase 2\n  1. Task 2.1\n  2. Task 2.2\n\n---\n",
        "slug": "3-mixed-unordered-and-ordered-lists",
        "start_char": 495,
        "start_line": 30,
        "text_content": "3. Mixed Unordered and Ordered Lists\n\nPhase 1 Task 1.1 Task 1.2 Subtask 1.2.1 Subtask 1.2.2 Phase 2 Task 2.1 Task 2.2",
        "title": "3. Mixed Unordered and Ordered Lists"
      },
      {
        "child_ids": [],
        "end_char": 892,
        "end_line": 55,
        "id": "section_4-checklists-with-nesting",
        "level": 2,
        "parent_id": "section_markdown-nested-lists-and-checklists-test",
        "raw_content": "## 4. Checklists with Nesting\n\n- [ ] Main Task 1\n  - [x] Subtask 1.1 (completed)\n  - [ ] Subtask 1.2 (incomplete)\n    - [ ] Sub-subtask 1.2.1\n    - [x] Sub-subtask 1.2.2\n- [x] Main Task 2\n  - [x] Subtask 2.1\n  - [ ] Subtask 2.2\n\n---\n",
        "slug": "4-checklists-with-nesting",
        "start_char": 658,
        "start_line": 43,
        "text_content": "4. Checklists with Nesting\n\n[ ] Main Task 1 [x] Subtask 1.1 (completed) [ ] Subtask 1.2 (incomplete) [ ] Sub-subtask 1.2.1 [x] Sub-subtask 1.2.2 [x] Main Task 2 [x] Subtask 2.1 [ ] Subtask 2.2",
        "title": "4. Checklists with Nesting"
      },
      {
        "child_ids": [],
        "end_char": 1184,
        "end_line": 68,
        "id": "section_5-complex-mixed-lists-with-checklists",
        "level": 2,
        "parent_id": "section_markdown-nested-lists-and-checklists-test",
        "raw_content": "## 5. Complex Mixed Lists with Checklists\n\n1. [x] Completed Step\n   - [ ] Still pending subtask\n   - [x] Done subtask\n     1. [ ] Inner numbered checklist item\n     2. [x] Completed inner numbered checklist item\n2. [ ] Incomplete Step\n   - [ ] Needs review\n   - [ ] Needs implementation\n\n---\n",
        "slug": "5-complex-mixed-lists-with-checklists",
        "start_char": 892,
        "start_line": 56,
        "text_content": "5. Complex Mixed Lists with Checklists\n\n[x] Completed Step [ ] Still pending subtask [x] Done subtask [ ] Inner numbered checklist item [x] Completed inner numbered checklist item [ ] Incomplete Step [ ] Needs review [ ] Needs implementation",
        "title": "5. Complex Mixed Lists with Checklists"
      }
    ],
    "tables": []
  }
}