{
  "content": {
    "lines": [
      "# Test: tbl_clean_2x2",
      "",
      "| A | B |",
      "|---|---|",
      "| 1 | 2 |",
      "| 3 | 4 |",
      "Paragraph.",
      ""
    ],
    "raw": "# Test: tbl_clean_2x2\n\n| A | B |\n|---|---|\n| 1 | 2 |\n| 3 | 4 |\nParagraph.\n"
  },
  "mappings": {
    "code_blocks": [],
    "code_lines": [],
    "line_to_section": {
      "0": "section_test-tbl_clean_2x2",
      "1": "section_test-tbl_clean_2x2",
      "2": "section_test-tbl_clean_2x2",
      "3": "section_test-tbl_clean_2x2",
      "4": "section_test-tbl_clean_2x2",
      "5": "section_test-tbl_clean_2x2",
      "6": "section_test-tbl_clean_2x2",
      "7": "section_test-tbl_clean_2x2"
    },
    "line_to_type": {
      "0": "prose",
      "1": "prose",
      "2": "prose",
      "3": "prose",
      "4": "prose",
      "5": "prose",
      "6": "prose",
      "7": "prose"
    },
    "prose_lines": [
      0,
      1,
      2,
      3,
      4,
      5,
      6,
      7
    ]
  },
  "metadata": {
    "has_code": false,
    "has_frontmatter": false,
    "has_lists": false,
    "has_sections": true,
    "has_tables": true,
    "node_counts": {
      "heading": 1,
      "inline": 9,
      "root": 1,
      "table": 1,
      "tbody": 1,
      "td": 6,
      "text": 8,
      "th": 2,
      "thead": 1,
      "tr": 4
    },
    "quarantine_reasons": [
      "ragged_tables:1"
    ],
    "quarantined": true,
    "security": {
      "profile_used": "moderate",
      "statistics": {
        "allowed_schemes": [
          "http",
          "https",
          "mailto",
          "tel"
        ],
        "confusables_present": false,
        "frontmatter_at_bof": false,
        "has_data_uri_images": false,
        "has_event_handlers": false,
        "has_html_block": false,
        "has_html_inline": false,
        "has_script": false,
        "link_schemes": {},
        "nbsp_present": false,
        "nested_headings_blocked": 0,
        "path_traversal_pattern": false,
        "ragged_tables_count": 1,
        "table_align_mismatches": 0,
        "unicode_risk_score": 0,
        "zwsp_present": false
      },
      "summary": {
        "has_dangerous_content": true,
        "ragged_tables_count": 1,
        "total_warnings": 1,
        "unicode_risk_score": 0
      },
      "warnings": [
        {
          "line": 2,
          "message": "Table has inconsistent column counts",
          "type": "ragged_table"
        }
      ]
    },
    "total_chars": 74,
    "total_lines": 8
  },
  "structure": {
    "blockquotes": [],
    "code_blocks": [],
    "footnotes": {
      "definitions": [],
      "references": []
    },
    "headings": [
      {
        "end_char": 22,
        "id": "heading_test-tbl_clean_2x2",
        "level": 1,
        "line": 0,
        "parent_heading_id": null,
        "slug": "test-tbl_clean_2x2",
        "start_char": 0,
        "text": "Test: tbl_clean_2x2"
      }
    ],
    "html_blocks": [],
    "html_inline": [],
    "images": [],
    "links": [],
    "lists": [],
    "paragraphs": [],
    "sections": [
      {
        "child_ids": [],
        "end_char": 74,
        "end_line": 7,
        "id": "section_test-tbl_clean_2x2",
        "level": 1,
        "parent_id": null,
        "raw_content": "# Test: tbl_clean_2x2\n\n| A | B |\n|---|---|\n| 1 | 2 |\n| 3 | 4 |\nParagraph.\n",
        "slug": "test-tbl_clean_2x2",
        "start_char": 0,
        "start_line": 0,
        "text_content": "Test: tbl_clean_2x2\n\nAB\n\n12 34 Paragraph.",
        "title": "Test: tbl_clean_2x2"
      }
    ],
    "tables": [
      {
        "align": [
          "left",
          "left"
        ],
        "align_meta": {
          "heuristic": true
        },
        "align_mismatch": false,
        "column_count": 2,
        "end_line": 7,
        "headers": [
          "A",
          "B"
        ],
        "id": "table_0",
        "is_ragged": true,
        "is_ragged_meta": {
          "heuristic": true
        },
        "row_count": 3,
        "rows": [
          [
            "1",
            "2"
          ],
          [
            "3",
            "4"
          ],
          [
            "Paragraph.",
            ""
          ]
        ],
        "section_id": "section_test-tbl_clean_2x2",
        "start_line": 2
      }
    ]
  }
}