{
  "content": {
    "lines": [
      "> - [x] Done",
      "> - [ ] Todo",
      ">   1. Step A",
      ">   2. Step B",
      ""
    ],
    "raw": "> - [x] Done\n> - [ ] Todo\n>   1. Step A\n>   2. Step B\n"
  },
  "mappings": {
    "code_blocks": [],
    "code_lines": [],
    "line_to_section": {},
    "line_to_type": {
      "0": "prose",
      "1": "prose",
      "2": "prose",
      "3": "prose",
      "4": "prose"
    },
    "prose_lines": [
      0,
      1,
      2,
      3,
      4
    ]
  },
  "metadata": {
    "has_code": false,
    "has_frontmatter": false,
    "has_lists": true,
    "has_sections": false,
    "has_tables": false,
    "node_counts": {
      "blockquote": 1,
      "bullet_list": 1,
      "inline": 4,
      "list_item": 4,
      "ordered_list": 1,
      "paragraph": 4,
      "root": 1,
      "text": 4
    },
    "security": {
      "profile_used": "moderate",
      "statistics": {
        "allowed_schemes": [
          "http",
          "https",
          "mailto",
          "tel"
        ],
        "confusables_present": false,
        "frontmatter_at_bof": false,
        "has_data_uri_images": false,
        "has_event_handlers": false,
        "has_html_block": false,
        "has_html_inline": false,
        "has_script": false,
        "link_schemes": {},
        "nbsp_present": false,
        "nested_headings_blocked": 0,
        "path_traversal_pattern": false,
        "ragged_tables_count": 0,
        "table_align_mismatches": 0,
        "unicode_risk_score": 0,
        "zwsp_present": false
      },
      "summary": {
        "has_dangerous_content": false,
        "ragged_tables_count": 0,
        "total_warnings": 0,
        "unicode_risk_score": 0
      },
      "warnings": []
    },
    "total_chars": 54,
    "total_lines": 5
  },
  "structure": {
    "blockquotes": [
      {
        "children_blocks": [
          {
            "end_line": 4,
            "start_line": 0,
            "type": "bullet_list"
          },
          {
            "end_line": 4,
            "start_line": 2,
            "type": "ordered_list"
          }
        ],
        "children_summary": {
          "code": 0,
          "lists": 2,
          "tables": 0
        },
        "content": "[x] Done[ ] TodoStep AStep B",
        "end_line": 4,
        "section_id": null,
        "start_line": 0
      }
    ],
    "code_blocks": [],
    "footnotes": {
      "definitions": [],
      "references": []
    },
    "headings": [],
    "html_blocks": [],
    "html_inline": [],
    "images": [],
    "links": [],
    "lists": [
      {
        "end_line": 4,
        "has_mixed_task_items": false,
        "id": "list_0",
        "items": [
          {
            "blocks": [],
            "checked": true,
            "children": [],
            "text": "Done"
          },
          {
            "blocks": [],
            "checked": false,
            "children": [
              {
                "blocks": [],
                "checked": null,
                "children": [],
                "text": "Step A"
              },
              {
                "blocks": [],
                "checked": null,
                "children": [],
                "text": "Step B"
              }
            ],
            "text": "Todo"
          }
        ],
        "items_count": 2,
        "section_id": null,
        "start_line": 0,
        "task_items_count": 2,
        "type": "bullet"
      }
    ],
    "paragraphs": [],
    "sections": [],
    "tables": []
  }
}