{
  "content": {
    "lines": [
      "# Empty blockquote test",
      "",
      ">",
      "",
      ">",
      "",
      "Normal paragraph after empty quotes.",
      ""
    ],
    "raw": "# Empty blockquote test\n\n>\n\n>\n\nNormal paragraph after empty quotes.\n"
  },
  "mappings": {
    "code_blocks": [],
    "code_lines": [],
    "line_to_section": {
      "0": "section_empty-blockquote-test",
      "1": "section_empty-blockquote-test",
      "2": "section_empty-blockquote-test",
      "3": "section_empty-blockquote-test",
      "4": "section_empty-blockquote-test",
      "5": "section_empty-blockquote-test",
      "6": "section_empty-blockquote-test",
      "7": "section_empty-blockquote-test"
    },
    "line_to_type": {
      "0": "prose",
      "1": "prose",
      "2": "prose",
      "3": "prose",
      "4": "prose",
      "5": "prose",
      "6": "prose",
      "7": "prose"
    },
    "prose_lines": [
      0,
      1,
      2,
      3,
      4,
      5,
      6,
      7
    ]
  },
  "metadata": {
    "has_code": false,
    "has_frontmatter": false,
    "has_lists": false,
    "has_sections": true,
    "has_tables": false,
    "node_counts": {
      "blockquote": 2,
      "heading": 1,
      "inline": 2,
      "paragraph": 1,
      "root": 1,
      "text": 2
    },
    "security": {
      "profile_used": "moderate",
      "statistics": {
        "allowed_schemes": [
          "http",
          "https",
          "mailto",
          "tel"
        ],
        "confusables_present": false,
        "frontmatter_at_bof": false,
        "has_data_uri_images": false,
        "has_event_handlers": false,
        "has_html_block": false,
        "has_html_inline": false,
        "has_script": false,
        "link_schemes": {},
        "nbsp_present": false,
        "nested_headings_blocked": 0,
        "path_traversal_pattern": false,
        "ragged_tables_count": 0,
        "table_align_mismatches": 0,
        "unicode_risk_score": 0,
        "zwsp_present": false
      },
      "summary": {
        "has_dangerous_content": false,
        "ragged_tables_count": 0,
        "total_warnings": 0,
        "unicode_risk_score": 0
      },
      "warnings": []
    },
    "total_chars": 68,
    "total_lines": 8
  },
  "structure": {
    "blockquotes": [
      {
        "children_blocks": [],
        "children_summary": {
          "code": 0,
          "lists": 0,
          "tables": 0
        },
        "content": "",
        "end_line": 4,
        "section_id": "section_empty-blockquote-test",
        "start_line": 2
      },
      {
        "children_blocks": [],
        "children_summary": {
          "code": 0,
          "lists": 0,
          "tables": 0
        },
        "content": "",
        "end_line": 6,
        "section_id": "section_empty-blockquote-test",
        "start_line": 4
      }
    ],
    "code_blocks": [],
    "footnotes": {
      "definitions": [],
      "references": []
    },
    "headings": [
      {
        "end_char": 24,
        "id": "heading_empty-blockquote-test",
        "level": 1,
        "line": 0,
        "parent_heading_id": null,
        "slug": "empty-blockquote-test",
        "start_char": 0,
        "text": "Empty blockquote test"
      }
    ],
    "html_blocks": [],
    "html_inline": [],
    "images": [],
    "links": [],
    "lists": [],
    "paragraphs": [
      {
        "end_line": 7,
        "has_code": false,
        "has_emphasis": false,
        "has_links": false,
        "id": "para_0",
        "section_id": "section_empty-blockquote-test",
        "start_line": 6,
        "text": "Normal paragraph after empty quotes.",
        "word_count": 5
      }
    ],
    "sections": [
      {
        "child_ids": [],
        "end_char": 68,
        "end_line": 7,
        "id": "section_empty-blockquote-test",
        "level": 1,
        "parent_id": null,
        "raw_content": "# Empty blockquote test\n\n>\n\n>\n\nNormal paragraph after empty quotes.\n",
        "slug": "empty-blockquote-test",
        "start_char": 0,
        "start_line": 0,
        "text_content": "Empty blockquote test\n\nNormal paragraph after empty quotes.",
        "title": "Empty blockquote test"
      }
    ],
    "tables": []
  }
}