{
  "content": {
    "lines": [
      "# Test: 16_unclosed_fence_followed_by_hashes",
      "",
      "```",
      "# should be code not heading",
      "## also code",
      "",
      "# after-but-still-in-code-due-to-missing-fence",
      ""
    ],
    "raw": "# Test: 16_unclosed_fence_followed_by_hashes\n\n```\n# should be code not heading\n## also code\n\n# after-but-still-in-code-due-to-missing-fence\n"
  },
  "mappings": {
    "code_blocks": [],
    "code_lines": [
      2,
      3,
      4,
      5,
      6,
      7
    ],
    "line_to_section": {
      "0": "section_test-16_unclosed_fence_followed_by_hashes",
      "1": "section_test-16_unclosed_fence_followed_by_hashes",
      "2": "section_test-16_unclosed_fence_followed_by_hashes",
      "3": "section_test-16_unclosed_fence_followed_by_hashes",
      "4": "section_test-16_unclosed_fence_followed_by_hashes",
      "5": "section_test-16_unclosed_fence_followed_by_hashes",
      "6": "section_test-16_unclosed_fence_followed_by_hashes",
      "7": "section_test-16_unclosed_fence_followed_by_hashes"
    },
    "line_to_type": {
      "0": "prose",
      "1": "prose",
      "2": "code",
      "3": "code",
      "4": "code",
      "5": "code",
      "6": "code",
      "7": "code"
    },
    "prose_lines": [
      0,
      1
    ]
  },
  "metadata": {
    "has_code": true,
    "has_frontmatter": false,
    "has_lists": false,
    "has_sections": true,
    "has_tables": false,
    "node_counts": {
      "fence": 1,
      "heading": 1,
      "inline": 1,
      "root": 1,
      "text": 1
    },
    "security": {
      "profile_used": "moderate",
      "statistics": {
        "allowed_schemes": [
          "http",
          "https",
          "mailto",
          "tel"
        ],
        "confusables_present": false,
        "frontmatter_at_bof": false,
        "has_data_uri_images": false,
        "has_event_handlers": false,
        "has_html_block": false,
        "has_html_inline": false,
        "has_script": false,
        "link_schemes": {},
        "nbsp_present": false,
        "nested_headings_blocked": 0,
        "path_traversal_pattern": false,
        "ragged_tables_count": 0,
        "table_align_mismatches": 0,
        "unicode_risk_score": 0,
        "zwsp_present": false
      },
      "summary": {
        "has_dangerous_content": false,
        "ragged_tables_count": 0,
        "total_warnings": 0,
        "unicode_risk_score": 0
      },
      "warnings": []
    },
    "total_chars": 140,
    "total_lines": 8
  },
  "structure": {
    "blockquotes": [],
    "code_blocks": [
      {
        "content": "# should be code not heading\n## also code\n\n# after-but-still-in-code-due-to-missing-fence\n",
        "end_line": 7,
        "id": "code_0",
        "language": "",
        "section_id": "section_test-16_unclosed_fence_followed_by_hashes",
        "start_line": 2,
        "type": "fenced"
      }
    ],
    "footnotes": {
      "definitions": [],
      "references": []
    },
    "headings": [
      {
        "end_char": 45,
        "id": "heading_test-16_unclosed_fence_followed_by_hashes",
        "level": 1,
        "line": 0,
        "parent_heading_id": null,
        "slug": "test-16_unclosed_fence_followed_by_hashes",
        "start_char": 0,
        "text": "Test: 16_unclosed_fence_followed_by_hashes"
      }
    ],
    "html_blocks": [],
    "html_inline": [],
    "images": [],
    "links": [],
    "lists": [],
    "paragraphs": [],
    "sections": [
      {
        "child_ids": [],
        "end_char": 140,
        "end_line": 7,
        "id": "section_test-16_unclosed_fence_followed_by_hashes",
        "level": 1,
        "parent_id": null,
        "raw_content": "# Test: 16_unclosed_fence_followed_by_hashes\n\n```\n# should be code not heading\n## also code\n\n# after-but-still-in-code-due-to-missing-fence\n",
        "slug": "test-16_unclosed_fence_followed_by_hashes",
        "start_char": 0,
        "start_line": 0,
        "text_content": "Test: 16_unclosed_fence_followed_by_hashes",
        "title": "Test: 16_unclosed_fence_followed_by_hashes"
      }
    ],
    "tables": []
  }
}