{
  "content": {
    "lines": [
      "# Test: 18_four_space_indent_invalid",
      "",
      "### Looks like H3 but is code",
      "Next line",
      ""
    ],
    "raw": "# Test: 18_four_space_indent_invalid\n\n### Looks like H3 but is code\nNext line\n"
  },
  "mappings": {
    "code_blocks": [],
    "code_lines": [],
    "line_to_section": {
      "0": "section_test-18_four_space_indent_invalid",
      "1": "section_test-18_four_space_indent_invalid",
      "2": "section_looks-like-h3-but-is-code",
      "3": "section_looks-like-h3-but-is-code",
      "4": "section_looks-like-h3-but-is-code"
    },
    "line_to_type": {
      "0": "prose",
      "1": "prose",
      "2": "prose",
      "3": "prose",
      "4": "prose"
    },
    "prose_lines": [
      0,
      1,
      2,
      3,
      4
    ]
  },
  "metadata": {
    "has_code": false,
    "has_frontmatter": false,
    "has_lists": false,
    "has_sections": true,
    "has_tables": false,
    "node_counts": {
      "heading": 2,
      "inline": 3,
      "paragraph": 1,
      "root": 1,
      "text": 3
    },
    "security": {
      "profile_used": "moderate",
      "statistics": {
        "allowed_schemes": [
          "http",
          "https",
          "mailto",
          "tel"
        ],
        "confusables_present": false,
        "frontmatter_at_bof": false,
        "has_data_uri_images": false,
        "has_event_handlers": false,
        "has_html_block": false,
        "has_html_inline": false,
        "has_script": false,
        "link_schemes": {},
        "nbsp_present": false,
        "nested_headings_blocked": 0,
        "path_traversal_pattern": false,
        "ragged_tables_count": 0,
        "table_align_mismatches": 0,
        "unicode_risk_score": 0,
        "zwsp_present": false
      },
      "summary": {
        "has_dangerous_content": false,
        "ragged_tables_count": 0,
        "total_warnings": 0,
        "unicode_risk_score": 0
      },
      "warnings": []
    },
    "total_chars": 78,
    "total_lines": 5
  },
  "structure": {
    "blockquotes": [],
    "code_blocks": [],
    "footnotes": {
      "definitions": [],
      "references": []
    },
    "headings": [
      {
        "end_char": 37,
        "id": "heading_test-18_four_space_indent_invalid",
        "level": 1,
        "line": 0,
        "parent_heading_id": null,
        "slug": "test-18_four_space_indent_invalid",
        "start_char": 0,
        "text": "Test: 18_four_space_indent_invalid"
      },
      {
        "end_char": 68,
        "id": "heading_looks-like-h3-but-is-code",
        "level": 3,
        "line": 2,
        "parent_heading_id": "heading_test-18_four_space_indent_invalid",
        "slug": "looks-like-h3-but-is-code",
        "start_char": 38,
        "text": "Looks like H3 but is code"
      }
    ],
    "html_blocks": [],
    "html_inline": [],
    "images": [],
    "links": [],
    "lists": [],
    "paragraphs": [
      {
        "end_line": 4,
        "has_code": false,
        "has_emphasis": false,
        "has_links": false,
        "id": "para_0",
        "section_id": "section_test-18_four_space_indent_invalid",
        "start_line": 3,
        "text": "Next line",
        "word_count": 2
      }
    ],
    "sections": [
      {
        "child_ids": [
          "section_looks-like-h3-but-is-code"
        ],
        "end_char": 78,
        "end_line": 4,
        "id": "section_test-18_four_space_indent_invalid",
        "level": 1,
        "parent_id": null,
        "raw_content": "# Test: 18_four_space_indent_invalid\n\n### Looks like H3 but is code\nNext line\n",
        "slug": "test-18_four_space_indent_invalid",
        "start_char": 0,
        "start_line": 0,
        "text_content": "Test: 18_four_space_indent_invalid\n\nLooks like H3 but is code Next line",
        "title": "Test: 18_four_space_indent_invalid"
      },
      {
        "child_ids": [],
        "end_char": 78,
        "end_line": 4,
        "id": "section_looks-like-h3-but-is-code",
        "level": 3,
        "parent_id": "section_test-18_four_space_indent_invalid",
        "raw_content": "### Looks like H3 but is code\nNext line\n",
        "slug": "looks-like-h3-but-is-code",
        "start_char": 38,
        "start_line": 2,
        "text_content": "Looks like H3 but is code Next line",
        "title": "Looks like H3 but is code"
      }
    ],
    "tables": []
  }
}