{
  "content": {
    "lines": [
      "# Test: 22_html_h1_not_markdown",
      "",
      "<h1>HTML Heading</h1>",
      "Paragraph.",
      ""
    ],
    "raw": "# Test: 22_html_h1_not_markdown\n\n<h1>HTML Heading</h1>\nParagraph.\n"
  },
  "mappings": {
    "code_blocks": [],
    "code_lines": [],
    "line_to_section": {
      "0": "section_test-22_html_h1_not_markdown",
      "1": "section_test-22_html_h1_not_markdown",
      "2": "section_test-22_html_h1_not_markdown",
      "3": "section_test-22_html_h1_not_markdown",
      "4": "section_test-22_html_h1_not_markdown"
    },
    "line_to_type": {
      "0": "prose",
      "1": "prose",
      "2": "prose",
      "3": "prose",
      "4": "prose"
    },
    "prose_lines": [
      0,
      1,
      2,
      3,
      4
    ]
  },
  "metadata": {
    "has_code": false,
    "has_frontmatter": false,
    "has_lists": false,
    "has_sections": true,
    "has_tables": false,
    "node_counts": {
      "heading": 1,
      "html_block": 1,
      "inline": 1,
      "root": 1,
      "text": 1
    },
    "security": {
      "profile_used": "moderate",
      "statistics": {
        "allowed_schemes": [
          "http",
          "https",
          "mailto",
          "tel"
        ],
        "confusables_present": false,
        "frontmatter_at_bof": false,
        "has_data_uri_images": false,
        "has_event_handlers": false,
        "has_html_block": true,
        "has_html_inline": false,
        "has_script": false,
        "html_disallowed": true,
        "link_schemes": {},
        "nbsp_present": false,
        "nested_headings_blocked": 0,
        "path_traversal_pattern": false,
        "ragged_tables_count": 0,
        "table_align_mismatches": 0,
        "unicode_risk_score": 0,
        "zwsp_present": false
      },
      "summary": {
        "has_dangerous_content": true,
        "ragged_tables_count": 0,
        "total_warnings": 1,
        "unicode_risk_score": 0
      },
      "warnings": [
        {
          "blocks": 1,
          "inline": 0,
          "message": "HTML present but not allowed by configuration",
          "type": "html_disallowed"
        }
      ]
    },
    "security_policies_applied": [
      "stripped_1_html_blocks"
    ],
    "total_chars": 66,
    "total_lines": 5
  },
  "structure": {
    "blockquotes": [],
    "code_blocks": [],
    "footnotes": {
      "definitions": [],
      "references": []
    },
    "headings": [
      {
        "end_char": 32,
        "id": "heading_test-22_html_h1_not_markdown",
        "level": 1,
        "line": 0,
        "parent_heading_id": null,
        "slug": "test-22_html_h1_not_markdown",
        "start_char": 0,
        "text": "Test: 22_html_h1_not_markdown"
      }
    ],
    "html_blocks": [],
    "html_inline": [],
    "images": [],
    "links": [],
    "lists": [],
    "paragraphs": [],
    "sections": [
      {
        "child_ids": [],
        "end_char": 66,
        "end_line": 4,
        "id": "section_test-22_html_h1_not_markdown",
        "level": 1,
        "parent_id": null,
        "raw_content": "# Test: 22_html_h1_not_markdown\n\n<h1>HTML Heading</h1>\nParagraph.\n",
        "slug": "test-22_html_h1_not_markdown",
        "start_char": 0,
        "start_line": 0,
        "text_content": "Test: 22_html_h1_not_markdown",
        "title": "Test: 22_html_h1_not_markdown"
      }
    ],
    "tables": []
  }
}