{
  "content": {
    "lines": [
      "# Test: 23_yaml_block_with_hashes",
      "",
      "---",
      "title: \"# not a heading\"",
      "section: \"## also not a heading\"",
      "---",
      "Content after.",
      ""
    ],
    "raw": "# Test: 23_yaml_block_with_hashes\n\n---\ntitle: \"# not a heading\"\nsection: \"## also not a heading\"\n---\nContent after.\n"
  },
  "mappings": {
    "code_blocks": [],
    "code_lines": [],
    "line_to_section": {
      "0": "section_test-23_yaml_block_with_hashes",
      "1": "section_test-23_yaml_block_with_hashes",
      "2": "section_test-23_yaml_block_with_hashes",
      "3": "section_title-not-a-heading-section-also-not-a-heading",
      "4": "section_title-not-a-heading-section-also-not-a-heading",
      "5": "section_title-not-a-heading-section-also-not-a-heading",
      "6": "section_title-not-a-heading-section-also-not-a-heading",
      "7": "section_title-not-a-heading-section-also-not-a-heading"
    },
    "line_to_type": {
      "0": "prose",
      "1": "prose",
      "2": "prose",
      "3": "prose",
      "4": "prose",
      "5": "prose",
      "6": "prose",
      "7": "prose"
    },
    "prose_lines": [
      0,
      1,
      2,
      3,
      4,
      5,
      6,
      7
    ]
  },
  "metadata": {
    "has_code": false,
    "has_frontmatter": false,
    "has_lists": false,
    "has_sections": true,
    "has_tables": false,
    "node_counts": {
      "heading": 2,
      "hr": 1,
      "inline": 3,
      "paragraph": 1,
      "root": 1,
      "softbreak": 1,
      "text": 4
    },
    "security": {
      "profile_used": "moderate",
      "statistics": {
        "allowed_schemes": [
          "http",
          "https",
          "mailto",
          "tel"
        ],
        "confusables_present": false,
        "frontmatter_at_bof": false,
        "has_data_uri_images": false,
        "has_event_handlers": false,
        "has_html_block": false,
        "has_html_inline": false,
        "has_script": false,
        "link_schemes": {},
        "nbsp_present": false,
        "nested_headings_blocked": 0,
        "path_traversal_pattern": false,
        "ragged_tables_count": 0,
        "table_align_mismatches": 0,
        "unicode_risk_score": 0,
        "zwsp_present": false
      },
      "summary": {
        "has_dangerous_content": false,
        "ragged_tables_count": 0,
        "total_warnings": 0,
        "unicode_risk_score": 0
      },
      "warnings": []
    },
    "total_chars": 116,
    "total_lines": 8
  },
  "structure": {
    "blockquotes": [],
    "code_blocks": [],
    "footnotes": {
      "definitions": [],
      "references": []
    },
    "headings": [
      {
        "end_char": 34,
        "id": "heading_test-23_yaml_block_with_hashes",
        "level": 1,
        "line": 0,
        "parent_heading_id": null,
        "slug": "test-23_yaml_block_with_hashes",
        "start_char": 0,
        "text": "Test: 23_yaml_block_with_hashes"
      },
      {
        "end_char": 64,
        "id": "heading_title-not-a-heading-section-also-not-a-heading",
        "level": 1,
        "line": 3,
        "parent_heading_id": null,
        "slug": "title-not-a-heading-section-also-not-a-heading",
        "start_char": 39,
        "text": "title: \"# not a heading\"\nsection: \"## also not a heading\""
      }
    ],
    "html_blocks": [],
    "html_inline": [],
    "images": [],
    "links": [],
    "lists": [],
    "paragraphs": [
      {
        "end_line": 7,
        "has_code": false,
        "has_emphasis": false,
        "has_links": false,
        "id": "para_0",
        "section_id": "section_title-not-a-heading-section-also-not-a-heading",
        "start_line": 6,
        "text": "Content after.",
        "word_count": 2
      }
    ],
    "sections": [
      {
        "child_ids": [],
        "end_char": 39,
        "end_line": 2,
        "id": "section_test-23_yaml_block_with_hashes",
        "level": 1,
        "parent_id": null,
        "raw_content": "# Test: 23_yaml_block_with_hashes\n\n---",
        "slug": "test-23_yaml_block_with_hashes",
        "start_char": 0,
        "start_line": 0,
        "text_content": "Test: 23_yaml_block_with_hashes",
        "title": "Test: 23_yaml_block_with_hashes"
      },
      {
        "child_ids": [],
        "end_char": 116,
        "end_line": 7,
        "id": "section_title-not-a-heading-section-also-not-a-heading",
        "level": 1,
        "parent_id": null,
        "raw_content": "title: \"# not a heading\"\nsection: \"## also not a heading\"\n---\nContent after.\n",
        "slug": "title-not-a-heading-section-also-not-a-heading",
        "start_char": 39,
        "start_line": 3,
        "text_content": "title: \"# not a heading\"\nsection: \"## also not a heading\"\n\nContent after.",
        "title": "title: \"# not a heading\"\nsection: \"## also not a heading\""
      }
    ],
    "tables": []
  }
}