{
  "content": {
    "lines": [
      "# Test: 29_list_text_hash_at_start_of_item",
      "",
      "- # Legit in list",
      "  text",
      "- item",
      ""
    ],
    "raw": "# Test: 29_list_text_hash_at_start_of_item\n\n- # Legit in list\n  text\n- item\n"
  },
  "mappings": {
    "code_blocks": [],
    "code_lines": [],
    "line_to_section": {
      "0": "section_test-29_list_text_hash_at_start_of_item",
      "1": "section_test-29_list_text_hash_at_start_of_item",
      "2": "section_legit-in-list",
      "3": "section_legit-in-list",
      "4": "section_legit-in-list",
      "5": "section_legit-in-list"
    },
    "line_to_type": {
      "0": "prose",
      "1": "prose",
      "2": "prose",
      "3": "prose",
      "4": "prose",
      "5": "prose"
    },
    "prose_lines": [
      0,
      1,
      2,
      3,
      4,
      5
    ]
  },
  "metadata": {
    "has_code": false,
    "has_frontmatter": false,
    "has_lists": true,
    "has_sections": true,
    "has_tables": false,
    "node_counts": {
      "bullet_list": 1,
      "heading": 2,
      "inline": 4,
      "list_item": 2,
      "paragraph": 2,
      "root": 1,
      "text": 4
    },
    "security": {
      "profile_used": "moderate",
      "statistics": {
        "allowed_schemes": [
          "http",
          "https",
          "mailto",
          "tel"
        ],
        "confusables_present": false,
        "frontmatter_at_bof": false,
        "has_data_uri_images": false,
        "has_event_handlers": false,
        "has_html_block": false,
        "has_html_inline": false,
        "has_script": false,
        "link_schemes": {},
        "nbsp_present": false,
        "nested_headings_blocked": 0,
        "path_traversal_pattern": false,
        "ragged_tables_count": 0,
        "table_align_mismatches": 0,
        "unicode_risk_score": 0,
        "zwsp_present": false
      },
      "summary": {
        "has_dangerous_content": false,
        "ragged_tables_count": 0,
        "total_warnings": 0,
        "unicode_risk_score": 0
      },
      "warnings": []
    },
    "total_chars": 76,
    "total_lines": 6
  },
  "structure": {
    "blockquotes": [],
    "code_blocks": [],
    "footnotes": {
      "definitions": [],
      "references": []
    },
    "headings": [
      {
        "end_char": 43,
        "id": "heading_test-29_list_text_hash_at_start_of_item",
        "level": 1,
        "line": 0,
        "parent_heading_id": null,
        "slug": "test-29_list_text_hash_at_start_of_item",
        "start_char": 0,
        "text": "Test: 29_list_text_hash_at_start_of_item"
      }
    ],
    "html_blocks": [],
    "html_inline": [],
    "images": [],
    "links": [],
    "lists": [
      {
        "end_line": 5,
        "has_mixed_task_items": false,
        "id": "list_0",
        "items": [
          {
            "blocks": [],
            "checked": null,
            "children": [],
            "text": "text"
          },
          {
            "blocks": [],
            "checked": null,
            "children": [],
            "text": "item"
          }
        ],
        "items_count": 2,
        "section_id": "section_legit-in-list",
        "start_line": 2,
        "task_items_count": 0,
        "type": "bullet"
      }
    ],
    "paragraphs": [],
    "sections": [
      {
        "child_ids": [],
        "end_char": 44,
        "end_line": 1,
        "id": "section_test-29_list_text_hash_at_start_of_item",
        "level": 1,
        "parent_id": null,
        "raw_content": "# Test: 29_list_text_hash_at_start_of_item\n",
        "slug": "test-29_list_text_hash_at_start_of_item",
        "start_char": 0,
        "start_line": 0,
        "text_content": "Test: 29_list_text_hash_at_start_of_item",
        "title": "Test: 29_list_text_hash_at_start_of_item"
      },
      {
        "child_ids": [],
        "end_char": 76,
        "end_line": 5,
        "id": "section_legit-in-list",
        "level": 1,
        "parent_id": null,
        "raw_content": "- # Legit in list\n  text\n- item\n",
        "slug": "legit-in-list",
        "start_char": 44,
        "start_line": 2,
        "text_content": "Legit in list text item",
        "title": "Legit in list"
      }
    ],
    "tables": []
  }
}