{
  "content": {
    "lines": [
      "# Refactored admonitions 01",
      "Title",
      "=====",
      "",
      "Sub",
      "----",
      "",
      "",
      "",
      ":::note",
      "This is a callout that some parsers ignore.",
      ":::",
      "",
      "",
      "",
      "Term 1",
      ": Definition 1",
      "",
      "Term 2",
      ": Definition 2 with *emphasis*",
      "",
      "",
      "",
      "```{mermaid}",
      "graph TD",
      "  A --> B",
      "```",
      "",
      "",
      "[file1](file:///C:/Temp/1.txt) [bad2](ht!tp://broken^2) [cross3](./admonitions_02.md#sec0) [ext4](https://example.com/4) [mail5](mailto:user5@example.com) [file6](file:///C:/Temp/6.txt)",
      ""
    ],
    "raw": "# Refactored admonitions 01\nTitle\n=====\n\nSub\n----\n\n\n\n:::note\nThis is a callout that some parsers ignore.\n:::\n\n\n\nTerm 1\n: Definition 1\n\nTerm 2\n: Definition 2 with *emphasis*\n\n\n\n```{mermaid}\ngraph TD\n  A --> B\n```\n\n\n[file1](file:///C:/Temp/1.txt) [bad2](ht!tp://broken^2) [cross3](./admonitions_02.md#sec0) [ext4](https://example.com/4) [mail5](mailto:user5@example.com) [file6](file:///C:/Temp/6.txt)\n"
  },
  "mappings": {
    "code_blocks": [],
    "code_lines": [
      23,
      24,
      25,
      26,
      27
    ],
    "line_to_section": {
      "0": "section_refactored-admonitions-01",
      "1": "section_title",
      "10": "section_sub",
      "11": "section_sub",
      "12": "section_sub",
      "13": "section_sub",
      "14": "section_sub",
      "15": "section_sub",
      "16": "section_sub",
      "17": "section_sub",
      "18": "section_sub",
      "19": "section_sub",
      "2": "section_title",
      "20": "section_sub",
      "21": "section_sub",
      "22": "section_sub",
      "23": "section_sub",
      "24": "section_sub",
      "25": "section_sub",
      "26": "section_sub",
      "27": "section_sub",
      "28": "section_sub",
      "29": "section_sub",
      "3": "section_title",
      "30": "section_sub",
      "4": "section_sub",
      "5": "section_sub",
      "6": "section_sub",
      "7": "section_sub",
      "8": "section_sub",
      "9": "section_sub"
    },
    "line_to_type": {
      "0": "prose",
      "1": "prose",
      "10": "prose",
      "11": "prose",
      "12": "prose",
      "13": "prose",
      "14": "prose",
      "15": "prose",
      "16": "prose",
      "17": "prose",
      "18": "prose",
      "19": "prose",
      "2": "prose",
      "20": "prose",
      "21": "prose",
      "22": "prose",
      "23": "code",
      "24": "code",
      "25": "code",
      "26": "code",
      "27": "code",
      "28": "prose",
      "29": "prose",
      "3": "prose",
      "30": "prose",
      "4": "prose",
      "5": "prose",
      "6": "prose",
      "7": "prose",
      "8": "prose",
      "9": "prose"
    },
    "prose_lines": [
      0,
      1,
      2,
      3,
      4,
      5,
      6,
      7,
      8,
      9,
      10,
      11,
      12,
      13,
      14,
      15,
      16,
      17,
      18,
      19,
      20,
      21,
      22,
      28,
      29,
      30
    ]
  },
  "metadata": {
    "embedding_block_reason": "Raw content contains disallowed link schemes",
    "embedding_blocked": true,
    "frontmatter": {
      "id": "ref_admonitions_01",
      "note": "admonitions-case",
      "title": "Refactored admonitions 01"
    },
    "has_code": true,
    "has_frontmatter": true,
    "has_lists": false,
    "has_sections": true,
    "has_tables": false,
    "node_counts": {
      "em": 1,
      "fence": 1,
      "heading": 3,
      "inline": 7,
      "link": 4,
      "paragraph": 4,
      "root": 1,
      "softbreak": 4,
      "text": 20
    },
    "security": {
      "link_disallowed_schemes_raw": true,
      "profile_used": "moderate",
      "statistics": {
        "allowed_schemes": [
          "http",
          "https",
          "mailto",
          "tel"
        ],
        "confusables_present": false,
        "frontmatter_at_bof": true,
        "has_data_uri_images": false,
        "has_event_handlers": false,
        "has_html_block": false,
        "has_html_inline": false,
        "has_script": false,
        "link_schemes": {
          "https": 1,
          "mailto": 1,
          "relative": 2
        },
        "nbsp_present": false,
        "nested_headings_blocked": 0,
        "path_traversal_pattern": true,
        "ragged_tables_count": 0,
        "raw_dangerous_schemes": true,
        "table_align_mismatches": 0,
        "unicode_risk_score": 0,
        "zwsp_present": false
      },
      "summary": {
        "has_dangerous_content": true,
        "ragged_tables_count": 0,
        "total_warnings": 4,
        "unicode_risk_score": 0
      },
      "warnings": [
        {
          "line": 29,
          "message": "Link contains path traversal pattern",
          "type": "path_traversal",
          "url": "ht!tp://broken%5E2"
        },
        {
          "line": 29,
          "message": "Link contains path traversal pattern",
          "type": "path_traversal",
          "url": "https://example.com/4"
        },
        {
          "message": "Raw content contains potentially dangerous scheme: file:",
          "type": "disallowed_schemes_raw"
        },
        {
          "message": "Dangerous scheme \"file:\" found in raw content",
          "scheme": "file",
          "type": "raw_dangerous_scheme"
        }
      ]
    },
    "security_policies_applied": [
      "embedding_blocked_schemes_raw",
      "dropped_1_unsafe_links"
    ],
    "total_chars": 400,
    "total_lines": 31
  },
  "structure": {
    "blockquotes": [],
    "code_blocks": [
      {
        "content": "graph TD\n  A --> B\n",
        "end_line": 27,
        "id": "code_0",
        "language": "{mermaid}",
        "section_id": "section_sub",
        "start_line": 23,
        "type": "fenced"
      }
    ],
    "footnotes": {
      "definitions": [],
      "references": []
    },
    "headings": [
      {
        "end_char": 28,
        "id": "heading_refactored-admonitions-01",
        "level": 1,
        "line": 0,
        "parent_heading_id": null,
        "slug": "refactored-admonitions-01",
        "start_char": 0,
        "text": "Refactored admonitions 01"
      },
      {
        "end_char": 34,
        "id": "heading_title",
        "level": 1,
        "line": 1,
        "parent_heading_id": null,
        "slug": "title",
        "start_char": 28,
        "text": "Title"
      },
      {
        "end_char": 45,
        "id": "heading_sub",
        "level": 1,
        "line": 4,
        "parent_heading_id": null,
        "slug": "sub",
        "start_char": 41,
        "text": "Sub"
      }
    ],
    "html_blocks": [],
    "html_inline": [],
    "images": [],
    "links": [
      {
        "allowed": true,
        "line": 29,
        "scheme": null,
        "text": "cross3",
        "type": "internal",
        "url": "./admonitions_02.md#sec0"
      },
      {
        "allowed": true,
        "line": 29,
        "scheme": "https",
        "text": "ext4",
        "type": "external",
        "url": "https://example.com/4"
      },
      {
        "allowed": true,
        "line": 29,
        "scheme": "mailto",
        "text": "mail5",
        "type": "email",
        "url": "mailto:user5@example.com"
      }
    ],
    "lists": [],
    "paragraphs": [
      {
        "end_line": 12,
        "has_code": false,
        "has_emphasis": false,
        "has_links": false,
        "id": "para_0",
        "section_id": "section_sub",
        "start_line": 9,
        "text": ":::note\nThis is a callout that some parsers ignore.\n:::",
        "word_count": 10
      },
      {
        "end_line": 17,
        "has_code": false,
        "has_emphasis": false,
        "has_links": false,
        "id": "para_1",
        "section_id": "section_sub",
        "start_line": 15,
        "text": "Term 1\n: Definition 1",
        "word_count": 5
      },
      {
        "end_line": 20,
        "has_code": false,
        "has_emphasis": true,
        "has_links": false,
        "id": "para_2",
        "section_id": "section_sub",
        "start_line": 18,
        "text": "Term 2\n: Definition 2 with emphasis",
        "word_count": 7
      },
      {
        "end_line": 30,
        "has_code": false,
        "has_emphasis": false,
        "has_links": true,
        "id": "para_3",
        "section_id": "section_sub",
        "start_line": 29,
        "text": "[file1](file:///C:/Temp/1.txt) bad2 cross3 ext4 mail5 [file6](file:///C:/Temp/6.txt)",
        "word_count": 6
      }
    ],
    "sections": [
      {
        "child_ids": [],
        "end_char": 28,
        "end_line": 0,
        "id": "section_refactored-admonitions-01",
        "level": 1,
        "parent_id": null,
        "raw_content": "# Refactored admonitions 01",
        "slug": "refactored-admonitions-01",
        "start_char": 0,
        "start_line": 0,
        "text_content": "Refactored admonitions 01",
        "title": "Refactored admonitions 01"
      },
      {
        "child_ids": [],
        "end_char": 41,
        "end_line": 3,
        "id": "section_title",
        "level": 1,
        "parent_id": null,
        "raw_content": "Title\n=====\n",
        "slug": "title",
        "start_char": 28,
        "start_line": 1,
        "text_content": "Title",
        "title": "Title"
      },
      {
        "child_ids": [],
        "end_char": 400,
        "end_line": 30,
        "id": "section_sub",
        "level": 1,
        "parent_id": null,
        "raw_content": "Sub\n----\n\n\n\n:::note\nThis is a callout that some parsers ignore.\n:::\n\n\n\nTerm 1\n: Definition 1\n\nTerm 2\n: Definition 2 with *emphasis*\n\n\n\n```{mermaid}\ngraph TD\n  A --> B\n```\n\n\n[file1](file:///C:/Temp/1.txt) [bad2](ht!tp://broken^2) [cross3](./admonitions_02.md#sec0) [ext4](https://example.com/4) [mail5](mailto:user5@example.com) [file6](file:///C:/Temp/6.txt)\n",
        "slug": "sub",
        "start_char": 41,
        "start_line": 4,
        "text_content": "Sub\n\n:::note\nThis is a callout that some parsers ignore.\n:::\n\nTerm 1\n: Definition 1\n\nTerm 2\n: Definition 2 with emphasis\n\n[file1](file:///C:/Temp/1.txt) bad2 cross3 ext4 mail5 [file6](file:///C:/Temp/6.txt)",
        "title": "Sub"
      }
    ],
    "tables": []
  }
}