{
  "content": {
    "lines": [
      "+++",
      "title = \"Refactored clean 05\"",
      "id = \"ref_clean_05\"",
      "note = \"clean-case\"",
      "+++",
      "# Refactored clean 05",
      "",
      "A simple paragraph with alpha whiskey november lima zulu uniform delta zulu foxtrot charlie whiskey alpha.",
      "",
      "- list level 1",
      "  * list level 2",
      "    - list level 3",
      "      * list level 4",
      "            code in list",
      "",
      "| H1 | H2 | H3 | H4 |",
      "|:--:|:---|:---|:--:|",
      "| 1:1 uniform mike sierra | 1:2 hotel bravo november | 1:3 victor | 1:4 kilo romeo |",
      "| 2:1 papa xray | 2:2 charlie | 2:3 charlie | 2:4 victor echo lima |",
      "| 3:1 sierra mike | 3:2 alpha | 3:3 hotel bravo romeo | 3:4 delta uniform mike |",
      "",
      "[file1](file:///C:/Temp/1.txt) [bad2](ht!tp://broken^2) [cross3](./clean_01.md#sec0) [ext4](https://example.com/4) [mail5](mailto:user5@example.com) [file6](file:///C:/Temp/6.txt) [bad7](ht!tp://broken^7) [cross8](./clean_01.md#sec2)",
      ""
    ],
    "raw": "+++\ntitle = \"Refactored clean 05\"\nid = \"ref_clean_05\"\nnote = \"clean-case\"\n+++\n# Refactored clean 05\n\nA simple paragraph with alpha whiskey november lima zulu uniform delta zulu foxtrot charlie whiskey alpha.\n\n- list level 1\n  * list level 2\n    - list level 3\n      * list level 4\n            code in list\n\n| H1 | H2 | H3 | H4 |\n|:--:|:---|:---|:--:|\n| 1:1 uniform mike sierra | 1:2 hotel bravo november | 1:3 victor | 1:4 kilo romeo |\n| 2:1 papa xray | 2:2 charlie | 2:3 charlie | 2:4 victor echo lima |\n| 3:1 sierra mike | 3:2 alpha | 3:3 hotel bravo romeo | 3:4 delta uniform mike |\n\n[file1](file:///C:/Temp/1.txt) [bad2](ht!tp://broken^2) [cross3](./clean_01.md#sec0) [ext4](https://example.com/4) [mail5](mailto:user5@example.com) [file6](file:///C:/Temp/6.txt) [bad7](ht!tp://broken^7) [cross8](./clean_01.md#sec2)\n"
  },
  "mappings": {
    "code_blocks": [],
    "code_lines": [
      11,
      12,
      13,
      14
    ],
    "line_to_section": {
      "10": "section_refactored-clean-05",
      "11": "section_refactored-clean-05",
      "12": "section_refactored-clean-05",
      "13": "section_refactored-clean-05",
      "14": "section_refactored-clean-05",
      "15": "section_refactored-clean-05",
      "16": "section_refactored-clean-05",
      "17": "section_refactored-clean-05",
      "18": "section_refactored-clean-05",
      "19": "section_refactored-clean-05",
      "20": "section_refactored-clean-05",
      "21": "section_refactored-clean-05",
      "22": "section_refactored-clean-05",
      "5": "section_refactored-clean-05",
      "6": "section_refactored-clean-05",
      "7": "section_refactored-clean-05",
      "8": "section_refactored-clean-05",
      "9": "section_refactored-clean-05"
    },
    "line_to_type": {
      "0": "prose",
      "1": "prose",
      "10": "prose",
      "11": "code",
      "12": "code",
      "13": "code",
      "14": "code",
      "15": "prose",
      "16": "prose",
      "17": "prose",
      "18": "prose",
      "19": "prose",
      "2": "prose",
      "20": "prose",
      "21": "prose",
      "22": "prose",
      "3": "prose",
      "4": "prose",
      "5": "prose",
      "6": "prose",
      "7": "prose",
      "8": "prose",
      "9": "prose"
    },
    "prose_lines": [
      0,
      1,
      2,
      3,
      4,
      5,
      6,
      7,
      8,
      9,
      10,
      15,
      16,
      17,
      18,
      19,
      20,
      21,
      22
    ]
  },
  "metadata": {
    "embedding_block_reason": "Raw content contains disallowed link schemes",
    "embedding_blocked": true,
    "has_code": false,
    "has_frontmatter": false,
    "has_lists": true,
    "has_sections": true,
    "has_tables": true,
    "node_counts": {
      "bullet_list": 4,
      "heading": 1,
      "inline": 24,
      "link": 6,
      "list_item": 4,
      "paragraph": 7,
      "root": 1,
      "softbreak": 5,
      "table": 1,
      "tbody": 1,
      "td": 12,
      "text": 40,
      "th": 4,
      "thead": 1,
      "tr": 4
    },
    "security": {
      "link_disallowed_schemes_raw": true,
      "profile_used": "moderate",
      "statistics": {
        "allowed_schemes": [
          "http",
          "https",
          "mailto",
          "tel"
        ],
        "confusables_present": false,
        "frontmatter_at_bof": false,
        "has_data_uri_images": false,
        "has_event_handlers": false,
        "has_html_block": false,
        "has_html_inline": false,
        "has_script": false,
        "link_schemes": {
          "https": 1,
          "mailto": 1,
          "relative": 4
        },
        "nbsp_present": false,
        "nested_headings_blocked": 0,
        "path_traversal_pattern": true,
        "ragged_tables_count": 0,
        "raw_dangerous_schemes": true,
        "table_align_mismatches": 0,
        "unicode_risk_score": 0,
        "zwsp_present": false
      },
      "summary": {
        "has_dangerous_content": true,
        "ragged_tables_count": 0,
        "total_warnings": 5,
        "unicode_risk_score": 0
      },
      "warnings": [
        {
          "line": 21,
          "message": "Link contains path traversal pattern",
          "type": "path_traversal",
          "url": "ht!tp://broken%5E2"
        },
        {
          "line": 21,
          "message": "Link contains path traversal pattern",
          "type": "path_traversal",
          "url": "https://example.com/4"
        },
        {
          "line": 21,
          "message": "Link contains path traversal pattern",
          "type": "path_traversal",
          "url": "ht!tp://broken%5E7"
        },
        {
          "message": "Raw content contains potentially dangerous scheme: file:",
          "type": "disallowed_schemes_raw"
        },
        {
          "message": "Dangerous scheme \"file:\" found in raw content",
          "scheme": "file",
          "type": "raw_dangerous_scheme"
        }
      ]
    },
    "security_policies_applied": [
      "embedding_blocked_schemes_raw",
      "dropped_2_unsafe_links"
    ],
    "total_chars": 821,
    "total_lines": 23
  },
  "structure": {
    "blockquotes": [],
    "code_blocks": [
      {
        "content": "- list level 3\n  * list level 4\n        code in list\n",
        "end_line": 14,
        "id": "code_0",
        "language": "",
        "section_id": "section_refactored-clean-05",
        "start_line": 11,
        "type": "indented"
      }
    ],
    "footnotes": {
      "definitions": [],
      "references": []
    },
    "headings": [
      {
        "end_char": 100,
        "id": "heading_refactored-clean-05",
        "level": 1,
        "line": 5,
        "parent_heading_id": null,
        "slug": "refactored-clean-05",
        "start_char": 78,
        "text": "Refactored clean 05"
      }
    ],
    "html_blocks": [],
    "html_inline": [],
    "images": [],
    "links": [
      {
        "allowed": true,
        "line": 21,
        "scheme": null,
        "text": "cross3",
        "type": "internal",
        "url": "./clean_01.md#sec0"
      },
      {
        "allowed": true,
        "line": 21,
        "scheme": "https",
        "text": "ext4",
        "type": "external",
        "url": "https://example.com/4"
      },
      {
        "allowed": true,
        "line": 21,
        "scheme": "mailto",
        "text": "mail5",
        "type": "email",
        "url": "mailto:user5@example.com"
      },
      {
        "allowed": true,
        "line": 21,
        "scheme": null,
        "text": "cross8",
        "type": "internal",
        "url": "./clean_01.md#sec2"
      }
    ],
    "lists": [
      {
        "end_line": 15,
        "has_mixed_task_items": false,
        "id": "list_0",
        "items": [
          {
            "blocks": [],
            "checked": null,
            "children": [
              {
                "blocks": [],
                "checked": null,
                "children": [
                  {
                    "blocks": [],
                    "checked": null,
                    "children": [
                      {
                        "blocks": [],
                        "checked": null,
                        "children": [],
                        "text": "list level 4\ncode in list"
                      }
                    ],
                    "text": "list level 3"
                  }
                ],
                "text": "list level 2"
              }
            ],
            "text": "list level 1"
          }
        ],
        "items_count": 1,
        "section_id": "section_refactored-clean-05",
        "start_line": 9,
        "task_items_count": 0,
        "type": "bullet"
      }
    ],
    "paragraphs": [
      {
        "end_line": 5,
        "has_code": false,
        "has_emphasis": false,
        "has_links": false,
        "id": "para_0",
        "section_id": null,
        "start_line": 0,
        "text": "+++\ntitle = \"Refactored clean 05\"\nid = \"ref_clean_05\"\nnote = \"clean-case\"\n+++",
        "word_count": 13
      },
      {
        "end_line": 8,
        "has_code": false,
        "has_emphasis": false,
        "has_links": false,
        "id": "para_1",
        "section_id": "section_refactored-clean-05",
        "start_line": 7,
        "text": "A simple paragraph with alpha whiskey november lima zulu uniform delta zulu foxtrot charlie whiskey alpha.",
        "word_count": 16
      },
      {
        "end_line": 22,
        "has_code": false,
        "has_emphasis": false,
        "has_links": true,
        "id": "para_2",
        "section_id": "section_refactored-clean-05",
        "start_line": 21,
        "text": "[file1](file:///C:/Temp/1.txt) bad2 cross3 ext4 mail5 [file6](file:///C:/Temp/6.txt) bad7 cross8",
        "word_count": 8
      }
    ],
    "sections": [
      {
        "child_ids": [],
        "end_char": 821,
        "end_line": 22,
        "id": "section_refactored-clean-05",
        "level": 1,
        "parent_id": null,
        "raw_content": "# Refactored clean 05\n\nA simple paragraph with alpha whiskey november lima zulu uniform delta zulu foxtrot charlie whiskey alpha.\n\n- list level 1\n  * list level 2\n    - list level 3\n      * list level 4\n            code in list\n\n| H1 | H2 | H3 | H4 |\n|:--:|:---|:---|:--:|\n| 1:1 uniform mike sierra | 1:2 hotel bravo november | 1:3 victor | 1:4 kilo romeo |\n| 2:1 papa xray | 2:2 charlie | 2:3 charlie | 2:4 victor echo lima |\n| 3:1 sierra mike | 3:2 alpha | 3:3 hotel bravo romeo | 3:4 delta uniform mike |\n\n[file1](file:///C:/Temp/1.txt) [bad2](ht!tp://broken^2) [cross3](./clean_01.md#sec0) [ext4](https://example.com/4) [mail5](mailto:user5@example.com) [file6](file:///C:/Temp/6.txt) [bad7](ht!tp://broken^7) [cross8](./clean_01.md#sec2)\n",
        "slug": "refactored-clean-05",
        "start_char": 78,
        "start_line": 5,
        "text_content": "Refactored clean 05\n\nA simple paragraph with alpha whiskey november lima zulu uniform delta zulu foxtrot charlie whiskey alpha.\n\nlist level 1 list level 2 list level 3 list level 4\ncode in list\n\nH1H2H3H4\n\n1:1 uniform mike sierra1:2 hotel bravo november1:3 victor1:4 kilo romeo 2:1 papa xray2:2 charlie2:3 charlie2:4 victor echo lima 3:1 sierra mike3:2 alpha3:3 hotel bravo romeo3:4 delta uniform mike\n\n[file1](file:///C:/Temp/1.txt) bad2 cross3 ext4 mail5 [file6](file:///C:/Temp/6.txt) bad7 cross8",
        "title": "Refactored clean 05"
      }
    ],
    "tables": [
      {
        "align": [
          "center",
          "left",
          "left",
          "center"
        ],
        "align_meta": {
          "heuristic": true
        },
        "align_mismatch": false,
        "column_count": 4,
        "end_line": 20,
        "headers": [
          "H1",
          "H2",
          "H3",
          "H4"
        ],
        "id": "table_0",
        "is_ragged": false,
        "row_count": 3,
        "rows": [
          [
            "1:1 uniform mike sierra",
            "1:2 hotel bravo november",
            "1:3 victor",
            "1:4 kilo romeo"
          ],
          [
            "2:1 papa xray",
            "2:2 charlie",
            "2:3 charlie",
            "2:4 victor echo lima"
          ],
          [
            "3:1 sierra mike",
            "3:2 alpha",
            "3:3 hotel bravo romeo",
            "3:4 delta uniform mike"
          ]
        ],
        "section_id": "section_refactored-clean-05",
        "start_line": 15
      }
    ]
  }
}