{
  "content": {
    "lines": [
      "# Refactored clean 02",
      "Title",
      "=====",
      "",
      "Sub",
      "----",
      "",
      "",
      "A simple paragraph with oscar xray zulu sierra kilo alpha zulu tango kilo november sierra zulu.",
      "",
      "- list level 1",
      "  * list level 2",
      "    - list level 3",
      "          code in list",
      "",
      "| H1 | H2 | H3 | H4 | H5 |",
      "|:--:|:--:|:---|----|----|",
      "| 1:1 zulu | 1:2 papa romeo yankee | 1:3 xray lima xray | 1:4 zulu sierra uniform | 1:5 india charlie |",
      "| 2:1 echo bravo foxtrot | 2:2 charlie golf | 2:3 romeo india | 2:4 romeo | 2:5 november |",
      "| 3:1 tango whiskey | 3:2 november | 3:3 xray echo | 3:4 uniform | 3:5 lima mike |",
      "",
      "[file1](file:///C:/Temp/1.txt) [bad2](ht!tp://broken^2) [cross3](./clean_03.md#sec0) [ext4](https://example.com/4) [mail5](mailto:user5@example.com) [file6](file:///C:/Temp/6.txt) [bad7](ht!tp://broken^7) [cross8](./clean_03.md#sec2)",
      ""
    ],
    "raw": "# Refactored clean 02\nTitle\n=====\n\nSub\n----\n\n\nA simple paragraph with oscar xray zulu sierra kilo alpha zulu tango kilo november sierra zulu.\n\n- list level 1\n  * list level 2\n    - list level 3\n          code in list\n\n| H1 | H2 | H3 | H4 | H5 |\n|:--:|:--:|:---|----|----|\n| 1:1 zulu | 1:2 papa romeo yankee | 1:3 xray lima xray | 1:4 zulu sierra uniform | 1:5 india charlie |\n| 2:1 echo bravo foxtrot | 2:2 charlie golf | 2:3 romeo india | 2:4 romeo | 2:5 november |\n| 3:1 tango whiskey | 3:2 november | 3:3 xray echo | 3:4 uniform | 3:5 lima mike |\n\n[file1](file:///C:/Temp/1.txt) [bad2](ht!tp://broken^2) [cross3](./clean_03.md#sec0) [ext4](https://example.com/4) [mail5](mailto:user5@example.com) [file6](file:///C:/Temp/6.txt) [bad7](ht!tp://broken^7) [cross8](./clean_03.md#sec2)\n"
  },
  "mappings": {
    "code_blocks": [],
    "code_lines": [
      12,
      13,
      14
    ],
    "line_to_section": {
      "0": "section_refactored-clean-02",
      "1": "section_title",
      "10": "section_sub",
      "11": "section_sub",
      "12": "section_sub",
      "13": "section_sub",
      "14": "section_sub",
      "15": "section_sub",
      "16": "section_sub",
      "17": "section_sub",
      "18": "section_sub",
      "19": "section_sub",
      "2": "section_title",
      "20": "section_sub",
      "21": "section_sub",
      "22": "section_sub",
      "3": "section_title",
      "4": "section_sub",
      "5": "section_sub",
      "6": "section_sub",
      "7": "section_sub",
      "8": "section_sub",
      "9": "section_sub"
    },
    "line_to_type": {
      "0": "prose",
      "1": "prose",
      "10": "prose",
      "11": "prose",
      "12": "code",
      "13": "code",
      "14": "code",
      "15": "prose",
      "16": "prose",
      "17": "prose",
      "18": "prose",
      "19": "prose",
      "2": "prose",
      "20": "prose",
      "21": "prose",
      "22": "prose",
      "3": "prose",
      "4": "prose",
      "5": "prose",
      "6": "prose",
      "7": "prose",
      "8": "prose",
      "9": "prose"
    },
    "prose_lines": [
      0,
      1,
      2,
      3,
      4,
      5,
      6,
      7,
      8,
      9,
      10,
      11,
      15,
      16,
      17,
      18,
      19,
      20,
      21,
      22
    ]
  },
  "metadata": {
    "embedding_block_reason": "Raw content contains disallowed link schemes",
    "embedding_blocked": true,
    "frontmatter": {
      "id": "ref_clean_02",
      "note": "clean-case",
      "title": "Refactored clean 02"
    },
    "has_code": false,
    "has_frontmatter": true,
    "has_lists": true,
    "has_sections": true,
    "has_tables": true,
    "node_counts": {
      "bullet_list": 3,
      "heading": 3,
      "inline": 28,
      "link": 6,
      "list_item": 3,
      "paragraph": 5,
      "root": 1,
      "softbreak": 1,
      "table": 1,
      "tbody": 1,
      "td": 15,
      "text": 40,
      "th": 5,
      "thead": 1,
      "tr": 4
    },
    "security": {
      "link_disallowed_schemes_raw": true,
      "profile_used": "moderate",
      "statistics": {
        "allowed_schemes": [
          "http",
          "https",
          "mailto",
          "tel"
        ],
        "confusables_present": false,
        "frontmatter_at_bof": true,
        "has_data_uri_images": false,
        "has_event_handlers": false,
        "has_html_block": false,
        "has_html_inline": false,
        "has_script": false,
        "link_schemes": {
          "https": 1,
          "mailto": 1,
          "relative": 4
        },
        "nbsp_present": false,
        "nested_headings_blocked": 0,
        "path_traversal_pattern": true,
        "ragged_tables_count": 0,
        "raw_dangerous_schemes": true,
        "table_align_mismatches": 0,
        "unicode_risk_score": 0,
        "zwsp_present": false
      },
      "summary": {
        "has_dangerous_content": true,
        "ragged_tables_count": 0,
        "total_warnings": 5,
        "unicode_risk_score": 0
      },
      "warnings": [
        {
          "line": 21,
          "message": "Link contains path traversal pattern",
          "type": "path_traversal",
          "url": "ht!tp://broken%5E2"
        },
        {
          "line": 21,
          "message": "Link contains path traversal pattern",
          "type": "path_traversal",
          "url": "https://example.com/4"
        },
        {
          "line": 21,
          "message": "Link contains path traversal pattern",
          "type": "path_traversal",
          "url": "ht!tp://broken%5E7"
        },
        {
          "message": "Raw content contains potentially dangerous scheme: file:",
          "type": "disallowed_schemes_raw"
        },
        {
          "message": "Dangerous scheme \"file:\" found in raw content",
          "scheme": "file",
          "type": "raw_dangerous_scheme"
        }
      ]
    },
    "security_policies_applied": [
      "embedding_blocked_schemes_raw",
      "dropped_2_unsafe_links"
    ],
    "total_chars": 785,
    "total_lines": 23
  },
  "structure": {
    "blockquotes": [],
    "code_blocks": [
      {
        "content": "- list level 3\n      code in list\n",
        "end_line": 14,
        "id": "code_0",
        "language": "",
        "section_id": "section_sub",
        "start_line": 12,
        "type": "indented"
      }
    ],
    "footnotes": {
      "definitions": [],
      "references": []
    },
    "headings": [
      {
        "end_char": 22,
        "id": "heading_refactored-clean-02",
        "level": 1,
        "line": 0,
        "parent_heading_id": null,
        "slug": "refactored-clean-02",
        "start_char": 0,
        "text": "Refactored clean 02"
      },
      {
        "end_char": 28,
        "id": "heading_title",
        "level": 1,
        "line": 1,
        "parent_heading_id": null,
        "slug": "title",
        "start_char": 22,
        "text": "Title"
      },
      {
        "end_char": 39,
        "id": "heading_sub",
        "level": 1,
        "line": 4,
        "parent_heading_id": null,
        "slug": "sub",
        "start_char": 35,
        "text": "Sub"
      }
    ],
    "html_blocks": [],
    "html_inline": [],
    "images": [],
    "links": [
      {
        "allowed": true,
        "line": 21,
        "scheme": null,
        "text": "cross3",
        "type": "internal",
        "url": "./clean_03.md#sec0"
      },
      {
        "allowed": true,
        "line": 21,
        "scheme": "https",
        "text": "ext4",
        "type": "external",
        "url": "https://example.com/4"
      },
      {
        "allowed": true,
        "line": 21,
        "scheme": "mailto",
        "text": "mail5",
        "type": "email",
        "url": "mailto:user5@example.com"
      },
      {
        "allowed": true,
        "line": 21,
        "scheme": null,
        "text": "cross8",
        "type": "internal",
        "url": "./clean_03.md#sec2"
      }
    ],
    "lists": [
      {
        "end_line": 15,
        "has_mixed_task_items": false,
        "id": "list_0",
        "items": [
          {
            "blocks": [],
            "checked": null,
            "children": [
              {
                "blocks": [],
                "checked": null,
                "children": [
                  {
                    "blocks": [],
                    "checked": null,
                    "children": [],
                    "text": "list level 3\ncode in list"
                  }
                ],
                "text": "list level 2"
              }
            ],
            "text": "list level 1"
          }
        ],
        "items_count": 1,
        "section_id": "section_sub",
        "start_line": 10,
        "task_items_count": 0,
        "type": "bullet"
      }
    ],
    "paragraphs": [
      {
        "end_line": 9,
        "has_code": false,
        "has_emphasis": false,
        "has_links": false,
        "id": "para_0",
        "section_id": "section_sub",
        "start_line": 8,
        "text": "A simple paragraph with oscar xray zulu sierra kilo alpha zulu tango kilo november sierra zulu.",
        "word_count": 16
      },
      {
        "end_line": 22,
        "has_code": false,
        "has_emphasis": false,
        "has_links": true,
        "id": "para_1",
        "section_id": "section_sub",
        "start_line": 21,
        "text": "[file1](file:///C:/Temp/1.txt) bad2 cross3 ext4 mail5 [file6](file:///C:/Temp/6.txt) bad7 cross8",
        "word_count": 8
      }
    ],
    "sections": [
      {
        "child_ids": [],
        "end_char": 22,
        "end_line": 0,
        "id": "section_refactored-clean-02",
        "level": 1,
        "parent_id": null,
        "raw_content": "# Refactored clean 02",
        "slug": "refactored-clean-02",
        "start_char": 0,
        "start_line": 0,
        "text_content": "Refactored clean 02",
        "title": "Refactored clean 02"
      },
      {
        "child_ids": [],
        "end_char": 35,
        "end_line": 3,
        "id": "section_title",
        "level": 1,
        "parent_id": null,
        "raw_content": "Title\n=====\n",
        "slug": "title",
        "start_char": 22,
        "start_line": 1,
        "text_content": "Title",
        "title": "Title"
      },
      {
        "child_ids": [],
        "end_char": 785,
        "end_line": 22,
        "id": "section_sub",
        "level": 1,
        "parent_id": null,
        "raw_content": "Sub\n----\n\n\nA simple paragraph with oscar xray zulu sierra kilo alpha zulu tango kilo november sierra zulu.\n\n- list level 1\n  * list level 2\n    - list level 3\n          code in list\n\n| H1 | H2 | H3 | H4 | H5 |\n|:--:|:--:|:---|----|----|\n| 1:1 zulu | 1:2 papa romeo yankee | 1:3 xray lima xray | 1:4 zulu sierra uniform | 1:5 india charlie |\n| 2:1 echo bravo foxtrot | 2:2 charlie golf | 2:3 romeo india | 2:4 romeo | 2:5 november |\n| 3:1 tango whiskey | 3:2 november | 3:3 xray echo | 3:4 uniform | 3:5 lima mike |\n\n[file1](file:///C:/Temp/1.txt) [bad2](ht!tp://broken^2) [cross3](./clean_03.md#sec0) [ext4](https://example.com/4) [mail5](mailto:user5@example.com) [file6](file:///C:/Temp/6.txt) [bad7](ht!tp://broken^7) [cross8](./clean_03.md#sec2)\n",
        "slug": "sub",
        "start_char": 35,
        "start_line": 4,
        "text_content": "Sub\n\nA simple paragraph with oscar xray zulu sierra kilo alpha zulu tango kilo november sierra zulu.\n\nlist level 1 list level 2 list level 3\ncode in list\n\nH1H2H3H4H5\n\n1:1 zulu1:2 papa romeo yankee1:3 xray lima xray1:4 zulu sierra uniform1:5 india charlie 2:1 echo bravo foxtrot2:2 charlie golf2:3 romeo india2:4 romeo2:5 november 3:1 tango whiskey3:2 november3:3 xray echo3:4 uniform3:5 lima mike\n\n[file1](file:///C:/Temp/1.txt) bad2 cross3 ext4 mail5 [file6](file:///C:/Temp/6.txt) bad7 cross8",
        "title": "Sub"
      }
    ],
    "tables": [
      {
        "align": [
          "center",
          "center",
          "left",
          "left",
          "left"
        ],
        "align_meta": {
          "heuristic": true
        },
        "align_mismatch": false,
        "column_count": 5,
        "end_line": 20,
        "headers": [
          "H1",
          "H2",
          "H3",
          "H4",
          "H5"
        ],
        "id": "table_0",
        "is_ragged": false,
        "row_count": 3,
        "rows": [
          [
            "1:1 zulu",
            "1:2 papa romeo yankee",
            "1:3 xray lima xray",
            "1:4 zulu sierra uniform",
            "1:5 india charlie"
          ],
          [
            "2:1 echo bravo foxtrot",
            "2:2 charlie golf",
            "2:3 romeo india",
            "2:4 romeo",
            "2:5 november"
          ],
          [
            "3:1 tango whiskey",
            "3:2 november",
            "3:3 xray echo",
            "3:4 uniform",
            "3:5 lima mike"
          ]
        ],
        "section_id": "section_sub",
        "start_line": 15
      }
    ]
  }
}