{
  "content": {
    "lines": [
      "# Refactored clean 03",
      "Title",
      "=====",
      "",
      "Sub",
      "----",
      "",
      "",
      "A simple paragraph with victor victor uniform tango india whiskey golf golf echo papa mike tango.",
      "",
      "- list level 1",
      "  * list level 2",
      "    - list level 3",
      "      * list level 4",
      "        - list level 5",
      "              code in list",
      "",
      "| H1 | H2 | H3 | H4 |",
      "|---:|----|:--:|----|",
      "| 1:1 whiskey | 1:2 tango whiskey | 1:3 kilo bravo alpha | 1:4 tango golf uniform |",
      "| 2:1 juliet yankee | 2:2 kilo yankee mike | 2:3 hotel juliet | 2:4 sierra mike |",
      "| 3:1 mike echo tango | 3:2 yankee xray | 3:3 mike | 3:4 charlie oscar whiskey |",
      "",
      "[file1](file:///C:/Temp/1.txt) [bad2](ht!tp://broken^2) [cross3](./clean_04.md#sec0) [ext4](https://example.com/4) [mail5](mailto:user5@example.com) [file6](file:///C:/Temp/6.txt) [bad7](ht!tp://broken^7) [cross8](./clean_04.md#sec2)",
      ""
    ],
    "raw": "# Refactored clean 03\nTitle\n=====\n\nSub\n----\n\n\nA simple paragraph with victor victor uniform tango india whiskey golf golf echo papa mike tango.\n\n- list level 1\n  * list level 2\n    - list level 3\n      * list level 4\n        - list level 5\n              code in list\n\n| H1 | H2 | H3 | H4 |\n|---:|----|:--:|----|\n| 1:1 whiskey | 1:2 tango whiskey | 1:3 kilo bravo alpha | 1:4 tango golf uniform |\n| 2:1 juliet yankee | 2:2 kilo yankee mike | 2:3 hotel juliet | 2:4 sierra mike |\n| 3:1 mike echo tango | 3:2 yankee xray | 3:3 mike | 3:4 charlie oscar whiskey |\n\n[file1](file:///C:/Temp/1.txt) [bad2](ht!tp://broken^2) [cross3](./clean_04.md#sec0) [ext4](https://example.com/4) [mail5](mailto:user5@example.com) [file6](file:///C:/Temp/6.txt) [bad7](ht!tp://broken^7) [cross8](./clean_04.md#sec2)\n"
  },
  "mappings": {
    "code_blocks": [],
    "code_lines": [
      12,
      13,
      14,
      15,
      16
    ],
    "line_to_section": {
      "0": "section_refactored-clean-03",
      "1": "section_title",
      "10": "section_sub",
      "11": "section_sub",
      "12": "section_sub",
      "13": "section_sub",
      "14": "section_sub",
      "15": "section_sub",
      "16": "section_sub",
      "17": "section_sub",
      "18": "section_sub",
      "19": "section_sub",
      "2": "section_title",
      "20": "section_sub",
      "21": "section_sub",
      "22": "section_sub",
      "23": "section_sub",
      "24": "section_sub",
      "3": "section_title",
      "4": "section_sub",
      "5": "section_sub",
      "6": "section_sub",
      "7": "section_sub",
      "8": "section_sub",
      "9": "section_sub"
    },
    "line_to_type": {
      "0": "prose",
      "1": "prose",
      "10": "prose",
      "11": "prose",
      "12": "code",
      "13": "code",
      "14": "code",
      "15": "code",
      "16": "code",
      "17": "prose",
      "18": "prose",
      "19": "prose",
      "2": "prose",
      "20": "prose",
      "21": "prose",
      "22": "prose",
      "23": "prose",
      "24": "prose",
      "3": "prose",
      "4": "prose",
      "5": "prose",
      "6": "prose",
      "7": "prose",
      "8": "prose",
      "9": "prose"
    },
    "prose_lines": [
      0,
      1,
      2,
      3,
      4,
      5,
      6,
      7,
      8,
      9,
      10,
      11,
      17,
      18,
      19,
      20,
      21,
      22,
      23,
      24
    ]
  },
  "metadata": {
    "embedding_block_reason": "Raw content contains disallowed link schemes",
    "embedding_blocked": true,
    "frontmatter": {
      "id": "ref_clean_03",
      "note": "clean-case",
      "title": "Refactored clean 03"
    },
    "has_code": false,
    "has_frontmatter": true,
    "has_lists": true,
    "has_sections": true,
    "has_tables": true,
    "node_counts": {
      "bullet_list": 5,
      "heading": 3,
      "inline": 26,
      "link": 6,
      "list_item": 5,
      "paragraph": 7,
      "root": 1,
      "softbreak": 1,
      "table": 1,
      "tbody": 1,
      "td": 12,
      "text": 38,
      "th": 4,
      "thead": 1,
      "tr": 4
    },
    "security": {
      "link_disallowed_schemes_raw": true,
      "profile_used": "moderate",
      "statistics": {
        "allowed_schemes": [
          "http",
          "https",
          "mailto",
          "tel"
        ],
        "confusables_present": false,
        "frontmatter_at_bof": true,
        "has_data_uri_images": false,
        "has_event_handlers": false,
        "has_html_block": false,
        "has_html_inline": false,
        "has_script": false,
        "link_schemes": {
          "https": 1,
          "mailto": 1,
          "relative": 4
        },
        "nbsp_present": false,
        "nested_headings_blocked": 0,
        "path_traversal_pattern": true,
        "ragged_tables_count": 0,
        "raw_dangerous_schemes": true,
        "table_align_mismatches": 0,
        "unicode_risk_score": 0,
        "zwsp_present": false
      },
      "summary": {
        "has_dangerous_content": true,
        "ragged_tables_count": 0,
        "total_warnings": 5,
        "unicode_risk_score": 0
      },
      "warnings": [
        {
          "line": 23,
          "message": "Link contains path traversal pattern",
          "type": "path_traversal",
          "url": "ht!tp://broken%5E2"
        },
        {
          "line": 23,
          "message": "Link contains path traversal pattern",
          "type": "path_traversal",
          "url": "https://example.com/4"
        },
        {
          "line": 23,
          "message": "Link contains path traversal pattern",
          "type": "path_traversal",
          "url": "ht!tp://broken%5E7"
        },
        {
          "message": "Raw content contains potentially dangerous scheme: file:",
          "type": "disallowed_schemes_raw"
        },
        {
          "message": "Dangerous scheme \"file:\" found in raw content",
          "scheme": "file",
          "type": "raw_dangerous_scheme"
        }
      ]
    },
    "security_policies_applied": [
      "embedding_blocked_schemes_raw",
      "dropped_2_unsafe_links"
    ],
    "total_chars": 794,
    "total_lines": 25
  },
  "structure": {
    "blockquotes": [],
    "code_blocks": [
      {
        "content": "- list level 3\n  * list level 4\n    - list level 5\n          code in list\n",
        "end_line": 16,
        "id": "code_0",
        "language": "",
        "section_id": "section_sub",
        "start_line": 12,
        "type": "indented"
      }
    ],
    "footnotes": {
      "definitions": [],
      "references": []
    },
    "headings": [
      {
        "end_char": 22,
        "id": "heading_refactored-clean-03",
        "level": 1,
        "line": 0,
        "parent_heading_id": null,
        "slug": "refactored-clean-03",
        "start_char": 0,
        "text": "Refactored clean 03"
      },
      {
        "end_char": 28,
        "id": "heading_title",
        "level": 1,
        "line": 1,
        "parent_heading_id": null,
        "slug": "title",
        "start_char": 22,
        "text": "Title"
      },
      {
        "end_char": 39,
        "id": "heading_sub",
        "level": 1,
        "line": 4,
        "parent_heading_id": null,
        "slug": "sub",
        "start_char": 35,
        "text": "Sub"
      }
    ],
    "html_blocks": [],
    "html_inline": [],
    "images": [],
    "links": [
      {
        "allowed": true,
        "line": 23,
        "scheme": null,
        "text": "cross3",
        "type": "internal",
        "url": "./clean_04.md#sec0"
      },
      {
        "allowed": true,
        "line": 23,
        "scheme": "https",
        "text": "ext4",
        "type": "external",
        "url": "https://example.com/4"
      },
      {
        "allowed": true,
        "line": 23,
        "scheme": "mailto",
        "text": "mail5",
        "type": "email",
        "url": "mailto:user5@example.com"
      },
      {
        "allowed": true,
        "line": 23,
        "scheme": null,
        "text": "cross8",
        "type": "internal",
        "url": "./clean_04.md#sec2"
      }
    ],
    "lists": [
      {
        "end_line": 17,
        "has_mixed_task_items": false,
        "id": "list_0",
        "items": [
          {
            "blocks": [],
            "checked": null,
            "children": [
              {
                "blocks": [],
                "checked": null,
                "children": [
                  {
                    "blocks": [],
                    "checked": null,
                    "children": [
                      {
                        "blocks": [],
                        "checked": null,
                        "children": [
                          {
                            "blocks": [],
                            "checked": null,
                            "children": [],
                            "text": "list level 5\ncode in list"
                          }
                        ],
                        "text": "list level 4"
                      }
                    ],
                    "text": "list level 3"
                  }
                ],
                "text": "list level 2"
              }
            ],
            "text": "list level 1"
          }
        ],
        "items_count": 1,
        "section_id": "section_sub",
        "start_line": 10,
        "task_items_count": 0,
        "type": "bullet"
      }
    ],
    "paragraphs": [
      {
        "end_line": 9,
        "has_code": false,
        "has_emphasis": false,
        "has_links": false,
        "id": "para_0",
        "section_id": "section_sub",
        "start_line": 8,
        "text": "A simple paragraph with victor victor uniform tango india whiskey golf golf echo papa mike tango.",
        "word_count": 16
      },
      {
        "end_line": 24,
        "has_code": false,
        "has_emphasis": false,
        "has_links": true,
        "id": "para_1",
        "section_id": "section_sub",
        "start_line": 23,
        "text": "[file1](file:///C:/Temp/1.txt) bad2 cross3 ext4 mail5 [file6](file:///C:/Temp/6.txt) bad7 cross8",
        "word_count": 8
      }
    ],
    "sections": [
      {
        "child_ids": [],
        "end_char": 22,
        "end_line": 0,
        "id": "section_refactored-clean-03",
        "level": 1,
        "parent_id": null,
        "raw_content": "# Refactored clean 03",
        "slug": "refactored-clean-03",
        "start_char": 0,
        "start_line": 0,
        "text_content": "Refactored clean 03",
        "title": "Refactored clean 03"
      },
      {
        "child_ids": [],
        "end_char": 35,
        "end_line": 3,
        "id": "section_title",
        "level": 1,
        "parent_id": null,
        "raw_content": "Title\n=====\n",
        "slug": "title",
        "start_char": 22,
        "start_line": 1,
        "text_content": "Title",
        "title": "Title"
      },
      {
        "child_ids": [],
        "end_char": 794,
        "end_line": 24,
        "id": "section_sub",
        "level": 1,
        "parent_id": null,
        "raw_content": "Sub\n----\n\n\nA simple paragraph with victor victor uniform tango india whiskey golf golf echo papa mike tango.\n\n- list level 1\n  * list level 2\n    - list level 3\n      * list level 4\n        - list level 5\n              code in list\n\n| H1 | H2 | H3 | H4 |\n|---:|----|:--:|----|\n| 1:1 whiskey | 1:2 tango whiskey | 1:3 kilo bravo alpha | 1:4 tango golf uniform |\n| 2:1 juliet yankee | 2:2 kilo yankee mike | 2:3 hotel juliet | 2:4 sierra mike |\n| 3:1 mike echo tango | 3:2 yankee xray | 3:3 mike | 3:4 charlie oscar whiskey |\n\n[file1](file:///C:/Temp/1.txt) [bad2](ht!tp://broken^2) [cross3](./clean_04.md#sec0) [ext4](https://example.com/4) [mail5](mailto:user5@example.com) [file6](file:///C:/Temp/6.txt) [bad7](ht!tp://broken^7) [cross8](./clean_04.md#sec2)\n",
        "slug": "sub",
        "start_char": 35,
        "start_line": 4,
        "text_content": "Sub\n\nA simple paragraph with victor victor uniform tango india whiskey golf golf echo papa mike tango.\n\nlist level 1 list level 2 list level 3 list level 4 list level 5\ncode in list\n\nH1H2H3H4\n\n1:1 whiskey1:2 tango whiskey1:3 kilo bravo alpha1:4 tango golf uniform 2:1 juliet yankee2:2 kilo yankee mike2:3 hotel juliet2:4 sierra mike 3:1 mike echo tango3:2 yankee xray3:3 mike3:4 charlie oscar whiskey\n\n[file1](file:///C:/Temp/1.txt) bad2 cross3 ext4 mail5 [file6](file:///C:/Temp/6.txt) bad7 cross8",
        "title": "Sub"
      }
    ],
    "tables": [
      {
        "align": [
          "right",
          "left",
          "center",
          "left"
        ],
        "align_meta": {
          "heuristic": true
        },
        "align_mismatch": false,
        "column_count": 4,
        "end_line": 22,
        "headers": [
          "H1",
          "H2",
          "H3",
          "H4"
        ],
        "id": "table_0",
        "is_ragged": false,
        "row_count": 3,
        "rows": [
          [
            "1:1 whiskey",
            "1:2 tango whiskey",
            "1:3 kilo bravo alpha",
            "1:4 tango golf uniform"
          ],
          [
            "2:1 juliet yankee",
            "2:2 kilo yankee mike",
            "2:3 hotel juliet",
            "2:4 sierra mike"
          ],
          [
            "3:1 mike echo tango",
            "3:2 yankee xray",
            "3:3 mike",
            "3:4 charlie oscar whiskey"
          ]
        ],
        "section_id": "section_sub",
        "start_line": 17
      }
    ]
  }
}