{
  "content": {
    "lines": [
      "{\"title\":\"Refactored clean 01\",\"id\":\"ref_clean_01\",\"note\":\"clean-case\"}",
      "# Refactored clean 01",
      "",
      "A simple paragraph with whiskey lima sierra sierra xray foxtrot yankee kilo mike uniform zulu lima.",
      "",
      "- list level 1",
      "  * list level 2",
      "    - list level 3",
      "      * list level 4",
      "            code in list",
      "        \tindented with tab",
      "",
      "| H1 | H2 | H3 | H4 |",
      "|:---|----|----|:---|",
      "| 1:1 whiskey victor lima | 1:2 mike zulu | 1:3 zulu juliet victor | 1:4 lima |",
      "| 2:1 delta oscar hotel | 2:2 zulu | 2:3 victor whiskey | 2:4 oscar tango india |",
      "| 3:1 romeo | 3:2 uniform | 3:3 tango sierra yankee | 3:4 charlie |",
      "| 4:1 uniform tango | 4:2 victor | 4:3 uniform | 4:4 golf |",
      "",
      "[file1](file:///C:/Temp/1.txt) [bad2](ht!tp://broken^2) [cross3](./clean_02.md#sec0) [ext4](https://example.com/4) [mail5](mailto:user5@example.com) [file6](file:///C:/Temp/6.txt) [bad7](ht!tp://broken^7) [cross8](./clean_02.md#sec2)",
      ""
    ],
    "raw": "{\"title\":\"Refactored clean 01\",\"id\":\"ref_clean_01\",\"note\":\"clean-case\"}\n# Refactored clean 01\n\nA simple paragraph with whiskey lima sierra sierra xray foxtrot yankee kilo mike uniform zulu lima.\n\n- list level 1\n  * list level 2\n    - list level 3\n      * list level 4\n            code in list\n        \tindented with tab\n\n| H1 | H2 | H3 | H4 |\n|:---|----|----|:---|\n| 1:1 whiskey victor lima | 1:2 mike zulu | 1:3 zulu juliet victor | 1:4 lima |\n| 2:1 delta oscar hotel | 2:2 zulu | 2:3 victor whiskey | 2:4 oscar tango india |\n| 3:1 romeo | 3:2 uniform | 3:3 tango sierra yankee | 3:4 charlie |\n| 4:1 uniform tango | 4:2 victor | 4:3 uniform | 4:4 golf |\n\n[file1](file:///C:/Temp/1.txt) [bad2](ht!tp://broken^2) [cross3](./clean_02.md#sec0) [ext4](https://example.com/4) [mail5](mailto:user5@example.com) [file6](file:///C:/Temp/6.txt) [bad7](ht!tp://broken^7) [cross8](./clean_02.md#sec2)\n"
  },
  "mappings": {
    "code_blocks": [],
    "code_lines": [
      7,
      8,
      9,
      10,
      11
    ],
    "line_to_section": {
      "1": "section_refactored-clean-01",
      "10": "section_refactored-clean-01",
      "11": "section_refactored-clean-01",
      "12": "section_refactored-clean-01",
      "13": "section_refactored-clean-01",
      "14": "section_refactored-clean-01",
      "15": "section_refactored-clean-01",
      "16": "section_refactored-clean-01",
      "17": "section_refactored-clean-01",
      "18": "section_refactored-clean-01",
      "19": "section_refactored-clean-01",
      "2": "section_refactored-clean-01",
      "20": "section_refactored-clean-01",
      "3": "section_refactored-clean-01",
      "4": "section_refactored-clean-01",
      "5": "section_refactored-clean-01",
      "6": "section_refactored-clean-01",
      "7": "section_refactored-clean-01",
      "8": "section_refactored-clean-01",
      "9": "section_refactored-clean-01"
    },
    "line_to_type": {
      "0": "prose",
      "1": "prose",
      "10": "code",
      "11": "code",
      "12": "prose",
      "13": "prose",
      "14": "prose",
      "15": "prose",
      "16": "prose",
      "17": "prose",
      "18": "prose",
      "19": "prose",
      "2": "prose",
      "20": "prose",
      "3": "prose",
      "4": "prose",
      "5": "prose",
      "6": "prose",
      "7": "code",
      "8": "code",
      "9": "code"
    },
    "prose_lines": [
      0,
      1,
      2,
      3,
      4,
      5,
      6,
      12,
      13,
      14,
      15,
      16,
      17,
      18,
      19,
      20
    ]
  },
  "metadata": {
    "embedding_block_reason": "Raw content contains disallowed link schemes",
    "embedding_blocked": true,
    "has_code": false,
    "has_frontmatter": false,
    "has_lists": true,
    "has_sections": true,
    "has_tables": true,
    "node_counts": {
      "bullet_list": 4,
      "heading": 1,
      "inline": 28,
      "link": 6,
      "list_item": 4,
      "paragraph": 7,
      "root": 1,
      "softbreak": 2,
      "table": 1,
      "tbody": 1,
      "td": 16,
      "text": 41,
      "th": 4,
      "thead": 1,
      "tr": 5
    },
    "security": {
      "link_disallowed_schemes_raw": true,
      "profile_used": "moderate",
      "statistics": {
        "allowed_schemes": [
          "http",
          "https",
          "mailto",
          "tel"
        ],
        "confusables_present": false,
        "frontmatter_at_bof": false,
        "has_data_uri_images": false,
        "has_event_handlers": false,
        "has_html_block": false,
        "has_html_inline": false,
        "has_script": false,
        "link_schemes": {
          "https": 1,
          "mailto": 1,
          "relative": 4
        },
        "nbsp_present": false,
        "nested_headings_blocked": 0,
        "path_traversal_pattern": true,
        "ragged_tables_count": 0,
        "raw_dangerous_schemes": true,
        "table_align_mismatches": 0,
        "unicode_risk_score": 0,
        "zwsp_present": false
      },
      "summary": {
        "has_dangerous_content": true,
        "ragged_tables_count": 0,
        "total_warnings": 5,
        "unicode_risk_score": 0
      },
      "warnings": [
        {
          "line": 19,
          "message": "Link contains path traversal pattern",
          "type": "path_traversal",
          "url": "ht!tp://broken%5E2"
        },
        {
          "line": 19,
          "message": "Link contains path traversal pattern",
          "type": "path_traversal",
          "url": "https://example.com/4"
        },
        {
          "line": 19,
          "message": "Link contains path traversal pattern",
          "type": "path_traversal",
          "url": "ht!tp://broken%5E7"
        },
        {
          "message": "Raw content contains potentially dangerous scheme: file:",
          "type": "disallowed_schemes_raw"
        },
        {
          "message": "Dangerous scheme \"file:\" found in raw content",
          "scheme": "file",
          "type": "raw_dangerous_scheme"
        }
      ]
    },
    "security_policies_applied": [
      "embedding_blocked_schemes_raw",
      "dropped_2_unsafe_links"
    ],
    "total_chars": 890,
    "total_lines": 21
  },
  "structure": {
    "blockquotes": [],
    "code_blocks": [
      {
        "content": "- list level 3\n  * list level 4\n        code in list\n    \tindented with tab\n",
        "end_line": 11,
        "id": "code_0",
        "language": "",
        "section_id": "section_refactored-clean-01",
        "start_line": 7,
        "type": "indented"
      }
    ],
    "footnotes": {
      "definitions": [],
      "references": []
    },
    "headings": [
      {
        "end_char": 94,
        "id": "heading_refactored-clean-01",
        "level": 1,
        "line": 1,
        "parent_heading_id": null,
        "slug": "refactored-clean-01",
        "start_char": 72,
        "text": "Refactored clean 01"
      }
    ],
    "html_blocks": [],
    "html_inline": [],
    "images": [],
    "links": [
      {
        "allowed": true,
        "line": 19,
        "scheme": null,
        "text": "cross3",
        "type": "internal",
        "url": "./clean_02.md#sec0"
      },
      {
        "allowed": true,
        "line": 19,
        "scheme": "https",
        "text": "ext4",
        "type": "external",
        "url": "https://example.com/4"
      },
      {
        "allowed": true,
        "line": 19,
        "scheme": "mailto",
        "text": "mail5",
        "type": "email",
        "url": "mailto:user5@example.com"
      },
      {
        "allowed": true,
        "line": 19,
        "scheme": null,
        "text": "cross8",
        "type": "internal",
        "url": "./clean_02.md#sec2"
      }
    ],
    "lists": [
      {
        "end_line": 12,
        "has_mixed_task_items": false,
        "id": "list_0",
        "items": [
          {
            "blocks": [],
            "checked": null,
            "children": [
              {
                "blocks": [],
                "checked": null,
                "children": [
                  {
                    "blocks": [],
                    "checked": null,
                    "children": [
                      {
                        "blocks": [],
                        "checked": null,
                        "children": [],
                        "text": "list level 4\ncode in list\nindented with tab"
                      }
                    ],
                    "text": "list level 3"
                  }
                ],
                "text": "list level 2"
              }
            ],
            "text": "list level 1"
          }
        ],
        "items_count": 1,
        "section_id": "section_refactored-clean-01",
        "start_line": 5,
        "task_items_count": 0,
        "type": "bullet"
      }
    ],
    "paragraphs": [
      {
        "end_line": 1,
        "has_code": false,
        "has_emphasis": false,
        "has_links": false,
        "id": "para_0",
        "section_id": null,
        "start_line": 0,
        "text": "{\"title\":\"Refactored clean 01\",\"id\":\"ref_clean_01\",\"note\":\"clean-case\"}",
        "word_count": 3
      },
      {
        "end_line": 4,
        "has_code": false,
        "has_emphasis": false,
        "has_links": false,
        "id": "para_1",
        "section_id": "section_refactored-clean-01",
        "start_line": 3,
        "text": "A simple paragraph with whiskey lima sierra sierra xray foxtrot yankee kilo mike uniform zulu lima.",
        "word_count": 16
      },
      {
        "end_line": 20,
        "has_code": false,
        "has_emphasis": false,
        "has_links": true,
        "id": "para_2",
        "section_id": "section_refactored-clean-01",
        "start_line": 19,
        "text": "[file1](file:///C:/Temp/1.txt) bad2 cross3 ext4 mail5 [file6](file:///C:/Temp/6.txt) bad7 cross8",
        "word_count": 8
      }
    ],
    "sections": [
      {
        "child_ids": [],
        "end_char": 890,
        "end_line": 20,
        "id": "section_refactored-clean-01",
        "level": 1,
        "parent_id": null,
        "raw_content": "# Refactored clean 01\n\nA simple paragraph with whiskey lima sierra sierra xray foxtrot yankee kilo mike uniform zulu lima.\n\n- list level 1\n  * list level 2\n    - list level 3\n      * list level 4\n            code in list\n        \tindented with tab\n\n| H1 | H2 | H3 | H4 |\n|:---|----|----|:---|\n| 1:1 whiskey victor lima | 1:2 mike zulu | 1:3 zulu juliet victor | 1:4 lima |\n| 2:1 delta oscar hotel | 2:2 zulu | 2:3 victor whiskey | 2:4 oscar tango india |\n| 3:1 romeo | 3:2 uniform | 3:3 tango sierra yankee | 3:4 charlie |\n| 4:1 uniform tango | 4:2 victor | 4:3 uniform | 4:4 golf |\n\n[file1](file:///C:/Temp/1.txt) [bad2](ht!tp://broken^2) [cross3](./clean_02.md#sec0) [ext4](https://example.com/4) [mail5](mailto:user5@example.com) [file6](file:///C:/Temp/6.txt) [bad7](ht!tp://broken^7) [cross8](./clean_02.md#sec2)\n",
        "slug": "refactored-clean-01",
        "start_char": 72,
        "start_line": 1,
        "text_content": "Refactored clean 01\n\nA simple paragraph with whiskey lima sierra sierra xray foxtrot yankee kilo mike uniform zulu lima.\n\nlist level 1 list level 2 list level 3 list level 4\ncode in list\nindented with tab\n\nH1H2H3H4\n\n1:1 whiskey victor lima1:2 mike zulu1:3 zulu juliet victor1:4 lima 2:1 delta oscar hotel2:2 zulu2:3 victor whiskey2:4 oscar tango india 3:1 romeo3:2 uniform3:3 tango sierra yankee3:4 charlie 4:1 uniform tango4:2 victor4:3 uniform4:4 golf\n\n[file1](file:///C:/Temp/1.txt) bad2 cross3 ext4 mail5 [file6](file:///C:/Temp/6.txt) bad7 cross8",
        "title": "Refactored clean 01"
      }
    ],
    "tables": [
      {
        "align": [
          "left",
          "left",
          "left",
          "left"
        ],
        "align_meta": {
          "heuristic": true
        },
        "align_mismatch": false,
        "column_count": 4,
        "end_line": 18,
        "headers": [
          "H1",
          "H2",
          "H3",
          "H4"
        ],
        "id": "table_0",
        "is_ragged": false,
        "row_count": 4,
        "rows": [
          [
            "1:1 whiskey victor lima",
            "1:2 mike zulu",
            "1:3 zulu juliet victor",
            "1:4 lima"
          ],
          [
            "2:1 delta oscar hotel",
            "2:2 zulu",
            "2:3 victor whiskey",
            "2:4 oscar tango india"
          ],
          [
            "3:1 romeo",
            "3:2 uniform",
            "3:3 tango sierra yankee",
            "3:4 charlie"
          ],
          [
            "4:1 uniform tango",
            "4:2 victor",
            "4:3 uniform",
            "4:4 golf"
          ]
        ],
        "section_id": "section_refactored-clean-01",
        "start_line": 12
      }
    ]
  }
}