{
  "content": {
    "lines": [
      "---",
      "",
      "# Heading after horizontal rule",
      ""
    ],
    "raw": "---\n\n# Heading after horizontal rule\n"
  },
  "mappings": {
    "code_blocks": [],
    "code_lines": [],
    "line_to_section": {
      "2": "section_heading-after-horizontal-rule",
      "3": "section_heading-after-horizontal-rule"
    },
    "line_to_type": {
      "0": "prose",
      "1": "prose",
      "2": "prose",
      "3": "prose"
    },
    "prose_lines": [
      0,
      1,
      2,
      3
    ]
  },
  "metadata": {
    "has_code": false,
    "has_frontmatter": false,
    "has_lists": false,
    "has_sections": true,
    "has_tables": false,
    "node_counts": {
      "heading": 1,
      "hr": 1,
      "inline": 1,
      "root": 1,
      "text": 1
    },
    "security": {
      "profile_used": "moderate",
      "statistics": {
        "allowed_schemes": [
          "http",
          "https",
          "mailto",
          "tel"
        ],
        "confusables_present": false,
        "frontmatter_at_bof": false,
        "has_data_uri_images": false,
        "has_event_handlers": false,
        "has_html_block": false,
        "has_html_inline": false,
        "has_script": false,
        "link_schemes": {},
        "nbsp_present": false,
        "nested_headings_blocked": 0,
        "path_traversal_pattern": false,
        "ragged_tables_count": 0,
        "table_align_mismatches": 0,
        "unicode_risk_score": 0,
        "zwsp_present": false
      },
      "summary": {
        "has_dangerous_content": false,
        "ragged_tables_count": 0,
        "total_warnings": 0,
        "unicode_risk_score": 0
      },
      "warnings": []
    },
    "total_chars": 37,
    "total_lines": 4
  },
  "structure": {
    "blockquotes": [],
    "code_blocks": [],
    "footnotes": {
      "definitions": [],
      "references": []
    },
    "headings": [
      {
        "end_char": 37,
        "id": "heading_heading-after-horizontal-rule",
        "level": 1,
        "line": 2,
        "parent_heading_id": null,
        "slug": "heading-after-horizontal-rule",
        "start_char": 5,
        "text": "Heading after horizontal rule"
      }
    ],
    "html_blocks": [],
    "html_inline": [],
    "images": [],
    "links": [],
    "lists": [],
    "paragraphs": [],
    "sections": [
      {
        "child_ids": [],
        "end_char": 37,
        "end_line": 3,
        "id": "section_heading-after-horizontal-rule",
        "level": 1,
        "parent_id": null,
        "raw_content": "# Heading after horizontal rule\n",
        "slug": "heading-after-horizontal-rule",
        "start_char": 5,
        "start_line": 2,
        "text_content": "Heading after horizontal rule",
        "title": "Heading after horizontal rule"
      }
    ],
    "tables": []
  }
}