{
  "content": {
    "lines": [
      "```md",
      "---",
      "title: Inside Code",
      "---",
      "```",
      "",
      "# Content",
      ""
    ],
    "raw": "```md\n---\ntitle: Inside Code\n---\n```\n\n# Content\n"
  },
  "mappings": {
    "code_blocks": [],
    "code_lines": [
      0,
      1,
      2,
      3,
      4,
      5
    ],
    "line_to_section": {
      "6": "section_content",
      "7": "section_content"
    },
    "line_to_type": {
      "0": "code",
      "1": "code",
      "2": "code",
      "3": "code",
      "4": "code",
      "5": "code",
      "6": "prose",
      "7": "prose"
    },
    "prose_lines": [
      6,
      7
    ]
  },
  "metadata": {
    "has_code": true,
    "has_frontmatter": false,
    "has_lists": false,
    "has_sections": true,
    "has_tables": false,
    "node_counts": {
      "fence": 1,
      "heading": 1,
      "inline": 1,
      "root": 1,
      "text": 1
    },
    "security": {
      "profile_used": "moderate",
      "statistics": {
        "allowed_schemes": [
          "http",
          "https",
          "mailto",
          "tel"
        ],
        "confusables_present": false,
        "frontmatter_at_bof": false,
        "has_data_uri_images": false,
        "has_event_handlers": false,
        "has_html_block": false,
        "has_html_inline": false,
        "has_script": false,
        "link_schemes": {},
        "nbsp_present": false,
        "nested_headings_blocked": 0,
        "path_traversal_pattern": false,
        "ragged_tables_count": 0,
        "table_align_mismatches": 0,
        "unicode_risk_score": 0,
        "zwsp_present": false
      },
      "summary": {
        "has_dangerous_content": false,
        "ragged_tables_count": 0,
        "total_warnings": 0,
        "unicode_risk_score": 0
      },
      "warnings": []
    },
    "total_chars": 48,
    "total_lines": 8
  },
  "structure": {
    "blockquotes": [],
    "code_blocks": [
      {
        "content": "---\ntitle: Inside Code\n---\n",
        "end_line": 5,
        "id": "code_0",
        "language": "md",
        "section_id": null,
        "start_line": 0,
        "type": "fenced"
      }
    ],
    "footnotes": {
      "definitions": [],
      "references": []
    },
    "headings": [
      {
        "end_char": 48,
        "id": "heading_content",
        "level": 1,
        "line": 6,
        "parent_heading_id": null,
        "slug": "content",
        "start_char": 38,
        "text": "Content"
      }
    ],
    "html_blocks": [],
    "html_inline": [],
    "images": [],
    "links": [],
    "lists": [],
    "paragraphs": [],
    "sections": [
      {
        "child_ids": [],
        "end_char": 48,
        "end_line": 7,
        "id": "section_content",
        "level": 1,
        "parent_id": null,
        "raw_content": "# Content\n",
        "slug": "content",
        "start_char": 38,
        "start_line": 6,
        "text_content": "Content",
        "title": "Content"
      }
    ],
    "tables": []
  }
}