{
  "content": {
    "lines": [
      "--- this is not yaml ---",
      "",
      "# Content",
      "Paragraph."
    ],
    "raw": "--- this is not yaml ---\n\n# Content\nParagraph."
  },
  "mappings": {
    "code_blocks": [],
    "code_lines": [],
    "line_to_section": {
      "2": "section_content",
      "3": "section_content"
    },
    "line_to_type": {
      "0": "prose",
      "1": "prose",
      "2": "prose",
      "3": "prose"
    },
    "prose_lines": [
      0,
      1,
      2,
      3
    ]
  },
  "metadata": {
    "has_code": false,
    "has_frontmatter": false,
    "has_lists": false,
    "has_sections": true,
    "has_tables": false,
    "node_counts": {
      "heading": 1,
      "inline": 3,
      "paragraph": 2,
      "root": 1,
      "text": 3
    },
    "security": {
      "profile_used": "moderate",
      "statistics": {
        "allowed_schemes": [
          "http",
          "https",
          "mailto",
          "tel"
        ],
        "confusables_present": false,
        "frontmatter_at_bof": false,
        "has_data_uri_images": false,
        "has_event_handlers": false,
        "has_html_block": false,
        "has_html_inline": false,
        "has_script": false,
        "link_schemes": {},
        "nbsp_present": false,
        "nested_headings_blocked": 0,
        "path_traversal_pattern": false,
        "ragged_tables_count": 0,
        "table_align_mismatches": 0,
        "unicode_risk_score": 0,
        "zwsp_present": false
      },
      "summary": {
        "has_dangerous_content": false,
        "ragged_tables_count": 0,
        "total_warnings": 0,
        "unicode_risk_score": 0
      },
      "warnings": []
    },
    "total_chars": 46,
    "total_lines": 4
  },
  "structure": {
    "blockquotes": [],
    "code_blocks": [],
    "footnotes": {
      "definitions": [],
      "references": []
    },
    "headings": [
      {
        "end_char": 36,
        "id": "heading_content",
        "level": 1,
        "line": 2,
        "parent_heading_id": null,
        "slug": "content",
        "start_char": 26,
        "text": "Content"
      }
    ],
    "html_blocks": [],
    "html_inline": [],
    "images": [],
    "links": [],
    "lists": [],
    "paragraphs": [
      {
        "end_line": 1,
        "has_code": false,
        "has_emphasis": false,
        "has_links": false,
        "id": "para_0",
        "section_id": null,
        "start_line": 0,
        "text": "--- this is not yaml ---",
        "word_count": 6
      },
      {
        "end_line": 4,
        "has_code": false,
        "has_emphasis": false,
        "has_links": false,
        "id": "para_1",
        "section_id": "section_content",
        "start_line": 3,
        "text": "Paragraph.",
        "word_count": 1
      }
    ],
    "sections": [
      {
        "child_ids": [],
        "end_char": 46,
        "end_line": 3,
        "id": "section_content",
        "level": 1,
        "parent_id": null,
        "raw_content": "# Content\nParagraph.",
        "slug": "content",
        "start_char": 26,
        "start_line": 2,
        "text_content": "Content Paragraph.",
        "title": "Content"
      }
    ],
    "tables": []
  }
}