{
  "content": {
    "lines": [
      "# Refactored footnotes 03",
      "Title",
      "=====",
      "",
      "Sub",
      "----",
      "",
      "",
      "Refs[^d] and again[^d].",
      "",
      "[^d]: First.",
      "[^d]: Second duplicate.",
      "",
      "[file1](file:///C:/Temp/1.txt) [bad2](ht!tp://broken^2) [cross3](./footnotes_04.md#sec0) [ext4](https://example.com/4)",
      ""
    ],
    "raw": "# Refactored footnotes 03\nTitle\n=====\n\nSub\n----\n\n\nRefs[^d] and again[^d].\n\n[^d]: First.\n[^d]: Second duplicate.\n\n[file1](file:///C:/Temp/1.txt) [bad2](ht!tp://broken^2) [cross3](./footnotes_04.md#sec0) [ext4](https://example.com/4)\n"
  },
  "mappings": {
    "code_blocks": [],
    "code_lines": [],
    "line_to_section": {
      "0": "section_refactored-footnotes-03",
      "1": "section_title",
      "10": "section_sub",
      "11": "section_sub",
      "12": "section_sub",
      "13": "section_sub",
      "14": "section_sub",
      "2": "section_title",
      "3": "section_title",
      "4": "section_sub",
      "5": "section_sub",
      "6": "section_sub",
      "7": "section_sub",
      "8": "section_sub",
      "9": "section_sub"
    },
    "line_to_type": {
      "0": "prose",
      "1": "prose",
      "10": "prose",
      "11": "prose",
      "12": "prose",
      "13": "prose",
      "14": "prose",
      "2": "prose",
      "3": "prose",
      "4": "prose",
      "5": "prose",
      "6": "prose",
      "7": "prose",
      "8": "prose",
      "9": "prose"
    },
    "prose_lines": [
      0,
      1,
      2,
      3,
      4,
      5,
      6,
      7,
      8,
      9,
      10,
      11,
      12,
      13,
      14
    ]
  },
  "metadata": {
    "embedding_block_reason": "Raw content contains disallowed link schemes",
    "embedding_blocked": true,
    "frontmatter": {
      "id": "ref_footnotes_03",
      "note": "footnotes-case",
      "title": "Refactored footnotes 03"
    },
    "has_code": false,
    "has_frontmatter": true,
    "has_lists": false,
    "has_sections": true,
    "has_tables": false,
    "node_counts": {
      "footnote": 1,
      "footnote_anchor": 2,
      "footnote_block": 1,
      "footnote_ref": 2,
      "heading": 3,
      "inline": 6,
      "link": 3,
      "paragraph": 3,
      "root": 1,
      "text": 13
    },
    "security": {
      "link_disallowed_schemes_raw": true,
      "profile_used": "moderate",
      "statistics": {
        "allowed_schemes": [
          "http",
          "https",
          "mailto",
          "tel"
        ],
        "confusables_present": false,
        "frontmatter_at_bof": true,
        "has_data_uri_images": false,
        "has_event_handlers": false,
        "has_html_block": false,
        "has_html_inline": false,
        "has_script": false,
        "link_schemes": {
          "https": 1,
          "relative": 2
        },
        "nbsp_present": false,
        "nested_headings_blocked": 0,
        "path_traversal_pattern": true,
        "ragged_tables_count": 0,
        "raw_dangerous_schemes": true,
        "table_align_mismatches": 0,
        "unicode_risk_score": 0,
        "zwsp_present": false
      },
      "summary": {
        "has_dangerous_content": true,
        "ragged_tables_count": 0,
        "total_warnings": 4,
        "unicode_risk_score": 0
      },
      "warnings": [
        {
          "line": 13,
          "message": "Link contains path traversal pattern",
          "type": "path_traversal",
          "url": "ht!tp://broken%5E2"
        },
        {
          "line": 13,
          "message": "Link contains path traversal pattern",
          "type": "path_traversal",
          "url": "https://example.com/4"
        },
        {
          "message": "Raw content contains potentially dangerous scheme: file:",
          "type": "disallowed_schemes_raw"
        },
        {
          "message": "Dangerous scheme \"file:\" found in raw content",
          "scheme": "file",
          "type": "raw_dangerous_scheme"
        }
      ]
    },
    "security_policies_applied": [
      "embedding_blocked_schemes_raw",
      "dropped_1_unsafe_links"
    ],
    "total_chars": 232,
    "total_lines": 15
  },
  "structure": {
    "blockquotes": [],
    "code_blocks": [],
    "footnotes": {
      "definitions": [
        {
          "byte_length": 17,
          "content": "Second duplicate.",
          "end_line": null,
          "id": "d",
          "label": "d",
          "nested_structures": [],
          "section_id": null,
          "start_line": null
        }
      ],
      "references": [
        {
          "id": "d",
          "label": "d",
          "line": null,
          "section_id": null
        },
        {
          "id": "d",
          "label": "d",
          "line": null,
          "section_id": null
        }
      ]
    },
    "headings": [
      {
        "end_char": 26,
        "id": "heading_refactored-footnotes-03",
        "level": 1,
        "line": 0,
        "parent_heading_id": null,
        "slug": "refactored-footnotes-03",
        "start_char": 0,
        "text": "Refactored footnotes 03"
      },
      {
        "end_char": 32,
        "id": "heading_title",
        "level": 1,
        "line": 1,
        "parent_heading_id": null,
        "slug": "title",
        "start_char": 26,
        "text": "Title"
      },
      {
        "end_char": 43,
        "id": "heading_sub",
        "level": 1,
        "line": 4,
        "parent_heading_id": null,
        "slug": "sub",
        "start_char": 39,
        "text": "Sub"
      }
    ],
    "html_blocks": [],
    "html_inline": [],
    "images": [],
    "links": [
      {
        "allowed": true,
        "line": 13,
        "scheme": null,
        "text": "cross3",
        "type": "internal",
        "url": "./footnotes_04.md#sec0"
      },
      {
        "allowed": true,
        "line": 13,
        "scheme": "https",
        "text": "ext4",
        "type": "external",
        "url": "https://example.com/4"
      }
    ],
    "lists": [],
    "paragraphs": [
      {
        "end_line": 9,
        "has_code": false,
        "has_emphasis": false,
        "has_links": false,
        "id": "para_0",
        "section_id": "section_sub",
        "start_line": 8,
        "text": "Refs and again.",
        "word_count": 3
      },
      {
        "end_line": 14,
        "has_code": false,
        "has_emphasis": false,
        "has_links": true,
        "id": "para_1",
        "section_id": "section_sub",
        "start_line": 13,
        "text": "[file1](file:///C:/Temp/1.txt) bad2 cross3 ext4",
        "word_count": 4
      },
      {
        "end_line": 12,
        "has_code": false,
        "has_emphasis": false,
        "has_links": false,
        "id": "para_2",
        "section_id": "section_sub",
        "start_line": 11,
        "text": "Second duplicate.",
        "word_count": 2
      }
    ],
    "sections": [
      {
        "child_ids": [],
        "end_char": 26,
        "end_line": 0,
        "id": "section_refactored-footnotes-03",
        "level": 1,
        "parent_id": null,
        "raw_content": "# Refactored footnotes 03",
        "slug": "refactored-footnotes-03",
        "start_char": 0,
        "start_line": 0,
        "text_content": "Refactored footnotes 03",
        "title": "Refactored footnotes 03"
      },
      {
        "child_ids": [],
        "end_char": 39,
        "end_line": 3,
        "id": "section_title",
        "level": 1,
        "parent_id": null,
        "raw_content": "Title\n=====\n",
        "slug": "title",
        "start_char": 26,
        "start_line": 1,
        "text_content": "Title",
        "title": "Title"
      },
      {
        "child_ids": [],
        "end_char": 232,
        "end_line": 14,
        "id": "section_sub",
        "level": 1,
        "parent_id": null,
        "raw_content": "Sub\n----\n\n\nRefs[^d] and again[^d].\n\n[^d]: First.\n[^d]: Second duplicate.\n\n[file1](file:///C:/Temp/1.txt) [bad2](ht!tp://broken^2) [cross3](./footnotes_04.md#sec0) [ext4](https://example.com/4)\n",
        "slug": "sub",
        "start_char": 39,
        "start_line": 4,
        "text_content": "Sub\n\nRefs and again.\n\n[file1](file:///C:/Temp/1.txt) bad2 cross3 ext4Second duplicate.",
        "title": "Sub"
      }
    ],
    "tables": []
  }
}