{
  "content": {
    "lines": [
      "# Refactored footnotes 01",
      "",
      "Footnote ref here[^a].",
      "",
      "[^a]: A proper footnote.",
      "",
      "[file1](file:///C:/Temp/1.txt) [bad2](ht!tp://broken^2) [cross3](./footnotes_02.md#sec0) [ext4](https://example.com/4)",
      ""
    ],
    "raw": "# Refactored footnotes 01\n\nFootnote ref here[^a].\n\n[^a]: A proper footnote.\n\n[file1](file:///C:/Temp/1.txt) [bad2](ht!tp://broken^2) [cross3](./footnotes_02.md#sec0) [ext4](https://example.com/4)\n"
  },
  "mappings": {
    "code_blocks": [],
    "code_lines": [],
    "line_to_section": {
      "0": "section_refactored-footnotes-01",
      "1": "section_refactored-footnotes-01",
      "2": "section_refactored-footnotes-01",
      "3": "section_refactored-footnotes-01",
      "4": "section_refactored-footnotes-01",
      "5": "section_refactored-footnotes-01",
      "6": "section_refactored-footnotes-01",
      "7": "section_refactored-footnotes-01"
    },
    "line_to_type": {
      "0": "prose",
      "1": "prose",
      "2": "prose",
      "3": "prose",
      "4": "prose",
      "5": "prose",
      "6": "prose",
      "7": "prose"
    },
    "prose_lines": [
      0,
      1,
      2,
      3,
      4,
      5,
      6,
      7
    ]
  },
  "metadata": {
    "embedding_block_reason": "Raw content contains disallowed link schemes",
    "embedding_blocked": true,
    "frontmatter": {
      "id": "ref_footnotes_01",
      "note": "footnotes-case",
      "title": "Refactored footnotes 01"
    },
    "has_code": false,
    "has_frontmatter": true,
    "has_lists": false,
    "has_sections": true,
    "has_tables": false,
    "node_counts": {
      "footnote": 1,
      "footnote_anchor": 1,
      "footnote_block": 1,
      "footnote_ref": 1,
      "heading": 1,
      "inline": 4,
      "link": 3,
      "paragraph": 3,
      "root": 1,
      "text": 10
    },
    "security": {
      "link_disallowed_schemes_raw": true,
      "profile_used": "moderate",
      "statistics": {
        "allowed_schemes": [
          "http",
          "https",
          "mailto",
          "tel"
        ],
        "confusables_present": false,
        "frontmatter_at_bof": true,
        "has_data_uri_images": false,
        "has_event_handlers": false,
        "has_html_block": false,
        "has_html_inline": false,
        "has_script": false,
        "link_schemes": {
          "https": 1,
          "relative": 2
        },
        "nbsp_present": false,
        "nested_headings_blocked": 0,
        "path_traversal_pattern": true,
        "ragged_tables_count": 0,
        "raw_dangerous_schemes": true,
        "table_align_mismatches": 0,
        "unicode_risk_score": 0,
        "zwsp_present": false
      },
      "summary": {
        "has_dangerous_content": true,
        "ragged_tables_count": 0,
        "total_warnings": 4,
        "unicode_risk_score": 0
      },
      "warnings": [
        {
          "line": 6,
          "message": "Link contains path traversal pattern",
          "type": "path_traversal",
          "url": "ht!tp://broken%5E2"
        },
        {
          "line": 6,
          "message": "Link contains path traversal pattern",
          "type": "path_traversal",
          "url": "https://example.com/4"
        },
        {
          "message": "Raw content contains potentially dangerous scheme: file:",
          "type": "disallowed_schemes_raw"
        },
        {
          "message": "Dangerous scheme \"file:\" found in raw content",
          "scheme": "file",
          "type": "raw_dangerous_scheme"
        }
      ]
    },
    "security_policies_applied": [
      "embedding_blocked_schemes_raw",
      "dropped_1_unsafe_links"
    ],
    "total_chars": 196,
    "total_lines": 8
  },
  "structure": {
    "blockquotes": [],
    "code_blocks": [],
    "footnotes": {
      "definitions": [
        {
          "byte_length": 18,
          "content": "A proper footnote.",
          "end_line": null,
          "id": "a",
          "label": "a",
          "nested_structures": [],
          "section_id": null,
          "start_line": null
        }
      ],
      "references": [
        {
          "id": "a",
          "label": "a",
          "line": null,
          "section_id": null
        }
      ]
    },
    "headings": [
      {
        "end_char": 26,
        "id": "heading_refactored-footnotes-01",
        "level": 1,
        "line": 0,
        "parent_heading_id": null,
        "slug": "refactored-footnotes-01",
        "start_char": 0,
        "text": "Refactored footnotes 01"
      }
    ],
    "html_blocks": [],
    "html_inline": [],
    "images": [],
    "links": [
      {
        "allowed": true,
        "line": 6,
        "scheme": null,
        "text": "cross3",
        "type": "internal",
        "url": "./footnotes_02.md#sec0"
      },
      {
        "allowed": true,
        "line": 6,
        "scheme": "https",
        "text": "ext4",
        "type": "external",
        "url": "https://example.com/4"
      }
    ],
    "lists": [],
    "paragraphs": [
      {
        "end_line": 3,
        "has_code": false,
        "has_emphasis": false,
        "has_links": false,
        "id": "para_0",
        "section_id": "section_refactored-footnotes-01",
        "start_line": 2,
        "text": "Footnote ref here.",
        "word_count": 3
      },
      {
        "end_line": 7,
        "has_code": false,
        "has_emphasis": false,
        "has_links": true,
        "id": "para_1",
        "section_id": "section_refactored-footnotes-01",
        "start_line": 6,
        "text": "[file1](file:///C:/Temp/1.txt) bad2 cross3 ext4",
        "word_count": 4
      },
      {
        "end_line": 5,
        "has_code": false,
        "has_emphasis": false,
        "has_links": false,
        "id": "para_2",
        "section_id": "section_refactored-footnotes-01",
        "start_line": 4,
        "text": "A proper footnote.",
        "word_count": 3
      }
    ],
    "sections": [
      {
        "child_ids": [],
        "end_char": 196,
        "end_line": 7,
        "id": "section_refactored-footnotes-01",
        "level": 1,
        "parent_id": null,
        "raw_content": "# Refactored footnotes 01\n\nFootnote ref here[^a].\n\n[^a]: A proper footnote.\n\n[file1](file:///C:/Temp/1.txt) [bad2](ht!tp://broken^2) [cross3](./footnotes_02.md#sec0) [ext4](https://example.com/4)\n",
        "slug": "refactored-footnotes-01",
        "start_char": 0,
        "start_line": 0,
        "text_content": "Refactored footnotes 01\n\nFootnote ref here.\n\n[file1](file:///C:/Temp/1.txt) bad2 cross3 ext4A proper footnote.",
        "title": "Refactored footnotes 01"
      }
    ],
    "tables": []
  }
}