{
  "content": {
    "lines": [
      "+++",
      "title = \"Refactored footnotes 05\"",
      "id = \"ref_footnotes_05\"",
      "note = \"footnotes-case\"",
      "+++",
      "# Refactored footnotes 05",
      "",
      "Refs[^x] and[^y], but only one.",
      "",
      "[^x]: Present.",
      "",
      "[file1](file:///C:/Temp/1.txt) [bad2](ht!tp://broken^2) [cross3](./footnotes_01.md#sec0) [ext4](https://example.com/4)",
      ""
    ],
    "raw": "+++\ntitle = \"Refactored footnotes 05\"\nid = \"ref_footnotes_05\"\nnote = \"footnotes-case\"\n+++\n# Refactored footnotes 05\n\nRefs[^x] and[^y], but only one.\n\n[^x]: Present.\n\n[file1](file:///C:/Temp/1.txt) [bad2](ht!tp://broken^2) [cross3](./footnotes_01.md#sec0) [ext4](https://example.com/4)\n"
  },
  "mappings": {
    "code_blocks": [],
    "code_lines": [],
    "line_to_section": {
      "10": "section_refactored-footnotes-05",
      "11": "section_refactored-footnotes-05",
      "12": "section_refactored-footnotes-05",
      "5": "section_refactored-footnotes-05",
      "6": "section_refactored-footnotes-05",
      "7": "section_refactored-footnotes-05",
      "8": "section_refactored-footnotes-05",
      "9": "section_refactored-footnotes-05"
    },
    "line_to_type": {
      "0": "prose",
      "1": "prose",
      "10": "prose",
      "11": "prose",
      "12": "prose",
      "2": "prose",
      "3": "prose",
      "4": "prose",
      "5": "prose",
      "6": "prose",
      "7": "prose",
      "8": "prose",
      "9": "prose"
    },
    "prose_lines": [
      0,
      1,
      2,
      3,
      4,
      5,
      6,
      7,
      8,
      9,
      10,
      11,
      12
    ]
  },
  "metadata": {
    "embedding_block_reason": "Raw content contains disallowed link schemes",
    "embedding_blocked": true,
    "has_code": false,
    "has_frontmatter": false,
    "has_lists": false,
    "has_sections": true,
    "has_tables": false,
    "node_counts": {
      "footnote": 1,
      "footnote_anchor": 1,
      "footnote_block": 1,
      "footnote_ref": 1,
      "heading": 1,
      "inline": 5,
      "link": 3,
      "paragraph": 4,
      "root": 1,
      "softbreak": 4,
      "text": 15
    },
    "security": {
      "link_disallowed_schemes_raw": true,
      "profile_used": "moderate",
      "statistics": {
        "allowed_schemes": [
          "http",
          "https",
          "mailto",
          "tel"
        ],
        "confusables_present": false,
        "frontmatter_at_bof": false,
        "has_data_uri_images": false,
        "has_event_handlers": false,
        "has_html_block": false,
        "has_html_inline": false,
        "has_script": false,
        "link_schemes": {
          "https": 1,
          "relative": 2
        },
        "nbsp_present": false,
        "nested_headings_blocked": 0,
        "path_traversal_pattern": true,
        "ragged_tables_count": 0,
        "raw_dangerous_schemes": true,
        "table_align_mismatches": 0,
        "unicode_risk_score": 0,
        "zwsp_present": false
      },
      "summary": {
        "has_dangerous_content": true,
        "ragged_tables_count": 0,
        "total_warnings": 4,
        "unicode_risk_score": 0
      },
      "warnings": [
        {
          "line": 11,
          "message": "Link contains path traversal pattern",
          "type": "path_traversal",
          "url": "ht!tp://broken%5E2"
        },
        {
          "line": 11,
          "message": "Link contains path traversal pattern",
          "type": "path_traversal",
          "url": "https://example.com/4"
        },
        {
          "message": "Raw content contains potentially dangerous scheme: file:",
          "type": "disallowed_schemes_raw"
        },
        {
          "message": "Dangerous scheme \"file:\" found in raw content",
          "scheme": "file",
          "type": "raw_dangerous_scheme"
        }
      ]
    },
    "security_policies_applied": [
      "embedding_blocked_schemes_raw",
      "dropped_1_unsafe_links"
    ],
    "total_chars": 285,
    "total_lines": 13
  },
  "structure": {
    "blockquotes": [],
    "code_blocks": [],
    "footnotes": {
      "definitions": [
        {
          "byte_length": 8,
          "content": "Present.",
          "end_line": null,
          "id": "x",
          "label": "x",
          "nested_structures": [],
          "section_id": null,
          "start_line": null
        }
      ],
      "references": [
        {
          "id": "x",
          "label": "x",
          "line": null,
          "section_id": null
        }
      ]
    },
    "headings": [
      {
        "end_char": 116,
        "id": "heading_refactored-footnotes-05",
        "level": 1,
        "line": 5,
        "parent_heading_id": null,
        "slug": "refactored-footnotes-05",
        "start_char": 90,
        "text": "Refactored footnotes 05"
      }
    ],
    "html_blocks": [],
    "html_inline": [],
    "images": [],
    "links": [
      {
        "allowed": true,
        "line": 11,
        "scheme": null,
        "text": "cross3",
        "type": "internal",
        "url": "./footnotes_01.md#sec0"
      },
      {
        "allowed": true,
        "line": 11,
        "scheme": "https",
        "text": "ext4",
        "type": "external",
        "url": "https://example.com/4"
      }
    ],
    "lists": [],
    "paragraphs": [
      {
        "end_line": 5,
        "has_code": false,
        "has_emphasis": false,
        "has_links": false,
        "id": "para_0",
        "section_id": null,
        "start_line": 0,
        "text": "+++\ntitle = \"Refactored footnotes 05\"\nid = \"ref_footnotes_05\"\nnote = \"footnotes-case\"\n+++",
        "word_count": 13
      },
      {
        "end_line": 8,
        "has_code": false,
        "has_emphasis": false,
        "has_links": false,
        "id": "para_1",
        "section_id": "section_refactored-footnotes-05",
        "start_line": 7,
        "text": "Refs and[^y], but only one.",
        "word_count": 5
      },
      {
        "end_line": 12,
        "has_code": false,
        "has_emphasis": false,
        "has_links": true,
        "id": "para_2",
        "section_id": "section_refactored-footnotes-05",
        "start_line": 11,
        "text": "[file1](file:///C:/Temp/1.txt) bad2 cross3 ext4",
        "word_count": 4
      },
      {
        "end_line": 10,
        "has_code": false,
        "has_emphasis": false,
        "has_links": false,
        "id": "para_3",
        "section_id": "section_refactored-footnotes-05",
        "start_line": 9,
        "text": "Present.",
        "word_count": 1
      }
    ],
    "sections": [
      {
        "child_ids": [],
        "end_char": 285,
        "end_line": 12,
        "id": "section_refactored-footnotes-05",
        "level": 1,
        "parent_id": null,
        "raw_content": "# Refactored footnotes 05\n\nRefs[^x] and[^y], but only one.\n\n[^x]: Present.\n\n[file1](file:///C:/Temp/1.txt) [bad2](ht!tp://broken^2) [cross3](./footnotes_01.md#sec0) [ext4](https://example.com/4)\n",
        "slug": "refactored-footnotes-05",
        "start_char": 90,
        "start_line": 5,
        "text_content": "Refactored footnotes 05\n\nRefs and[^y], but only one.\n\n[file1](file:///C:/Temp/1.txt) bad2 cross3 ext4Present.",
        "title": "Refactored footnotes 05"
      }
    ],
    "tables": []
  }
}