{
  "content": {
    "lines": [
      "# Refactored frontmatter 05",
      "Title",
      "=====",
      "",
      "Sub",
      "----",
      "",
      "",
      "Front matter variant above; plus wiki links: [[Page One]] and [[Page Two|Alias]].",
      "",
      "[file1](file:///C:/Temp/1.txt) [bad2](ht!tp://broken^2) [cross3](./frontmatter_01.md#sec0) [ext4](https://example.com/4) [mail5](mailto:user5@example.com)",
      ""
    ],
    "raw": "# Refactored frontmatter 05\nTitle\n=====\n\nSub\n----\n\n\nFront matter variant above; plus wiki links: [[Page One]] and [[Page Two|Alias]].\n\n[file1](file:///C:/Temp/1.txt) [bad2](ht!tp://broken^2) [cross3](./frontmatter_01.md#sec0) [ext4](https://example.com/4) [mail5](mailto:user5@example.com)\n"
  },
  "mappings": {
    "code_blocks": [],
    "code_lines": [],
    "line_to_section": {
      "0": "section_refactored-frontmatter-05",
      "1": "section_title",
      "10": "section_sub",
      "11": "section_sub",
      "2": "section_title",
      "3": "section_title",
      "4": "section_sub",
      "5": "section_sub",
      "6": "section_sub",
      "7": "section_sub",
      "8": "section_sub",
      "9": "section_sub"
    },
    "line_to_type": {
      "0": "prose",
      "1": "prose",
      "10": "prose",
      "11": "prose",
      "2": "prose",
      "3": "prose",
      "4": "prose",
      "5": "prose",
      "6": "prose",
      "7": "prose",
      "8": "prose",
      "9": "prose"
    },
    "prose_lines": [
      0,
      1,
      2,
      3,
      4,
      5,
      6,
      7,
      8,
      9,
      10,
      11
    ]
  },
  "metadata": {
    "embedding_block_reason": "Raw content contains disallowed link schemes",
    "embedding_blocked": true,
    "frontmatter": {
      "id": "ref_frontmatter_05",
      "note": "frontmatter-case",
      "title": "Refactored frontmatter 05"
    },
    "has_code": false,
    "has_frontmatter": true,
    "has_lists": false,
    "has_sections": true,
    "has_tables": false,
    "node_counts": {
      "heading": 3,
      "inline": 5,
      "link": 4,
      "paragraph": 2,
      "root": 1,
      "text": 12
    },
    "security": {
      "link_disallowed_schemes_raw": true,
      "profile_used": "moderate",
      "statistics": {
        "allowed_schemes": [
          "http",
          "https",
          "mailto",
          "tel"
        ],
        "confusables_present": false,
        "frontmatter_at_bof": true,
        "has_data_uri_images": false,
        "has_event_handlers": false,
        "has_html_block": false,
        "has_html_inline": false,
        "has_script": false,
        "link_schemes": {
          "https": 1,
          "mailto": 1,
          "relative": 2
        },
        "nbsp_present": false,
        "nested_headings_blocked": 0,
        "path_traversal_pattern": true,
        "ragged_tables_count": 0,
        "raw_dangerous_schemes": true,
        "table_align_mismatches": 0,
        "unicode_risk_score": 0,
        "zwsp_present": false
      },
      "summary": {
        "has_dangerous_content": true,
        "ragged_tables_count": 0,
        "total_warnings": 4,
        "unicode_risk_score": 0
      },
      "warnings": [
        {
          "line": 10,
          "message": "Link contains path traversal pattern",
          "type": "path_traversal",
          "url": "ht!tp://broken%5E2"
        },
        {
          "line": 10,
          "message": "Link contains path traversal pattern",
          "type": "path_traversal",
          "url": "https://example.com/4"
        },
        {
          "message": "Raw content contains potentially dangerous scheme: file:",
          "type": "disallowed_schemes_raw"
        },
        {
          "message": "Dangerous scheme \"file:\" found in raw content",
          "scheme": "file",
          "type": "raw_dangerous_scheme"
        }
      ]
    },
    "security_policies_applied": [
      "embedding_blocked_schemes_raw",
      "dropped_1_unsafe_links"
    ],
    "total_chars": 290,
    "total_lines": 12
  },
  "structure": {
    "blockquotes": [],
    "code_blocks": [],
    "footnotes": {
      "definitions": [],
      "references": []
    },
    "headings": [
      {
        "end_char": 28,
        "id": "heading_refactored-frontmatter-05",
        "level": 1,
        "line": 0,
        "parent_heading_id": null,
        "slug": "refactored-frontmatter-05",
        "start_char": 0,
        "text": "Refactored frontmatter 05"
      },
      {
        "end_char": 34,
        "id": "heading_title",
        "level": 1,
        "line": 1,
        "parent_heading_id": null,
        "slug": "title",
        "start_char": 28,
        "text": "Title"
      },
      {
        "end_char": 45,
        "id": "heading_sub",
        "level": 1,
        "line": 4,
        "parent_heading_id": null,
        "slug": "sub",
        "start_char": 41,
        "text": "Sub"
      }
    ],
    "html_blocks": [],
    "html_inline": [],
    "images": [],
    "links": [
      {
        "allowed": true,
        "line": 10,
        "scheme": null,
        "text": "cross3",
        "type": "internal",
        "url": "./frontmatter_01.md#sec0"
      },
      {
        "allowed": true,
        "line": 10,
        "scheme": "https",
        "text": "ext4",
        "type": "external",
        "url": "https://example.com/4"
      },
      {
        "allowed": true,
        "line": 10,
        "scheme": "mailto",
        "text": "mail5",
        "type": "email",
        "url": "mailto:user5@example.com"
      }
    ],
    "lists": [],
    "paragraphs": [
      {
        "end_line": 9,
        "has_code": false,
        "has_emphasis": false,
        "has_links": false,
        "id": "para_0",
        "section_id": "section_sub",
        "start_line": 8,
        "text": "Front matter variant above; plus wiki links: [[Page One]] and [[Page Two|Alias]].",
        "word_count": 12
      },
      {
        "end_line": 11,
        "has_code": false,
        "has_emphasis": false,
        "has_links": true,
        "id": "para_1",
        "section_id": "section_sub",
        "start_line": 10,
        "text": "[file1](file:///C:/Temp/1.txt) bad2 cross3 ext4 mail5",
        "word_count": 5
      }
    ],
    "sections": [
      {
        "child_ids": [],
        "end_char": 28,
        "end_line": 0,
        "id": "section_refactored-frontmatter-05",
        "level": 1,
        "parent_id": null,
        "raw_content": "# Refactored frontmatter 05",
        "slug": "refactored-frontmatter-05",
        "start_char": 0,
        "start_line": 0,
        "text_content": "Refactored frontmatter 05",
        "title": "Refactored frontmatter 05"
      },
      {
        "child_ids": [],
        "end_char": 41,
        "end_line": 3,
        "id": "section_title",
        "level": 1,
        "parent_id": null,
        "raw_content": "Title\n=====\n",
        "slug": "title",
        "start_char": 28,
        "start_line": 1,
        "text_content": "Title",
        "title": "Title"
      },
      {
        "child_ids": [],
        "end_char": 290,
        "end_line": 11,
        "id": "section_sub",
        "level": 1,
        "parent_id": null,
        "raw_content": "Sub\n----\n\n\nFront matter variant above; plus wiki links: [[Page One]] and [[Page Two|Alias]].\n\n[file1](file:///C:/Temp/1.txt) [bad2](ht!tp://broken^2) [cross3](./frontmatter_01.md#sec0) [ext4](https://example.com/4) [mail5](mailto:user5@example.com)\n",
        "slug": "sub",
        "start_char": 41,
        "start_line": 4,
        "text_content": "Sub\n\nFront matter variant above; plus wiki links: [[Page One]] and [[Page Two|Alias]].\n\n[file1](file:///C:/Temp/1.txt) bad2 cross3 ext4 mail5",
        "title": "Sub"
      }
    ],
    "tables": []
  }
}