{
  "content": {
    "lines": [
      "+++",
      "title = \"Refactored frontmatter 02\"",
      "id = \"ref_frontmatter_02\"",
      "note = \"frontmatter-case\"",
      "+++",
      "# Refactored frontmatter 02",
      "",
      "Front matter variant above; plus wiki links: [[Page One]] and [[Page Two|Alias]].",
      "",
      "[file1](file:///C:/Temp/1.txt) [bad2](ht!tp://broken^2) [cross3](./frontmatter_03.md#sec0) [ext4](https://example.com/4) [mail5](mailto:user5@example.com)",
      ""
    ],
    "raw": "+++\ntitle = \"Refactored frontmatter 02\"\nid = \"ref_frontmatter_02\"\nnote = \"frontmatter-case\"\n+++\n# Refactored frontmatter 02\n\nFront matter variant above; plus wiki links: [[Page One]] and [[Page Two|Alias]].\n\n[file1](file:///C:/Temp/1.txt) [bad2](ht!tp://broken^2) [cross3](./frontmatter_03.md#sec0) [ext4](https://example.com/4) [mail5](mailto:user5@example.com)\n"
  },
  "mappings": {
    "code_blocks": [],
    "code_lines": [],
    "line_to_section": {
      "10": "section_refactored-frontmatter-02",
      "5": "section_refactored-frontmatter-02",
      "6": "section_refactored-frontmatter-02",
      "7": "section_refactored-frontmatter-02",
      "8": "section_refactored-frontmatter-02",
      "9": "section_refactored-frontmatter-02"
    },
    "line_to_type": {
      "0": "prose",
      "1": "prose",
      "10": "prose",
      "2": "prose",
      "3": "prose",
      "4": "prose",
      "5": "prose",
      "6": "prose",
      "7": "prose",
      "8": "prose",
      "9": "prose"
    },
    "prose_lines": [
      0,
      1,
      2,
      3,
      4,
      5,
      6,
      7,
      8,
      9,
      10
    ]
  },
  "metadata": {
    "embedding_block_reason": "Raw content contains disallowed link schemes",
    "embedding_blocked": true,
    "has_code": false,
    "has_frontmatter": false,
    "has_lists": false,
    "has_sections": true,
    "has_tables": false,
    "node_counts": {
      "heading": 1,
      "inline": 4,
      "link": 4,
      "paragraph": 3,
      "root": 1,
      "softbreak": 4,
      "text": 15
    },
    "security": {
      "link_disallowed_schemes_raw": true,
      "profile_used": "moderate",
      "statistics": {
        "allowed_schemes": [
          "http",
          "https",
          "mailto",
          "tel"
        ],
        "confusables_present": false,
        "frontmatter_at_bof": false,
        "has_data_uri_images": false,
        "has_event_handlers": false,
        "has_html_block": false,
        "has_html_inline": false,
        "has_script": false,
        "link_schemes": {
          "https": 1,
          "mailto": 1,
          "relative": 2
        },
        "nbsp_present": false,
        "nested_headings_blocked": 0,
        "path_traversal_pattern": true,
        "ragged_tables_count": 0,
        "raw_dangerous_schemes": true,
        "table_align_mismatches": 0,
        "unicode_risk_score": 0,
        "zwsp_present": false
      },
      "summary": {
        "has_dangerous_content": true,
        "ragged_tables_count": 0,
        "total_warnings": 4,
        "unicode_risk_score": 0
      },
      "warnings": [
        {
          "line": 9,
          "message": "Link contains path traversal pattern",
          "type": "path_traversal",
          "url": "ht!tp://broken%5E2"
        },
        {
          "line": 9,
          "message": "Link contains path traversal pattern",
          "type": "path_traversal",
          "url": "https://example.com/4"
        },
        {
          "message": "Raw content contains potentially dangerous scheme: file:",
          "type": "disallowed_schemes_raw"
        },
        {
          "message": "Dangerous scheme \"file:\" found in raw content",
          "scheme": "file",
          "type": "raw_dangerous_scheme"
        }
      ]
    },
    "security_policies_applied": [
      "embedding_blocked_schemes_raw",
      "dropped_1_unsafe_links"
    ],
    "total_chars": 363,
    "total_lines": 11
  },
  "structure": {
    "blockquotes": [],
    "code_blocks": [],
    "footnotes": {
      "definitions": [],
      "references": []
    },
    "headings": [
      {
        "end_char": 124,
        "id": "heading_refactored-frontmatter-02",
        "level": 1,
        "line": 5,
        "parent_heading_id": null,
        "slug": "refactored-frontmatter-02",
        "start_char": 96,
        "text": "Refactored frontmatter 02"
      }
    ],
    "html_blocks": [],
    "html_inline": [],
    "images": [],
    "links": [
      {
        "allowed": true,
        "line": 9,
        "scheme": null,
        "text": "cross3",
        "type": "internal",
        "url": "./frontmatter_03.md#sec0"
      },
      {
        "allowed": true,
        "line": 9,
        "scheme": "https",
        "text": "ext4",
        "type": "external",
        "url": "https://example.com/4"
      },
      {
        "allowed": true,
        "line": 9,
        "scheme": "mailto",
        "text": "mail5",
        "type": "email",
        "url": "mailto:user5@example.com"
      }
    ],
    "lists": [],
    "paragraphs": [
      {
        "end_line": 5,
        "has_code": false,
        "has_emphasis": false,
        "has_links": false,
        "id": "para_0",
        "section_id": null,
        "start_line": 0,
        "text": "+++\ntitle = \"Refactored frontmatter 02\"\nid = \"ref_frontmatter_02\"\nnote = \"frontmatter-case\"\n+++",
        "word_count": 13
      },
      {
        "end_line": 8,
        "has_code": false,
        "has_emphasis": false,
        "has_links": false,
        "id": "para_1",
        "section_id": "section_refactored-frontmatter-02",
        "start_line": 7,
        "text": "Front matter variant above; plus wiki links: [[Page One]] and [[Page Two|Alias]].",
        "word_count": 12
      },
      {
        "end_line": 10,
        "has_code": false,
        "has_emphasis": false,
        "has_links": true,
        "id": "para_2",
        "section_id": "section_refactored-frontmatter-02",
        "start_line": 9,
        "text": "[file1](file:///C:/Temp/1.txt) bad2 cross3 ext4 mail5",
        "word_count": 5
      }
    ],
    "sections": [
      {
        "child_ids": [],
        "end_char": 363,
        "end_line": 10,
        "id": "section_refactored-frontmatter-02",
        "level": 1,
        "parent_id": null,
        "raw_content": "# Refactored frontmatter 02\n\nFront matter variant above; plus wiki links: [[Page One]] and [[Page Two|Alias]].\n\n[file1](file:///C:/Temp/1.txt) [bad2](ht!tp://broken^2) [cross3](./frontmatter_03.md#sec0) [ext4](https://example.com/4) [mail5](mailto:user5@example.com)\n",
        "slug": "refactored-frontmatter-02",
        "start_char": 96,
        "start_line": 5,
        "text_content": "Refactored frontmatter 02\n\nFront matter variant above; plus wiki links: [[Page One]] and [[Page Two|Alias]].\n\n[file1](file:///C:/Temp/1.txt) bad2 cross3 ext4 mail5",
        "title": "Refactored frontmatter 02"
      }
    ],
    "tables": []
  }
}