{
  "content": {
    "lines": [
      "{\"title\":\"Refactored images 03\",\"id\":\"ref_images_03\",\"note\":\"images-case\"}",
      "# Refactored images 03",
      "",
      "![ok0](https://via.placeholder.com/64 \"t0\")",
      "![ok1](https://via.placeholder.com/74 \"t1\")",
      "[![imglink](https://via.placeholder.com/24)](https://example.com/landing)",
      "",
      "[file1](file:///C:/Temp/1.txt) [bad2](ht!tp://broken^2) [cross3](./images_04.md#sec0) [ext4](https://example.com/4) [mail5](mailto:user5@example.com)",
      ""
    ],
    "raw": "{\"title\":\"Refactored images 03\",\"id\":\"ref_images_03\",\"note\":\"images-case\"}\n# Refactored images 03\n\n![ok0](https://via.placeholder.com/64 \"t0\")\n![ok1](https://via.placeholder.com/74 \"t1\")\n[![imglink](https://via.placeholder.com/24)](https://example.com/landing)\n\n[file1](file:///C:/Temp/1.txt) [bad2](ht!tp://broken^2) [cross3](./images_04.md#sec0) [ext4](https://example.com/4) [mail5](mailto:user5@example.com)\n"
  },
  "mappings": {
    "code_blocks": [],
    "code_lines": [],
    "line_to_section": {
      "1": "section_refactored-images-03",
      "2": "section_refactored-images-03",
      "3": "section_refactored-images-03",
      "4": "section_refactored-images-03",
      "5": "section_refactored-images-03",
      "6": "section_refactored-images-03",
      "7": "section_refactored-images-03",
      "8": "section_refactored-images-03"
    },
    "line_to_type": {
      "0": "prose",
      "1": "prose",
      "2": "prose",
      "3": "prose",
      "4": "prose",
      "5": "prose",
      "6": "prose",
      "7": "prose",
      "8": "prose"
    },
    "prose_lines": [
      0,
      1,
      2,
      3,
      4,
      5,
      6,
      7,
      8
    ]
  },
  "metadata": {
    "embedding_block_reason": "Raw content contains disallowed link schemes",
    "embedding_blocked": true,
    "has_code": false,
    "has_frontmatter": false,
    "has_lists": false,
    "has_sections": true,
    "has_tables": false,
    "node_counts": {
      "heading": 1,
      "image": 3,
      "inline": 4,
      "link": 5,
      "paragraph": 3,
      "root": 1,
      "softbreak": 2,
      "text": 13
    },
    "security": {
      "link_disallowed_schemes_raw": true,
      "profile_used": "moderate",
      "statistics": {
        "allowed_schemes": [
          "http",
          "https",
          "mailto",
          "tel"
        ],
        "confusables_present": false,
        "frontmatter_at_bof": false,
        "has_data_uri_images": false,
        "has_event_handlers": false,
        "has_html_block": false,
        "has_html_inline": false,
        "has_script": false,
        "link_schemes": {
          "https": 2,
          "mailto": 1,
          "relative": 5
        },
        "nbsp_present": false,
        "nested_headings_blocked": 0,
        "path_traversal_pattern": true,
        "ragged_tables_count": 0,
        "raw_dangerous_schemes": true,
        "table_align_mismatches": 0,
        "unicode_risk_score": 0,
        "zwsp_present": false
      },
      "summary": {
        "has_dangerous_content": true,
        "ragged_tables_count": 0,
        "total_warnings": 8,
        "unicode_risk_score": 0
      },
      "warnings": [
        {
          "line": 3,
          "message": "Link contains path traversal pattern",
          "type": "path_traversal",
          "url": "https://via.placeholder.com/64"
        },
        {
          "line": 4,
          "message": "Link contains path traversal pattern",
          "type": "path_traversal",
          "url": "https://via.placeholder.com/74"
        },
        {
          "line": 5,
          "message": "Link contains path traversal pattern",
          "type": "path_traversal",
          "url": "https://example.com/landing"
        },
        {
          "line": 5,
          "message": "Link contains path traversal pattern",
          "type": "path_traversal",
          "url": "https://via.placeholder.com/24"
        },
        {
          "line": 7,
          "message": "Link contains path traversal pattern",
          "type": "path_traversal",
          "url": "ht!tp://broken%5E2"
        },
        {
          "line": 7,
          "message": "Link contains path traversal pattern",
          "type": "path_traversal",
          "url": "https://example.com/4"
        },
        {
          "message": "Raw content contains potentially dangerous scheme: file:",
          "type": "disallowed_schemes_raw"
        },
        {
          "message": "Dangerous scheme \"file:\" found in raw content",
          "scheme": "file",
          "type": "raw_dangerous_scheme"
        }
      ]
    },
    "security_policies_applied": [
      "embedding_blocked_schemes_raw",
      "dropped_1_unsafe_links"
    ],
    "total_chars": 412,
    "total_lines": 9
  },
  "structure": {
    "blockquotes": [],
    "code_blocks": [],
    "footnotes": {
      "definitions": [],
      "references": []
    },
    "headings": [
      {
        "end_char": 98,
        "id": "heading_refactored-images-03",
        "level": 1,
        "line": 1,
        "parent_heading_id": null,
        "slug": "refactored-images-03",
        "start_char": 75,
        "text": "Refactored images 03"
      }
    ],
    "html_blocks": [],
    "html_inline": [],
    "images": [
      {
        "allowed": true,
        "alt": "ok0",
        "format": "unknown",
        "has_alt": true,
        "has_title": true,
        "image_id": "740104b247e9479c",
        "image_kind": "external",
        "line": 3,
        "scheme": "https",
        "src": "https://via.placeholder.com/64",
        "title": "t0"
      },
      {
        "allowed": true,
        "alt": "ok1",
        "format": "unknown",
        "has_alt": true,
        "has_title": true,
        "image_id": "97d8f568b8d6e724",
        "image_kind": "external",
        "line": 4,
        "scheme": "https",
        "src": "https://via.placeholder.com/74",
        "title": "t1"
      },
      {
        "allowed": true,
        "alt": "imglink",
        "format": "unknown",
        "has_alt": true,
        "has_title": false,
        "image_id": "744f57fc30824f02",
        "image_kind": "external",
        "line": 5,
        "scheme": "https",
        "src": "https://via.placeholder.com/24",
        "title": ""
      }
    ],
    "links": [
      {
        "alt": "ok0",
        "format": "unknown",
        "image_id": "740104b247e9479c",
        "image_kind": "external",
        "line": 3,
        "src": "https://via.placeholder.com/64",
        "text": "ok0",
        "title": "t0",
        "type": "image",
        "url": "https://via.placeholder.com/64"
      },
      {
        "alt": "ok1",
        "format": "unknown",
        "image_id": "97d8f568b8d6e724",
        "image_kind": "external",
        "line": 4,
        "src": "https://via.placeholder.com/74",
        "text": "ok1",
        "title": "t1",
        "type": "image",
        "url": "https://via.placeholder.com/74"
      },
      {
        "allowed": true,
        "line": 5,
        "scheme": "https",
        "text": "imglink",
        "type": "external",
        "url": "https://example.com/landing"
      },
      {
        "alt": "imglink",
        "format": "unknown",
        "image_id": "744f57fc30824f02",
        "image_kind": "external",
        "line": 5,
        "src": "https://via.placeholder.com/24",
        "text": "imglink",
        "title": "",
        "type": "image",
        "url": "https://via.placeholder.com/24"
      },
      {
        "allowed": true,
        "line": 7,
        "scheme": null,
        "text": "cross3",
        "type": "internal",
        "url": "./images_04.md#sec0"
      },
      {
        "allowed": true,
        "line": 7,
        "scheme": "https",
        "text": "ext4",
        "type": "external",
        "url": "https://example.com/4"
      },
      {
        "allowed": true,
        "line": 7,
        "scheme": "mailto",
        "text": "mail5",
        "type": "email",
        "url": "mailto:user5@example.com"
      }
    ],
    "lists": [],
    "paragraphs": [
      {
        "end_line": 1,
        "has_code": false,
        "has_emphasis": false,
        "has_links": false,
        "id": "para_0",
        "section_id": null,
        "start_line": 0,
        "text": "{\"title\":\"Refactored images 03\",\"id\":\"ref_images_03\",\"note\":\"images-case\"}",
        "word_count": 3
      },
      {
        "end_line": 6,
        "has_code": false,
        "has_emphasis": false,
        "has_links": true,
        "id": "para_1",
        "section_id": "section_refactored-images-03",
        "start_line": 3,
        "text": "ok0ok0\nok1ok1\nimglinkimglink",
        "word_count": 3
      },
      {
        "end_line": 8,
        "has_code": false,
        "has_emphasis": false,
        "has_links": true,
        "id": "para_2",
        "section_id": "section_refactored-images-03",
        "start_line": 7,
        "text": "[file1](file:///C:/Temp/1.txt) bad2 cross3 ext4 mail5",
        "word_count": 5
      }
    ],
    "sections": [
      {
        "child_ids": [],
        "end_char": 412,
        "end_line": 8,
        "id": "section_refactored-images-03",
        "level": 1,
        "parent_id": null,
        "raw_content": "# Refactored images 03\n\n![ok0](https://via.placeholder.com/64 \"t0\")\n![ok1](https://via.placeholder.com/74 \"t1\")\n[![imglink](https://via.placeholder.com/24)](https://example.com/landing)\n\n[file1](file:///C:/Temp/1.txt) [bad2](ht!tp://broken^2) [cross3](./images_04.md#sec0) [ext4](https://example.com/4) [mail5](mailto:user5@example.com)\n",
        "slug": "refactored-images-03",
        "start_char": 75,
        "start_line": 1,
        "text_content": "Refactored images 03\n\n\n\n\n\n[file1](file:///C:/Temp/1.txt) bad2 cross3 ext4 mail5",
        "title": "Refactored images 03"
      }
    ],
    "tables": []
  }
}