{
  "content": {
    "lines": [
      "# Refactored linklab 02",
      "",
      "[file1](file:///C:/Temp/1.txt) [bad2](ht!tp://broken^2) [cross3](./linklab_03.md#sec0) [ext4](https://example.com/4) [mail5](mailto:user5@example.com) [file6](file:///C:/Temp/6.txt) [bad7](ht!tp://broken^7) [cross8](./linklab_03.md#sec2) [ext9](https://example.com/9) [mail10](mailto:user10@example.com) [file11](file:///C:/Temp/11.txt) [bad12](ht!tp://broken^12) [cross13](./linklab_03.md#sec1) [ext14](https://example.com/14) [mail15](mailto:user15@example.com) [file16](file:///C:/Temp/16.txt)",
      "",
      "| H1 | H2 | H3 |",
      "|---:|:--:|---:|",
      "| 1:1 xray delta india | 1:2 yankee alpha | 1:3 alpha bravo delta |",
      "| 2:1 juliet lima | 2:2 papa sierra | 2:3 zulu kilo whiskey |",
      "| 3:1 romeo lima xray | 3:2 india juliet echo | 3:3 romeo uniform hotel |",
      ""
    ],
    "raw": "# Refactored linklab 02\n\n[file1](file:///C:/Temp/1.txt) [bad2](ht!tp://broken^2) [cross3](./linklab_03.md#sec0) [ext4](https://example.com/4) [mail5](mailto:user5@example.com) [file6](file:///C:/Temp/6.txt) [bad7](ht!tp://broken^7) [cross8](./linklab_03.md#sec2) [ext9](https://example.com/9) [mail10](mailto:user10@example.com) [file11](file:///C:/Temp/11.txt) [bad12](ht!tp://broken^12) [cross13](./linklab_03.md#sec1) [ext14](https://example.com/14) [mail15](mailto:user15@example.com) [file16](file:///C:/Temp/16.txt)\n\n| H1 | H2 | H3 |\n|---:|:--:|---:|\n| 1:1 xray delta india | 1:2 yankee alpha | 1:3 alpha bravo delta |\n| 2:1 juliet lima | 2:2 papa sierra | 2:3 zulu kilo whiskey |\n| 3:1 romeo lima xray | 3:2 india juliet echo | 3:3 romeo uniform hotel |\n"
  },
  "mappings": {
    "code_blocks": [],
    "code_lines": [],
    "line_to_section": {
      "0": "section_refactored-linklab-02",
      "1": "section_refactored-linklab-02",
      "2": "section_refactored-linklab-02",
      "3": "section_refactored-linklab-02",
      "4": "section_refactored-linklab-02",
      "5": "section_refactored-linklab-02",
      "6": "section_refactored-linklab-02",
      "7": "section_refactored-linklab-02",
      "8": "section_refactored-linklab-02",
      "9": "section_refactored-linklab-02"
    },
    "line_to_type": {
      "0": "prose",
      "1": "prose",
      "2": "prose",
      "3": "prose",
      "4": "prose",
      "5": "prose",
      "6": "prose",
      "7": "prose",
      "8": "prose",
      "9": "prose"
    },
    "prose_lines": [
      0,
      1,
      2,
      3,
      4,
      5,
      6,
      7,
      8,
      9
    ]
  },
  "metadata": {
    "embedding_block_reason": "Raw content contains disallowed link schemes",
    "embedding_blocked": true,
    "frontmatter": {
      "id": "ref_linklab_02",
      "note": "linklab-case",
      "title": "Refactored linklab 02"
    },
    "has_code": false,
    "has_frontmatter": true,
    "has_lists": false,
    "has_sections": true,
    "has_tables": true,
    "node_counts": {
      "heading": 1,
      "inline": 14,
      "link": 12,
      "paragraph": 1,
      "root": 1,
      "table": 1,
      "tbody": 1,
      "td": 9,
      "text": 38,
      "th": 3,
      "thead": 1,
      "tr": 4
    },
    "security": {
      "link_disallowed_schemes_raw": true,
      "profile_used": "moderate",
      "statistics": {
        "allowed_schemes": [
          "http",
          "https",
          "mailto",
          "tel"
        ],
        "confusables_present": false,
        "frontmatter_at_bof": true,
        "has_data_uri_images": false,
        "has_event_handlers": false,
        "has_html_block": false,
        "has_html_inline": false,
        "has_script": false,
        "link_schemes": {
          "https": 3,
          "mailto": 3,
          "relative": 6
        },
        "nbsp_present": false,
        "nested_headings_blocked": 0,
        "path_traversal_pattern": true,
        "ragged_tables_count": 0,
        "raw_dangerous_schemes": true,
        "table_align_mismatches": 0,
        "unicode_risk_score": 0,
        "zwsp_present": false
      },
      "summary": {
        "has_dangerous_content": true,
        "ragged_tables_count": 0,
        "total_warnings": 8,
        "unicode_risk_score": 0
      },
      "warnings": [
        {
          "line": 2,
          "message": "Link contains path traversal pattern",
          "type": "path_traversal",
          "url": "ht!tp://broken%5E2"
        },
        {
          "line": 2,
          "message": "Link contains path traversal pattern",
          "type": "path_traversal",
          "url": "https://example.com/4"
        },
        {
          "line": 2,
          "message": "Link contains path traversal pattern",
          "type": "path_traversal",
          "url": "ht!tp://broken%5E7"
        },
        {
          "line": 2,
          "message": "Link contains path traversal pattern",
          "type": "path_traversal",
          "url": "https://example.com/9"
        },
        {
          "line": 2,
          "message": "Link contains path traversal pattern",
          "type": "path_traversal",
          "url": "ht!tp://broken%5E12"
        },
        {
          "line": 2,
          "message": "Link contains path traversal pattern",
          "type": "path_traversal",
          "url": "https://example.com/14"
        },
        {
          "message": "Raw content contains potentially dangerous scheme: file:",
          "type": "disallowed_schemes_raw"
        },
        {
          "message": "Dangerous scheme \"file:\" found in raw content",
          "scheme": "file",
          "type": "raw_dangerous_scheme"
        }
      ]
    },
    "security_policies_applied": [
      "embedding_blocked_schemes_raw",
      "dropped_3_unsafe_links"
    ],
    "total_chars": 761,
    "total_lines": 10
  },
  "structure": {
    "blockquotes": [],
    "code_blocks": [],
    "footnotes": {
      "definitions": [],
      "references": []
    },
    "headings": [
      {
        "end_char": 24,
        "id": "heading_refactored-linklab-02",
        "level": 1,
        "line": 0,
        "parent_heading_id": null,
        "slug": "refactored-linklab-02",
        "start_char": 0,
        "text": "Refactored linklab 02"
      }
    ],
    "html_blocks": [],
    "html_inline": [],
    "images": [],
    "links": [
      {
        "allowed": true,
        "line": 2,
        "scheme": null,
        "text": "cross3",
        "type": "internal",
        "url": "./linklab_03.md#sec0"
      },
      {
        "allowed": true,
        "line": 2,
        "scheme": "https",
        "text": "ext4",
        "type": "external",
        "url": "https://example.com/4"
      },
      {
        "allowed": true,
        "line": 2,
        "scheme": "mailto",
        "text": "mail5",
        "type": "email",
        "url": "mailto:user5@example.com"
      },
      {
        "allowed": true,
        "line": 2,
        "scheme": null,
        "text": "cross8",
        "type": "internal",
        "url": "./linklab_03.md#sec2"
      },
      {
        "allowed": true,
        "line": 2,
        "scheme": "https",
        "text": "ext9",
        "type": "external",
        "url": "https://example.com/9"
      },
      {
        "allowed": true,
        "line": 2,
        "scheme": "mailto",
        "text": "mail10",
        "type": "email",
        "url": "mailto:user10@example.com"
      },
      {
        "allowed": true,
        "line": 2,
        "scheme": null,
        "text": "cross13",
        "type": "internal",
        "url": "./linklab_03.md#sec1"
      },
      {
        "allowed": true,
        "line": 2,
        "scheme": "https",
        "text": "ext14",
        "type": "external",
        "url": "https://example.com/14"
      },
      {
        "allowed": true,
        "line": 2,
        "scheme": "mailto",
        "text": "mail15",
        "type": "email",
        "url": "mailto:user15@example.com"
      }
    ],
    "lists": [],
    "paragraphs": [
      {
        "end_line": 3,
        "has_code": false,
        "has_emphasis": false,
        "has_links": true,
        "id": "para_0",
        "section_id": "section_refactored-linklab-02",
        "start_line": 2,
        "text": "[file1](file:///C:/Temp/1.txt) bad2 cross3 ext4 mail5 [file6](file:///C:/Temp/6.txt) bad7 cross8 ext9 mail10 [file11](file:///C:/Temp/11.txt) bad12 cross13 ext14 mail15 [file16](file:///C:/Temp/16.txt)",
        "word_count": 16
      }
    ],
    "sections": [
      {
        "child_ids": [],
        "end_char": 761,
        "end_line": 9,
        "id": "section_refactored-linklab-02",
        "level": 1,
        "parent_id": null,
        "raw_content": "# Refactored linklab 02\n\n[file1](file:///C:/Temp/1.txt) [bad2](ht!tp://broken^2) [cross3](./linklab_03.md#sec0) [ext4](https://example.com/4) [mail5](mailto:user5@example.com) [file6](file:///C:/Temp/6.txt) [bad7](ht!tp://broken^7) [cross8](./linklab_03.md#sec2) [ext9](https://example.com/9) [mail10](mailto:user10@example.com) [file11](file:///C:/Temp/11.txt) [bad12](ht!tp://broken^12) [cross13](./linklab_03.md#sec1) [ext14](https://example.com/14) [mail15](mailto:user15@example.com) [file16](file:///C:/Temp/16.txt)\n\n| H1 | H2 | H3 |\n|---:|:--:|---:|\n| 1:1 xray delta india | 1:2 yankee alpha | 1:3 alpha bravo delta |\n| 2:1 juliet lima | 2:2 papa sierra | 2:3 zulu kilo whiskey |\n| 3:1 romeo lima xray | 3:2 india juliet echo | 3:3 romeo uniform hotel |\n",
        "slug": "refactored-linklab-02",
        "start_char": 0,
        "start_line": 0,
        "text_content": "Refactored linklab 02\n\n[file1](file:///C:/Temp/1.txt) bad2 cross3 ext4 mail5 [file6](file:///C:/Temp/6.txt) bad7 cross8 ext9 mail10 [file11](file:///C:/Temp/11.txt) bad12 cross13 ext14 mail15 [file16](file:///C:/Temp/16.txt)\n\nH1H2H3\n\n1:1 xray delta india1:2 yankee alpha1:3 alpha bravo delta 2:1 juliet lima2:2 papa sierra2:3 zulu kilo whiskey 3:1 romeo lima xray3:2 india juliet echo3:3 romeo uniform hotel",
        "title": "Refactored linklab 02"
      }
    ],
    "tables": [
      {
        "align": [
          "right",
          "center",
          "right"
        ],
        "align_meta": {
          "heuristic": true
        },
        "align_mismatch": false,
        "column_count": 3,
        "end_line": 9,
        "headers": [
          "H1",
          "H2",
          "H3"
        ],
        "id": "table_0",
        "is_ragged": false,
        "row_count": 3,
        "rows": [
          [
            "1:1 xray delta india",
            "1:2 yankee alpha",
            "1:3 alpha bravo delta"
          ],
          [
            "2:1 juliet lima",
            "2:2 papa sierra",
            "2:3 zulu kilo whiskey"
          ],
          [
            "3:1 romeo lima xray",
            "3:2 india juliet echo",
            "3:3 romeo uniform hotel"
          ]
        ],
        "section_id": "section_refactored-linklab-02",
        "start_line": 4
      }
    ]
  }
}