{
  "content": {
    "lines": [
      "+++",
      "title = \"Refactored linklab 05\"",
      "id = \"ref_linklab_05\"",
      "note = \"linklab-case\"",
      "+++",
      "# Refactored linklab 05",
      "",
      "[file1](file:///C:/Temp/1.txt) [bad2](ht!tp://broken^2) [cross3](./linklab_01.md#sec0) [ext4](https://example.com/4) [mail5](mailto:user5@example.com) [file6](file:///C:/Temp/6.txt) [bad7](ht!tp://broken^7) [cross8](./linklab_01.md#sec2) [ext9](https://example.com/9) [mail10](mailto:user10@example.com) [file11](file:///C:/Temp/11.txt) [bad12](ht!tp://broken^12) [cross13](./linklab_01.md#sec1) [ext14](https://example.com/14) [mail15](mailto:user15@example.com) [file16](file:///C:/Temp/16.txt)",
      "",
      "| H1 | H2 | H3 |",
      "|:--:|----|:--:|",
      "| 1:1 juliet india romeo | 1:2 foxtrot | 1:3 yankee |",
      "| 2:1 juliet bravo | 2:2 hotel mike uniform | 2:3 oscar |",
      "| 3:1 lima | 3:2 victor | 3:3 oscar |",
      ""
    ],
    "raw": "+++\ntitle = \"Refactored linklab 05\"\nid = \"ref_linklab_05\"\nnote = \"linklab-case\"\n+++\n# Refactored linklab 05\n\n[file1](file:///C:/Temp/1.txt) [bad2](ht!tp://broken^2) [cross3](./linklab_01.md#sec0) [ext4](https://example.com/4) [mail5](mailto:user5@example.com) [file6](file:///C:/Temp/6.txt) [bad7](ht!tp://broken^7) [cross8](./linklab_01.md#sec2) [ext9](https://example.com/9) [mail10](mailto:user10@example.com) [file11](file:///C:/Temp/11.txt) [bad12](ht!tp://broken^12) [cross13](./linklab_01.md#sec1) [ext14](https://example.com/14) [mail15](mailto:user15@example.com) [file16](file:///C:/Temp/16.txt)\n\n| H1 | H2 | H3 |\n|:--:|----|:--:|\n| 1:1 juliet india romeo | 1:2 foxtrot | 1:3 yankee |\n| 2:1 juliet bravo | 2:2 hotel mike uniform | 2:3 oscar |\n| 3:1 lima | 3:2 victor | 3:3 oscar |\n"
  },
  "mappings": {
    "code_blocks": [],
    "code_lines": [],
    "line_to_section": {
      "10": "section_refactored-linklab-05",
      "11": "section_refactored-linklab-05",
      "12": "section_refactored-linklab-05",
      "13": "section_refactored-linklab-05",
      "14": "section_refactored-linklab-05",
      "5": "section_refactored-linklab-05",
      "6": "section_refactored-linklab-05",
      "7": "section_refactored-linklab-05",
      "8": "section_refactored-linklab-05",
      "9": "section_refactored-linklab-05"
    },
    "line_to_type": {
      "0": "prose",
      "1": "prose",
      "10": "prose",
      "11": "prose",
      "12": "prose",
      "13": "prose",
      "14": "prose",
      "2": "prose",
      "3": "prose",
      "4": "prose",
      "5": "prose",
      "6": "prose",
      "7": "prose",
      "8": "prose",
      "9": "prose"
    },
    "prose_lines": [
      0,
      1,
      2,
      3,
      4,
      5,
      6,
      7,
      8,
      9,
      10,
      11,
      12,
      13,
      14
    ]
  },
  "metadata": {
    "embedding_block_reason": "Raw content contains disallowed link schemes",
    "embedding_blocked": true,
    "has_code": false,
    "has_frontmatter": false,
    "has_lists": false,
    "has_sections": true,
    "has_tables": true,
    "node_counts": {
      "heading": 1,
      "inline": 15,
      "link": 12,
      "paragraph": 2,
      "root": 1,
      "softbreak": 4,
      "table": 1,
      "tbody": 1,
      "td": 9,
      "text": 43,
      "th": 3,
      "thead": 1,
      "tr": 4
    },
    "security": {
      "link_disallowed_schemes_raw": true,
      "profile_used": "moderate",
      "statistics": {
        "allowed_schemes": [
          "http",
          "https",
          "mailto",
          "tel"
        ],
        "confusables_present": false,
        "frontmatter_at_bof": false,
        "has_data_uri_images": false,
        "has_event_handlers": false,
        "has_html_block": false,
        "has_html_inline": false,
        "has_script": false,
        "link_schemes": {
          "https": 3,
          "mailto": 3,
          "relative": 6
        },
        "nbsp_present": false,
        "nested_headings_blocked": 0,
        "path_traversal_pattern": true,
        "ragged_tables_count": 0,
        "raw_dangerous_schemes": true,
        "table_align_mismatches": 0,
        "unicode_risk_score": 0,
        "zwsp_present": false
      },
      "summary": {
        "has_dangerous_content": true,
        "ragged_tables_count": 0,
        "total_warnings": 8,
        "unicode_risk_score": 0
      },
      "warnings": [
        {
          "line": 7,
          "message": "Link contains path traversal pattern",
          "type": "path_traversal",
          "url": "ht!tp://broken%5E2"
        },
        {
          "line": 7,
          "message": "Link contains path traversal pattern",
          "type": "path_traversal",
          "url": "https://example.com/4"
        },
        {
          "line": 7,
          "message": "Link contains path traversal pattern",
          "type": "path_traversal",
          "url": "ht!tp://broken%5E7"
        },
        {
          "line": 7,
          "message": "Link contains path traversal pattern",
          "type": "path_traversal",
          "url": "https://example.com/9"
        },
        {
          "line": 7,
          "message": "Link contains path traversal pattern",
          "type": "path_traversal",
          "url": "ht!tp://broken%5E12"
        },
        {
          "line": 7,
          "message": "Link contains path traversal pattern",
          "type": "path_traversal",
          "url": "https://example.com/14"
        },
        {
          "message": "Raw content contains potentially dangerous scheme: file:",
          "type": "disallowed_schemes_raw"
        },
        {
          "message": "Dangerous scheme \"file:\" found in raw content",
          "scheme": "file",
          "type": "raw_dangerous_scheme"
        }
      ]
    },
    "security_policies_applied": [
      "embedding_blocked_schemes_raw",
      "dropped_3_unsafe_links"
    ],
    "total_chars": 791,
    "total_lines": 15
  },
  "structure": {
    "blockquotes": [],
    "code_blocks": [],
    "footnotes": {
      "definitions": [],
      "references": []
    },
    "headings": [
      {
        "end_char": 108,
        "id": "heading_refactored-linklab-05",
        "level": 1,
        "line": 5,
        "parent_heading_id": null,
        "slug": "refactored-linklab-05",
        "start_char": 84,
        "text": "Refactored linklab 05"
      }
    ],
    "html_blocks": [],
    "html_inline": [],
    "images": [],
    "links": [
      {
        "allowed": true,
        "line": 7,
        "scheme": null,
        "text": "cross3",
        "type": "internal",
        "url": "./linklab_01.md#sec0"
      },
      {
        "allowed": true,
        "line": 7,
        "scheme": "https",
        "text": "ext4",
        "type": "external",
        "url": "https://example.com/4"
      },
      {
        "allowed": true,
        "line": 7,
        "scheme": "mailto",
        "text": "mail5",
        "type": "email",
        "url": "mailto:user5@example.com"
      },
      {
        "allowed": true,
        "line": 7,
        "scheme": null,
        "text": "cross8",
        "type": "internal",
        "url": "./linklab_01.md#sec2"
      },
      {
        "allowed": true,
        "line": 7,
        "scheme": "https",
        "text": "ext9",
        "type": "external",
        "url": "https://example.com/9"
      },
      {
        "allowed": true,
        "line": 7,
        "scheme": "mailto",
        "text": "mail10",
        "type": "email",
        "url": "mailto:user10@example.com"
      },
      {
        "allowed": true,
        "line": 7,
        "scheme": null,
        "text": "cross13",
        "type": "internal",
        "url": "./linklab_01.md#sec1"
      },
      {
        "allowed": true,
        "line": 7,
        "scheme": "https",
        "text": "ext14",
        "type": "external",
        "url": "https://example.com/14"
      },
      {
        "allowed": true,
        "line": 7,
        "scheme": "mailto",
        "text": "mail15",
        "type": "email",
        "url": "mailto:user15@example.com"
      }
    ],
    "lists": [],
    "paragraphs": [
      {
        "end_line": 5,
        "has_code": false,
        "has_emphasis": false,
        "has_links": false,
        "id": "para_0",
        "section_id": null,
        "start_line": 0,
        "text": "+++\ntitle = \"Refactored linklab 05\"\nid = \"ref_linklab_05\"\nnote = \"linklab-case\"\n+++",
        "word_count": 13
      },
      {
        "end_line": 8,
        "has_code": false,
        "has_emphasis": false,
        "has_links": true,
        "id": "para_1",
        "section_id": "section_refactored-linklab-05",
        "start_line": 7,
        "text": "[file1](file:///C:/Temp/1.txt) bad2 cross3 ext4 mail5 [file6](file:///C:/Temp/6.txt) bad7 cross8 ext9 mail10 [file11](file:///C:/Temp/11.txt) bad12 cross13 ext14 mail15 [file16](file:///C:/Temp/16.txt)",
        "word_count": 16
      }
    ],
    "sections": [
      {
        "child_ids": [],
        "end_char": 791,
        "end_line": 14,
        "id": "section_refactored-linklab-05",
        "level": 1,
        "parent_id": null,
        "raw_content": "# Refactored linklab 05\n\n[file1](file:///C:/Temp/1.txt) [bad2](ht!tp://broken^2) [cross3](./linklab_01.md#sec0) [ext4](https://example.com/4) [mail5](mailto:user5@example.com) [file6](file:///C:/Temp/6.txt) [bad7](ht!tp://broken^7) [cross8](./linklab_01.md#sec2) [ext9](https://example.com/9) [mail10](mailto:user10@example.com) [file11](file:///C:/Temp/11.txt) [bad12](ht!tp://broken^12) [cross13](./linklab_01.md#sec1) [ext14](https://example.com/14) [mail15](mailto:user15@example.com) [file16](file:///C:/Temp/16.txt)\n\n| H1 | H2 | H3 |\n|:--:|----|:--:|\n| 1:1 juliet india romeo | 1:2 foxtrot | 1:3 yankee |\n| 2:1 juliet bravo | 2:2 hotel mike uniform | 2:3 oscar |\n| 3:1 lima | 3:2 victor | 3:3 oscar |\n",
        "slug": "refactored-linklab-05",
        "start_char": 84,
        "start_line": 5,
        "text_content": "Refactored linklab 05\n\n[file1](file:///C:/Temp/1.txt) bad2 cross3 ext4 mail5 [file6](file:///C:/Temp/6.txt) bad7 cross8 ext9 mail10 [file11](file:///C:/Temp/11.txt) bad12 cross13 ext14 mail15 [file16](file:///C:/Temp/16.txt)\n\nH1H2H3\n\n1:1 juliet india romeo1:2 foxtrot1:3 yankee 2:1 juliet bravo2:2 hotel mike uniform2:3 oscar 3:1 lima3:2 victor3:3 oscar",
        "title": "Refactored linklab 05"
      }
    ],
    "tables": [
      {
        "align": [
          "center",
          "left",
          "center"
        ],
        "align_meta": {
          "heuristic": true
        },
        "align_mismatch": false,
        "column_count": 3,
        "end_line": 14,
        "headers": [
          "H1",
          "H2",
          "H3"
        ],
        "id": "table_0",
        "is_ragged": false,
        "row_count": 3,
        "rows": [
          [
            "1:1 juliet india romeo",
            "1:2 foxtrot",
            "1:3 yankee"
          ],
          [
            "2:1 juliet bravo",
            "2:2 hotel mike uniform",
            "2:3 oscar"
          ],
          [
            "3:1 lima",
            "3:2 victor",
            "3:3 oscar"
          ]
        ],
        "section_id": "section_refactored-linklab-05",
        "start_line": 9
      }
    ]
  }
}