{
  "content": {
    "lines": [
      "+++",
      "title = \"Refactored quotes 03\"",
      "id = \"ref_quotes_03\"",
      "note = \"quotes-case\"",
      "+++",
      "# Refactored quotes 03",
      "Title",
      "=====",
      "",
      "Sub",
      "----",
      "",
      "",
      "",
      "> Quote level 1",
      "> > Nested level 2 with a list:",
      "> > - a",
      "> > - b",
      "> >",
      "> > And a table:",
      "> > ",
      "> > | Q | V |",
      "> > |---|---|",
      "> > | 1 | 2 |",
      ">",
      "> Fenced code:",
      ">",
      "> ```json",
      "> {\"a\":1}",
      "> ```",
      "",
      "",
      "[file1](file:///C:/Temp/1.txt) [bad2](ht!tp://broken^2) [cross3](./quotes_04.md#sec0) [ext4](https://example.com/4) [mail5](mailto:user5@example.com) [file6](file:///C:/Temp/6.txt)",
      ""
    ],
    "raw": "+++\ntitle = \"Refactored quotes 03\"\nid = \"ref_quotes_03\"\nnote = \"quotes-case\"\n+++\n# Refactored quotes 03\nTitle\n=====\n\nSub\n----\n\n\n\n> Quote level 1\n> > Nested level 2 with a list:\n> > - a\n> > - b\n> >\n> > And a table:\n> > \n> > | Q | V |\n> > |---|---|\n> > | 1 | 2 |\n>\n> Fenced code:\n>\n> ```json\n> {\"a\":1}\n> ```\n\n\n[file1](file:///C:/Temp/1.txt) [bad2](ht!tp://broken^2) [cross3](./quotes_04.md#sec0) [ext4](https://example.com/4) [mail5](mailto:user5@example.com) [file6](file:///C:/Temp/6.txt)\n"
  },
  "mappings": {
    "code_blocks": [],
    "code_lines": [
      27,
      28,
      29,
      30
    ],
    "line_to_section": {
      "10": "section_sub",
      "11": "section_sub",
      "12": "section_sub",
      "13": "section_sub",
      "14": "section_sub",
      "15": "section_sub",
      "16": "section_sub",
      "17": "section_sub",
      "18": "section_sub",
      "19": "section_sub",
      "20": "section_sub",
      "21": "section_sub",
      "22": "section_sub",
      "23": "section_sub",
      "24": "section_sub",
      "25": "section_sub",
      "26": "section_sub",
      "27": "section_sub",
      "28": "section_sub",
      "29": "section_sub",
      "30": "section_sub",
      "31": "section_sub",
      "32": "section_sub",
      "33": "section_sub",
      "5": "section_refactored-quotes-03",
      "6": "section_title",
      "7": "section_title",
      "8": "section_title",
      "9": "section_sub"
    },
    "line_to_type": {
      "0": "prose",
      "1": "prose",
      "10": "prose",
      "11": "prose",
      "12": "prose",
      "13": "prose",
      "14": "prose",
      "15": "prose",
      "16": "prose",
      "17": "prose",
      "18": "prose",
      "19": "prose",
      "2": "prose",
      "20": "prose",
      "21": "prose",
      "22": "prose",
      "23": "prose",
      "24": "prose",
      "25": "prose",
      "26": "prose",
      "27": "code",
      "28": "code",
      "29": "code",
      "3": "prose",
      "30": "code",
      "31": "prose",
      "32": "prose",
      "33": "prose",
      "4": "prose",
      "5": "prose",
      "6": "prose",
      "7": "prose",
      "8": "prose",
      "9": "prose"
    },
    "prose_lines": [
      0,
      1,
      2,
      3,
      4,
      5,
      6,
      7,
      8,
      9,
      10,
      11,
      12,
      13,
      14,
      15,
      16,
      17,
      18,
      19,
      20,
      21,
      22,
      23,
      24,
      25,
      26,
      31,
      32,
      33
    ]
  },
  "metadata": {
    "embedding_block_reason": "Raw content contains disallowed link schemes",
    "embedding_blocked": true,
    "has_code": true,
    "has_frontmatter": false,
    "has_lists": true,
    "has_sections": true,
    "has_tables": true,
    "node_counts": {
      "blockquote": 2,
      "bullet_list": 1,
      "fence": 1,
      "heading": 3,
      "inline": 15,
      "link": 4,
      "list_item": 2,
      "paragraph": 8,
      "root": 1,
      "softbreak": 4,
      "table": 1,
      "tbody": 1,
      "td": 2,
      "text": 27,
      "th": 2,
      "thead": 1,
      "tr": 2
    },
    "security": {
      "link_disallowed_schemes_raw": true,
      "profile_used": "moderate",
      "statistics": {
        "allowed_schemes": [
          "http",
          "https",
          "mailto",
          "tel"
        ],
        "confusables_present": false,
        "frontmatter_at_bof": false,
        "has_data_uri_images": false,
        "has_event_handlers": false,
        "has_html_block": false,
        "has_html_inline": false,
        "has_script": false,
        "link_schemes": {
          "https": 1,
          "mailto": 1,
          "relative": 2
        },
        "nbsp_present": false,
        "nested_headings_blocked": 0,
        "path_traversal_pattern": true,
        "ragged_tables_count": 0,
        "raw_dangerous_schemes": true,
        "table_align_mismatches": 0,
        "unicode_risk_score": 0,
        "zwsp_present": false
      },
      "summary": {
        "has_dangerous_content": true,
        "ragged_tables_count": 0,
        "total_warnings": 4,
        "unicode_risk_score": 0
      },
      "warnings": [
        {
          "line": 32,
          "message": "Link contains path traversal pattern",
          "type": "path_traversal",
          "url": "ht!tp://broken%5E2"
        },
        {
          "line": 32,
          "message": "Link contains path traversal pattern",
          "type": "path_traversal",
          "url": "https://example.com/4"
        },
        {
          "message": "Raw content contains potentially dangerous scheme: file:",
          "type": "disallowed_schemes_raw"
        },
        {
          "message": "Dangerous scheme \"file:\" found in raw content",
          "scheme": "file",
          "type": "raw_dangerous_scheme"
        }
      ]
    },
    "security_policies_applied": [
      "embedding_blocked_schemes_raw",
      "dropped_1_unsafe_links"
    ],
    "total_chars": 489,
    "total_lines": 34
  },
  "structure": {
    "blockquotes": [
      {
        "children_blocks": [
          {
            "end_line": 19,
            "start_line": 16,
            "type": "bullet_list"
          },
          {
            "end_line": 24,
            "start_line": 21,
            "type": "table"
          },
          {
            "end_line": 30,
            "start_line": 27,
            "type": "fence"
          }
        ],
        "children_summary": {
          "code": 1,
          "lists": 1,
          "tables": 1
        },
        "content": "Quote level 1Nested level 2 with a list:abAnd a table:QV12Fenced code:",
        "end_line": 30,
        "section_id": "section_sub",
        "start_line": 14
      }
    ],
    "code_blocks": [
      {
        "content": "{\"a\":1}\n",
        "end_line": 30,
        "id": "code_0",
        "language": "json",
        "section_id": "section_sub",
        "start_line": 27,
        "type": "fenced"
      }
    ],
    "footnotes": {
      "definitions": [],
      "references": []
    },
    "headings": [
      {
        "end_char": 104,
        "id": "heading_refactored-quotes-03",
        "level": 1,
        "line": 5,
        "parent_heading_id": null,
        "slug": "refactored-quotes-03",
        "start_char": 81,
        "text": "Refactored quotes 03"
      },
      {
        "end_char": 110,
        "id": "heading_title",
        "level": 1,
        "line": 6,
        "parent_heading_id": null,
        "slug": "title",
        "start_char": 104,
        "text": "Title"
      },
      {
        "end_char": 121,
        "id": "heading_sub",
        "level": 1,
        "line": 9,
        "parent_heading_id": null,
        "slug": "sub",
        "start_char": 117,
        "text": "Sub"
      }
    ],
    "html_blocks": [],
    "html_inline": [],
    "images": [],
    "links": [
      {
        "allowed": true,
        "line": 32,
        "scheme": null,
        "text": "cross3",
        "type": "internal",
        "url": "./quotes_04.md#sec0"
      },
      {
        "allowed": true,
        "line": 32,
        "scheme": "https",
        "text": "ext4",
        "type": "external",
        "url": "https://example.com/4"
      },
      {
        "allowed": true,
        "line": 32,
        "scheme": "mailto",
        "text": "mail5",
        "type": "email",
        "url": "mailto:user5@example.com"
      }
    ],
    "lists": [
      {
        "end_line": 19,
        "has_mixed_task_items": false,
        "id": "list_0",
        "items": [
          {
            "blocks": [],
            "checked": null,
            "children": [],
            "text": "a"
          },
          {
            "blocks": [],
            "checked": null,
            "children": [],
            "text": "b"
          }
        ],
        "items_count": 2,
        "section_id": "section_sub",
        "start_line": 16,
        "task_items_count": 0,
        "type": "bullet"
      }
    ],
    "paragraphs": [
      {
        "end_line": 5,
        "has_code": false,
        "has_emphasis": false,
        "has_links": false,
        "id": "para_0",
        "section_id": null,
        "start_line": 0,
        "text": "+++\ntitle = \"Refactored quotes 03\"\nid = \"ref_quotes_03\"\nnote = \"quotes-case\"\n+++",
        "word_count": 13
      },
      {
        "end_line": 33,
        "has_code": false,
        "has_emphasis": false,
        "has_links": true,
        "id": "para_1",
        "section_id": "section_sub",
        "start_line": 32,
        "text": "[file1](file:///C:/Temp/1.txt) bad2 cross3 ext4 mail5 [file6](file:///C:/Temp/6.txt)",
        "word_count": 6
      }
    ],
    "sections": [
      {
        "child_ids": [],
        "end_char": 104,
        "end_line": 5,
        "id": "section_refactored-quotes-03",
        "level": 1,
        "parent_id": null,
        "raw_content": "# Refactored quotes 03",
        "slug": "refactored-quotes-03",
        "start_char": 81,
        "start_line": 5,
        "text_content": "Refactored quotes 03",
        "title": "Refactored quotes 03"
      },
      {
        "child_ids": [],
        "end_char": 117,
        "end_line": 8,
        "id": "section_title",
        "level": 1,
        "parent_id": null,
        "raw_content": "Title\n=====\n",
        "slug": "title",
        "start_char": 104,
        "start_line": 6,
        "text_content": "Title",
        "title": "Title"
      },
      {
        "child_ids": [],
        "end_char": 489,
        "end_line": 33,
        "id": "section_sub",
        "level": 1,
        "parent_id": null,
        "raw_content": "Sub\n----\n\n\n\n> Quote level 1\n> > Nested level 2 with a list:\n> > - a\n> > - b\n> >\n> > And a table:\n> > \n> > | Q | V |\n> > |---|---|\n> > | 1 | 2 |\n>\n> Fenced code:\n>\n> ```json\n> {\"a\":1}\n> ```\n\n\n[file1](file:///C:/Temp/1.txt) [bad2](ht!tp://broken^2) [cross3](./quotes_04.md#sec0) [ext4](https://example.com/4) [mail5](mailto:user5@example.com) [file6](file:///C:/Temp/6.txt)\n",
        "slug": "sub",
        "start_char": 117,
        "start_line": 9,
        "text_content": "Sub\n\nQuote level 1 Nested level 2 with a list: a b\n\nAnd a table:\n\nQV\n\n12\n\nFenced code:\n\n[file1](file:///C:/Temp/1.txt) bad2 cross3 ext4 mail5 [file6](file:///C:/Temp/6.txt)",
        "title": "Sub"
      }
    ],
    "tables": [
      {
        "align": [
          "left",
          "left"
        ],
        "align_meta": {
          "heuristic": true
        },
        "align_mismatch": false,
        "column_count": 2,
        "end_line": 24,
        "headers": [
          "Q",
          "V"
        ],
        "id": "table_0",
        "is_ragged": false,
        "row_count": 1,
        "rows": [
          [
            "1",
            "2"
          ]
        ],
        "section_id": "section_sub",
        "start_line": 21
      }
    ]
  }
}