{
  "content": {
    "lines": [
      "{\"title\":\"Refactored tables 02\",\"id\":\"ref_tables_02\",\"note\":\"tables-case\"}",
      "# Refactored tables 02",
      "",
      "| H1 | H2 | H3 | H4 | H5 | H6 | H7 | H8 | H9 | H10 |",
      "|---:|:--:|---:|---:|---:|---:|----|---:|:--:|:---|",
      "| 1\\\\:1 november | 1:2 mike hotel | 1\\\\:3 yankee uniform | 1:4 hotel | 1\\\\:5 whiskey | 1:6 quebec foxtrot mike | 1\\\\:7 yankee tango | 1:8 kilo india oscar | 1\\\\:9 charlie | 1:10 romeo | 1\\\\:11 india kilo oscar |",
      "| 2\\\\:1 juliet sierra hotel | 2:2 papa mike delta | 2\\\\:3 bravo yankee | 2:4 yankee | 2\\\\:5 quebec | 2:6 india sierra oscar | 2\\\\:7 oscar foxtrot | 2:8 victor alpha victor |",
      "| 3\\\\:1 oscar mike tango | 3:2 sierra bravo hotel | 3\\\\:3 zulu papa uniform | 3:4 romeo foxtrot papa | 3\\\\:5 india juliet sierra | 3:6 papa | 3\\\\:7 juliet mike romeo | 3:8 sierra romeo | 3\\\\:9 november november bravo | 3:10 kilo |",
      "| 4\\\\:1 mike kilo delta | 4:2 hotel hotel lima | 4\\\\:3 foxtrot uniform | 4:4 hotel kilo | 4\\\\:5 papa | 4:6 charlie uniform | 4\\\\:7 romeo | 4:8 golf |",
      "| 5\\\\:1 quebec | 5:2 sierra uniform | 5\\\\:3 victor delta | 5:4 zulu | 5\\\\:5 echo | 5:6 hotel sierra xray | 5\\\\:7 lima | 5:8 papa quebec tango | 5\\\\:9 golf |",
      "| 6\\\\:1 kilo quebec echo | 6:2 romeo romeo | 6\\\\:3 kilo romeo | 6:4 india delta | 6\\\\:5 juliet delta | 6:6 bravo | 6\\\\:7 yankee | 6:8 india xray india |",
      "| 7\\\\:1 echo hotel echo | 7:2 foxtrot delta quebec | 7\\\\:3 lima | 7:4 uniform india yankee | 7\\\\:5 foxtrot | 7:6 india quebec november | 7\\\\:7 november alpha | 7:8 whiskey golf |",
      "",
      "| H1 | H2 | H3 | H4 |",
      "|---:|---:|----|:---|",
      "| 1:1 romeo quebec india | 1:2 kilo | 1:3 quebec kilo papa | 1:4 echo november |",
      "| 2:1 india oscar victor | 2:2 sierra echo quebec | 2:3 lima zulu | 2:4 uniform |",
      "| 3:1 tango kilo papa | 3:2 india | 3:3 tango echo yankee | 3:4 juliet yankee |",
      "",
      "[file1](file:///C:/Temp/1.txt) [bad2](ht!tp://broken^2) [cross3](./tables_03.md#sec0) [ext4](https://example.com/4) [mail5](mailto:user5@example.com)",
      ""
    ],
    "raw": "{\"title\":\"Refactored tables 02\",\"id\":\"ref_tables_02\",\"note\":\"tables-case\"}\n# Refactored tables 02\n\n| H1 | H2 | H3 | H4 | H5 | H6 | H7 | H8 | H9 | H10 |\n|---:|:--:|---:|---:|---:|---:|----|---:|:--:|:---|\n| 1\\\\:1 november | 1:2 mike hotel | 1\\\\:3 yankee uniform | 1:4 hotel | 1\\\\:5 whiskey | 1:6 quebec foxtrot mike | 1\\\\:7 yankee tango | 1:8 kilo india oscar | 1\\\\:9 charlie | 1:10 romeo | 1\\\\:11 india kilo oscar |\n| 2\\\\:1 juliet sierra hotel | 2:2 papa mike delta | 2\\\\:3 bravo yankee | 2:4 yankee | 2\\\\:5 quebec | 2:6 india sierra oscar | 2\\\\:7 oscar foxtrot | 2:8 victor alpha victor |\n| 3\\\\:1 oscar mike tango | 3:2 sierra bravo hotel | 3\\\\:3 zulu papa uniform | 3:4 romeo foxtrot papa | 3\\\\:5 india juliet sierra | 3:6 papa | 3\\\\:7 juliet mike romeo | 3:8 sierra romeo | 3\\\\:9 november november bravo | 3:10 kilo |\n| 4\\\\:1 mike kilo delta | 4:2 hotel hotel lima | 4\\\\:3 foxtrot uniform | 4:4 hotel kilo | 4\\\\:5 papa | 4:6 charlie uniform | 4\\\\:7 romeo | 4:8 golf |\n| 5\\\\:1 quebec | 5:2 sierra uniform | 5\\\\:3 victor delta | 5:4 zulu | 5\\\\:5 echo | 5:6 hotel sierra xray | 5\\\\:7 lima | 5:8 papa quebec tango | 5\\\\:9 golf |\n| 6\\\\:1 kilo quebec echo | 6:2 romeo romeo | 6\\\\:3 kilo romeo | 6:4 india delta | 6\\\\:5 juliet delta | 6:6 bravo | 6\\\\:7 yankee | 6:8 india xray india |\n| 7\\\\:1 echo hotel echo | 7:2 foxtrot delta quebec | 7\\\\:3 lima | 7:4 uniform india yankee | 7\\\\:5 foxtrot | 7:6 india quebec november | 7\\\\:7 november alpha | 7:8 whiskey golf |\n\n| H1 | H2 | H3 | H4 |\n|---:|---:|----|:---|\n| 1:1 romeo quebec india | 1:2 kilo | 1:3 quebec kilo papa | 1:4 echo november |\n| 2:1 india oscar victor | 2:2 sierra echo quebec | 2:3 lima zulu | 2:4 uniform |\n| 3:1 tango kilo papa | 3:2 india | 3:3 tango echo yankee | 3:4 juliet yankee |\n\n[file1](file:///C:/Temp/1.txt) [bad2](ht!tp://broken^2) [cross3](./tables_03.md#sec0) [ext4](https://example.com/4) [mail5](mailto:user5@example.com)\n"
  },
  "mappings": {
    "code_blocks": [],
    "code_lines": [],
    "line_to_section": {
      "1": "section_refactored-tables-02",
      "10": "section_refactored-tables-02",
      "11": "section_refactored-tables-02",
      "12": "section_refactored-tables-02",
      "13": "section_refactored-tables-02",
      "14": "section_refactored-tables-02",
      "15": "section_refactored-tables-02",
      "16": "section_refactored-tables-02",
      "17": "section_refactored-tables-02",
      "18": "section_refactored-tables-02",
      "19": "section_refactored-tables-02",
      "2": "section_refactored-tables-02",
      "20": "section_refactored-tables-02",
      "3": "section_refactored-tables-02",
      "4": "section_refactored-tables-02",
      "5": "section_refactored-tables-02",
      "6": "section_refactored-tables-02",
      "7": "section_refactored-tables-02",
      "8": "section_refactored-tables-02",
      "9": "section_refactored-tables-02"
    },
    "line_to_type": {
      "0": "prose",
      "1": "prose",
      "10": "prose",
      "11": "prose",
      "12": "prose",
      "13": "prose",
      "14": "prose",
      "15": "prose",
      "16": "prose",
      "17": "prose",
      "18": "prose",
      "19": "prose",
      "2": "prose",
      "20": "prose",
      "3": "prose",
      "4": "prose",
      "5": "prose",
      "6": "prose",
      "7": "prose",
      "8": "prose",
      "9": "prose"
    },
    "prose_lines": [
      0,
      1,
      2,
      3,
      4,
      5,
      6,
      7,
      8,
      9,
      10,
      11,
      12,
      13,
      14,
      15,
      16,
      17,
      18,
      19,
      20
    ]
  },
  "metadata": {
    "embedding_block_reason": "Raw content contains disallowed link schemes",
    "embedding_blocked": true,
    "has_code": false,
    "has_frontmatter": false,
    "has_lists": false,
    "has_sections": true,
    "has_tables": true,
    "node_counts": {
      "heading": 1,
      "inline": 99,
      "link": 4,
      "paragraph": 2,
      "root": 1,
      "table": 2,
      "tbody": 2,
      "td": 82,
      "text": 97,
      "th": 14,
      "thead": 2,
      "tr": 12
    },
    "quarantine_reasons": [
      "ragged_tables:1"
    ],
    "quarantined": true,
    "security": {
      "link_disallowed_schemes_raw": true,
      "profile_used": "moderate",
      "statistics": {
        "allowed_schemes": [
          "http",
          "https",
          "mailto",
          "tel"
        ],
        "confusables_present": false,
        "frontmatter_at_bof": false,
        "has_data_uri_images": false,
        "has_event_handlers": false,
        "has_html_block": false,
        "has_html_inline": false,
        "has_script": false,
        "link_schemes": {
          "https": 1,
          "mailto": 1,
          "relative": 2
        },
        "nbsp_present": false,
        "nested_headings_blocked": 0,
        "path_traversal_pattern": true,
        "ragged_tables_count": 1,
        "raw_dangerous_schemes": true,
        "table_align_mismatches": 0,
        "unicode_risk_score": 0,
        "zwsp_present": false
      },
      "summary": {
        "has_dangerous_content": true,
        "ragged_tables_count": 1,
        "total_warnings": 5,
        "unicode_risk_score": 0
      },
      "warnings": [
        {
          "line": 3,
          "message": "Table has inconsistent column counts",
          "type": "ragged_table"
        },
        {
          "line": 19,
          "message": "Link contains path traversal pattern",
          "type": "path_traversal",
          "url": "ht!tp://broken%5E2"
        },
        {
          "line": 19,
          "message": "Link contains path traversal pattern",
          "type": "path_traversal",
          "url": "https://example.com/4"
        },
        {
          "message": "Raw content contains potentially dangerous scheme: file:",
          "type": "disallowed_schemes_raw"
        },
        {
          "message": "Dangerous scheme \"file:\" found in raw content",
          "scheme": "file",
          "type": "raw_dangerous_scheme"
        }
      ]
    },
    "security_policies_applied": [
      "embedding_blocked_schemes_raw",
      "dropped_1_unsafe_links"
    ],
    "total_chars": 1899,
    "total_lines": 21
  },
  "structure": {
    "blockquotes": [],
    "code_blocks": [],
    "footnotes": {
      "definitions": [],
      "references": []
    },
    "headings": [
      {
        "end_char": 98,
        "id": "heading_refactored-tables-02",
        "level": 1,
        "line": 1,
        "parent_heading_id": null,
        "slug": "refactored-tables-02",
        "start_char": 75,
        "text": "Refactored tables 02"
      }
    ],
    "html_blocks": [],
    "html_inline": [],
    "images": [],
    "links": [
      {
        "allowed": true,
        "line": 19,
        "scheme": null,
        "text": "cross3",
        "type": "internal",
        "url": "./tables_03.md#sec0"
      },
      {
        "allowed": true,
        "line": 19,
        "scheme": "https",
        "text": "ext4",
        "type": "external",
        "url": "https://example.com/4"
      },
      {
        "allowed": true,
        "line": 19,
        "scheme": "mailto",
        "text": "mail5",
        "type": "email",
        "url": "mailto:user5@example.com"
      }
    ],
    "lists": [],
    "paragraphs": [
      {
        "end_line": 1,
        "has_code": false,
        "has_emphasis": false,
        "has_links": false,
        "id": "para_0",
        "section_id": null,
        "start_line": 0,
        "text": "{\"title\":\"Refactored tables 02\",\"id\":\"ref_tables_02\",\"note\":\"tables-case\"}",
        "word_count": 3
      },
      {
        "end_line": 20,
        "has_code": false,
        "has_emphasis": false,
        "has_links": true,
        "id": "para_1",
        "section_id": "section_refactored-tables-02",
        "start_line": 19,
        "text": "[file1](file:///C:/Temp/1.txt) bad2 cross3 ext4 mail5",
        "word_count": 5
      }
    ],
    "sections": [
      {
        "child_ids": [],
        "end_char": 1899,
        "end_line": 20,
        "id": "section_refactored-tables-02",
        "level": 1,
        "parent_id": null,
        "raw_content": "# Refactored tables 02\n\n| H1 | H2 | H3 | H4 | H5 | H6 | H7 | H8 | H9 | H10 |\n|---:|:--:|---:|---:|---:|---:|----|---:|:--:|:---|\n| 1\\\\:1 november | 1:2 mike hotel | 1\\\\:3 yankee uniform | 1:4 hotel | 1\\\\:5 whiskey | 1:6 quebec foxtrot mike | 1\\\\:7 yankee tango | 1:8 kilo india oscar | 1\\\\:9 charlie | 1:10 romeo | 1\\\\:11 india kilo oscar |\n| 2\\\\:1 juliet sierra hotel | 2:2 papa mike delta | 2\\\\:3 bravo yankee | 2:4 yankee | 2\\\\:5 quebec | 2:6 india sierra oscar | 2\\\\:7 oscar foxtrot | 2:8 victor alpha victor |\n| 3\\\\:1 oscar mike tango | 3:2 sierra bravo hotel | 3\\\\:3 zulu papa uniform | 3:4 romeo foxtrot papa | 3\\\\:5 india juliet sierra | 3:6 papa | 3\\\\:7 juliet mike romeo | 3:8 sierra romeo | 3\\\\:9 november november bravo | 3:10 kilo |\n| 4\\\\:1 mike kilo delta | 4:2 hotel hotel lima | 4\\\\:3 foxtrot uniform | 4:4 hotel kilo | 4\\\\:5 papa | 4:6 charlie uniform | 4\\\\:7 romeo | 4:8 golf |\n| 5\\\\:1 quebec | 5:2 sierra uniform | 5\\\\:3 victor delta | 5:4 zulu | 5\\\\:5 echo | 5:6 hotel sierra xray | 5\\\\:7 lima | 5:8 papa quebec tango | 5\\\\:9 golf |\n| 6\\\\:1 kilo quebec echo | 6:2 romeo romeo | 6\\\\:3 kilo romeo | 6:4 india delta | 6\\\\:5 juliet delta | 6:6 bravo | 6\\\\:7 yankee | 6:8 india xray india |\n| 7\\\\:1 echo hotel echo | 7:2 foxtrot delta quebec | 7\\\\:3 lima | 7:4 uniform india yankee | 7\\\\:5 foxtrot | 7:6 india quebec november | 7\\\\:7 november alpha | 7:8 whiskey golf |\n\n| H1 | H2 | H3 | H4 |\n|---:|---:|----|:---|\n| 1:1 romeo quebec india | 1:2 kilo | 1:3 quebec kilo papa | 1:4 echo november |\n| 2:1 india oscar victor | 2:2 sierra echo quebec | 2:3 lima zulu | 2:4 uniform |\n| 3:1 tango kilo papa | 3:2 india | 3:3 tango echo yankee | 3:4 juliet yankee |\n\n[file1](file:///C:/Temp/1.txt) [bad2](ht!tp://broken^2) [cross3](./tables_03.md#sec0) [ext4](https://example.com/4) [mail5](mailto:user5@example.com)\n",
        "slug": "refactored-tables-02",
        "start_char": 75,
        "start_line": 1,
        "text_content": "Refactored tables 02\n\nH1H2H3H4H5H6H7H8H9H10\n\n1\\:1 november1:2 mike hotel1\\:3 yankee uniform1:4 hotel1\\:5 whiskey1:6 quebec foxtrot mike1\\:7 yankee tango1:8 kilo india oscar1\\:9 charlie1:10 romeo 2\\:1 juliet sierra hotel2:2 papa mike delta2\\:3 bravo yankee2:4 yankee2\\:5 quebec2:6 india sierra oscar2\\:7 oscar foxtrot2:8 victor alpha victor 3\\:1 oscar mike tango3:2 sierra bravo hotel3\\:3 zulu papa uniform3:4 romeo foxtrot papa3\\:5 india juliet sierra3:6 papa3\\:7 juliet mike romeo3:8 sierra romeo3\\:9 november november bravo3:10 kilo 4\\:1 mike kilo delta4:2 hotel hotel lima4\\:3 foxtrot uniform4:4 hotel kilo4\\:5 papa4:6 charlie uniform4\\:7 romeo4:8 golf 5\\:1 quebec5:2 sierra uniform5\\:3 victor delta5:4 zulu5\\:5 echo5:6 hotel sierra xray5\\:7 lima5:8 papa quebec tango5\\:9 golf 6\\:1 kilo quebec echo6:2 romeo romeo6\\:3 kilo romeo6:4 india delta6\\:5 juliet delta6:6 bravo6\\:7 yankee6:8 india xray india 7\\:1 echo hotel echo7:2 foxtrot delta quebec7\\:3 lima7:4 uniform india yankee7\\:5 foxtrot7:6 india quebec november7\\:7 november alpha7:8 whiskey golf\n\nH1H2H3H4\n\n1:1 romeo quebec india1:2 kilo1:3 quebec kilo papa1:4 echo november 2:1 india oscar victor2:2 sierra echo quebec2:3 lima zulu2:4 uniform 3:1 tango kilo papa3:2 india3:3 tango echo yankee3:4 juliet yankee\n\n[file1](file:///C:/Temp/1.txt) bad2 cross3 ext4 mail5",
        "title": "Refactored tables 02"
      }
    ],
    "tables": [
      {
        "align": [
          "right",
          "center",
          "right",
          "right",
          "right",
          "right",
          "left",
          "right",
          "center",
          "left"
        ],
        "align_meta": {
          "heuristic": true
        },
        "align_mismatch": false,
        "column_count": 10,
        "end_line": 12,
        "headers": [
          "H1",
          "H2",
          "H3",
          "H4",
          "H5",
          "H6",
          "H7",
          "H8",
          "H9",
          "H10"
        ],
        "id": "table_0",
        "is_ragged": true,
        "is_ragged_meta": {
          "heuristic": true
        },
        "row_count": 7,
        "rows": [
          [
            "1\\:1 november",
            "1:2 mike hotel",
            "1\\:3 yankee uniform",
            "1:4 hotel",
            "1\\:5 whiskey",
            "1:6 quebec foxtrot mike",
            "1\\:7 yankee tango",
            "1:8 kilo india oscar",
            "1\\:9 charlie",
            "1:10 romeo"
          ],
          [
            "2\\:1 juliet sierra hotel",
            "2:2 papa mike delta",
            "2\\:3 bravo yankee",
            "2:4 yankee",
            "2\\:5 quebec",
            "2:6 india sierra oscar",
            "2\\:7 oscar foxtrot",
            "2:8 victor alpha victor",
            "",
            ""
          ],
          [
            "3\\:1 oscar mike tango",
            "3:2 sierra bravo hotel",
            "3\\:3 zulu papa uniform",
            "3:4 romeo foxtrot papa",
            "3\\:5 india juliet sierra",
            "3:6 papa",
            "3\\:7 juliet mike romeo",
            "3:8 sierra romeo",
            "3\\:9 november november bravo",
            "3:10 kilo"
          ],
          [
            "4\\:1 mike kilo delta",
            "4:2 hotel hotel lima",
            "4\\:3 foxtrot uniform",
            "4:4 hotel kilo",
            "4\\:5 papa",
            "4:6 charlie uniform",
            "4\\:7 romeo",
            "4:8 golf",
            "",
            ""
          ],
          [
            "5\\:1 quebec",
            "5:2 sierra uniform",
            "5\\:3 victor delta",
            "5:4 zulu",
            "5\\:5 echo",
            "5:6 hotel sierra xray",
            "5\\:7 lima",
            "5:8 papa quebec tango",
            "5\\:9 golf",
            ""
          ],
          [
            "6\\:1 kilo quebec echo",
            "6:2 romeo romeo",
            "6\\:3 kilo romeo",
            "6:4 india delta",
            "6\\:5 juliet delta",
            "6:6 bravo",
            "6\\:7 yankee",
            "6:8 india xray india",
            "",
            ""
          ],
          [
            "7\\:1 echo hotel echo",
            "7:2 foxtrot delta quebec",
            "7\\:3 lima",
            "7:4 uniform india yankee",
            "7\\:5 foxtrot",
            "7:6 india quebec november",
            "7\\:7 november alpha",
            "7:8 whiskey golf",
            "",
            ""
          ]
        ],
        "section_id": "section_refactored-tables-02",
        "start_line": 3
      },
      {
        "align": [
          "right",
          "right",
          "left",
          "left"
        ],
        "align_meta": {
          "heuristic": true
        },
        "align_mismatch": false,
        "column_count": 4,
        "end_line": 18,
        "headers": [
          "H1",
          "H2",
          "H3",
          "H4"
        ],
        "id": "table_1",
        "is_ragged": false,
        "row_count": 3,
        "rows": [
          [
            "1:1 romeo quebec india",
            "1:2 kilo",
            "1:3 quebec kilo papa",
            "1:4 echo november"
          ],
          [
            "2:1 india oscar victor",
            "2:2 sierra echo quebec",
            "2:3 lima zulu",
            "2:4 uniform"
          ],
          [
            "3:1 tango kilo papa",
            "3:2 india",
            "3:3 tango echo yankee",
            "3:4 juliet yankee"
          ]
        ],
        "section_id": "section_refactored-tables-02",
        "start_line": 13
      }
    ]
  }
}