{
  "content": {
    "lines": [
      "+++",
      "title = \"Refactored tables 01\"",
      "id = \"ref_tables_01\"",
      "note = \"tables-case\"",
      "+++",
      "# Refactored tables 01",
      "Title",
      "=====",
      "",
      "Sub",
      "----",
      "",
      "",
      "| H1 | H2 | H3 | H4 | H5 | H6 | H7 |",
      "|:--:|:--:|:---|----|:--:|:---|:--:|",
      "| 1\\\\:1 tango | 1:2 hotel | 1\\\\:3 foxtrot november alpha | 1:4 quebec romeo | 1\\\\:5 delta whiskey | 1:6 kilo juliet bravo | 1\\\\:7 papa lima kilo | 1:8 yankee |",
      "| 2\\\\:1 sierra kilo whiskey | 2:2 delta | 2\\\\:3 alpha whiskey bravo | 2:4 whiskey quebec | 2\\\\:5 bravo zulu | 2:6 alpha uniform | 2\\\\:7 victor |",
      "| 3\\\\:1 oscar charlie kilo | 3:2 quebec tango oscar | 3\\\\:3 quebec golf charlie | 3:4 sierra victor | 3\\\\:5 xray lima | 3:6 echo | 3\\\\:7 delta | 3:8 zulu |",
      "| 4\\\\:1 echo | 4:2 victor | 4\\\\:3 mike papa | 4:4 charlie lima | 4\\\\:5 golf foxtrot tango | 4:6 india zulu | 4\\\\:7 zulu charlie victor | 4:8 papa india |",
      "| 5\\\\:1 delta yankee golf | 5:2 whiskey | 5\\\\:3 foxtrot echo bravo | 5:4 alpha bravo hotel | 5\\\\:5 delta juliet | 5:6 victor |",
      "| 6\\\\:1 quebec november tango | 6:2 sierra mike xray | 6\\\\:3 charlie golf | 6:4 whiskey | 6\\\\:5 whiskey golf |",
      "| 7\\\\:1 hotel delta juliet | 7:2 kilo juliet kilo | 7\\\\:3 bravo india | 7:4 kilo kilo | 7\\\\:5 charlie uniform romeo |",
      "| 8\\\\:1 india bravo kilo | 8:2 echo | 8\\\\:3 papa papa | 8:4 zulu sierra kilo | 8\\\\:5 tango | 8:6 quebec victor | 8\\\\:7 oscar |",
      "| 9\\\\:1 golf whiskey romeo | 9:2 xray juliet | 9\\\\:3 zulu | 9:4 papa victor tango | 9\\\\:5 november sierra oscar |",
      "| 10\\\\:1 mike xray | 10:2 foxtrot charlie | 10\\\\:3 kilo echo | 10:4 uniform sierra | 10\\\\:5 whiskey quebec | 10:6 delta delta |",
      "| 11\\\\:1 lima | 11:2 november echo quebec | 11\\\\:3 uniform | 11:4 quebec | 11\\\\:5 whiskey lima | 11:6 november romeo alpha |",
      "",
      "| H1 | H2 | H3 | H4 |",
      "|----|----|----|:---|",
      "| 1:1 bravo | 1:2 hotel yankee echo | 1:3 whiskey | 1:4 whiskey |",
      "| 2:1 xray | 2:2 tango | 2:3 sierra | 2:4 tango alpha sierra |",
      "",
      "[file1](file:///C:/Temp/1.txt) [bad2](ht!tp://broken^2) [cross3](./tables_02.md#sec0) [ext4](https://example.com/4) [mail5](mailto:user5@example.com)",
      ""
    ],
    "raw": "+++\ntitle = \"Refactored tables 01\"\nid = \"ref_tables_01\"\nnote = \"tables-case\"\n+++\n# Refactored tables 01\nTitle\n=====\n\nSub\n----\n\n\n| H1 | H2 | H3 | H4 | H5 | H6 | H7 |\n|:--:|:--:|:---|----|:--:|:---|:--:|\n| 1\\\\:1 tango | 1:2 hotel | 1\\\\:3 foxtrot november alpha | 1:4 quebec romeo | 1\\\\:5 delta whiskey | 1:6 kilo juliet bravo | 1\\\\:7 papa lima kilo | 1:8 yankee |\n| 2\\\\:1 sierra kilo whiskey | 2:2 delta | 2\\\\:3 alpha whiskey bravo | 2:4 whiskey quebec | 2\\\\:5 bravo zulu | 2:6 alpha uniform | 2\\\\:7 victor |\n| 3\\\\:1 oscar charlie kilo | 3:2 quebec tango oscar | 3\\\\:3 quebec golf charlie | 3:4 sierra victor | 3\\\\:5 xray lima | 3:6 echo | 3\\\\:7 delta | 3:8 zulu |\n| 4\\\\:1 echo | 4:2 victor | 4\\\\:3 mike papa | 4:4 charlie lima | 4\\\\:5 golf foxtrot tango | 4:6 india zulu | 4\\\\:7 zulu charlie victor | 4:8 papa india |\n| 5\\\\:1 delta yankee golf | 5:2 whiskey | 5\\\\:3 foxtrot echo bravo | 5:4 alpha bravo hotel | 5\\\\:5 delta juliet | 5:6 victor |\n| 6\\\\:1 quebec november tango | 6:2 sierra mike xray | 6\\\\:3 charlie golf | 6:4 whiskey | 6\\\\:5 whiskey golf |\n| 7\\\\:1 hotel delta juliet | 7:2 kilo juliet kilo | 7\\\\:3 bravo india | 7:4 kilo kilo | 7\\\\:5 charlie uniform romeo |\n| 8\\\\:1 india bravo kilo | 8:2 echo | 8\\\\:3 papa papa | 8:4 zulu sierra kilo | 8\\\\:5 tango | 8:6 quebec victor | 8\\\\:7 oscar |\n| 9\\\\:1 golf whiskey romeo | 9:2 xray juliet | 9\\\\:3 zulu | 9:4 papa victor tango | 9\\\\:5 november sierra oscar |\n| 10\\\\:1 mike xray | 10:2 foxtrot charlie | 10\\\\:3 kilo echo | 10:4 uniform sierra | 10\\\\:5 whiskey quebec | 10:6 delta delta |\n| 11\\\\:1 lima | 11:2 november echo quebec | 11\\\\:3 uniform | 11:4 quebec | 11\\\\:5 whiskey lima | 11:6 november romeo alpha |\n\n| H1 | H2 | H3 | H4 |\n|----|----|----|:---|\n| 1:1 bravo | 1:2 hotel yankee echo | 1:3 whiskey | 1:4 whiskey |\n| 2:1 xray | 2:2 tango | 2:3 sierra | 2:4 tango alpha sierra |\n\n[file1](file:///C:/Temp/1.txt) [bad2](ht!tp://broken^2) [cross3](./tables_02.md#sec0) [ext4](https://example.com/4) [mail5](mailto:user5@example.com)\n"
  },
  "mappings": {
    "code_blocks": [],
    "code_lines": [],
    "line_to_section": {
      "10": "section_sub",
      "11": "section_sub",
      "12": "section_sub",
      "13": "section_sub",
      "14": "section_sub",
      "15": "section_sub",
      "16": "section_sub",
      "17": "section_sub",
      "18": "section_sub",
      "19": "section_sub",
      "20": "section_sub",
      "21": "section_sub",
      "22": "section_sub",
      "23": "section_sub",
      "24": "section_sub",
      "25": "section_sub",
      "26": "section_sub",
      "27": "section_sub",
      "28": "section_sub",
      "29": "section_sub",
      "30": "section_sub",
      "31": "section_sub",
      "32": "section_sub",
      "33": "section_sub",
      "5": "section_refactored-tables-01",
      "6": "section_title",
      "7": "section_title",
      "8": "section_title",
      "9": "section_sub"
    },
    "line_to_type": {
      "0": "prose",
      "1": "prose",
      "10": "prose",
      "11": "prose",
      "12": "prose",
      "13": "prose",
      "14": "prose",
      "15": "prose",
      "16": "prose",
      "17": "prose",
      "18": "prose",
      "19": "prose",
      "2": "prose",
      "20": "prose",
      "21": "prose",
      "22": "prose",
      "23": "prose",
      "24": "prose",
      "25": "prose",
      "26": "prose",
      "27": "prose",
      "28": "prose",
      "29": "prose",
      "3": "prose",
      "30": "prose",
      "31": "prose",
      "32": "prose",
      "33": "prose",
      "4": "prose",
      "5": "prose",
      "6": "prose",
      "7": "prose",
      "8": "prose",
      "9": "prose"
    },
    "prose_lines": [
      0,
      1,
      2,
      3,
      4,
      5,
      6,
      7,
      8,
      9,
      10,
      11,
      12,
      13,
      14,
      15,
      16,
      17,
      18,
      19,
      20,
      21,
      22,
      23,
      24,
      25,
      26,
      27,
      28,
      29,
      30,
      31,
      32,
      33
    ]
  },
  "metadata": {
    "embedding_block_reason": "Raw content contains disallowed link schemes",
    "embedding_blocked": true,
    "has_code": false,
    "has_frontmatter": false,
    "has_lists": false,
    "has_sections": true,
    "has_tables": true,
    "node_counts": {
      "heading": 3,
      "inline": 101,
      "link": 4,
      "paragraph": 2,
      "root": 1,
      "softbreak": 4,
      "table": 2,
      "tbody": 2,
      "td": 85,
      "text": 103,
      "th": 11,
      "thead": 2,
      "tr": 15
    },
    "quarantine_reasons": [
      "ragged_tables:1"
    ],
    "quarantined": true,
    "security": {
      "link_disallowed_schemes_raw": true,
      "profile_used": "moderate",
      "statistics": {
        "allowed_schemes": [
          "http",
          "https",
          "mailto",
          "tel"
        ],
        "confusables_present": false,
        "frontmatter_at_bof": false,
        "has_data_uri_images": false,
        "has_event_handlers": false,
        "has_html_block": false,
        "has_html_inline": false,
        "has_script": false,
        "link_schemes": {
          "https": 1,
          "mailto": 1,
          "relative": 2
        },
        "nbsp_present": false,
        "nested_headings_blocked": 0,
        "path_traversal_pattern": true,
        "ragged_tables_count": 1,
        "raw_dangerous_schemes": true,
        "table_align_mismatches": 0,
        "unicode_risk_score": 0,
        "zwsp_present": false
      },
      "summary": {
        "has_dangerous_content": true,
        "ragged_tables_count": 1,
        "total_warnings": 5,
        "unicode_risk_score": 0
      },
      "warnings": [
        {
          "line": 13,
          "message": "Table has inconsistent column counts",
          "type": "ragged_table"
        },
        {
          "line": 32,
          "message": "Link contains path traversal pattern",
          "type": "path_traversal",
          "url": "ht!tp://broken%5E2"
        },
        {
          "line": 32,
          "message": "Link contains path traversal pattern",
          "type": "path_traversal",
          "url": "https://example.com/4"
        },
        {
          "message": "Raw content contains potentially dangerous scheme: file:",
          "type": "disallowed_schemes_raw"
        },
        {
          "message": "Dangerous scheme \"file:\" found in raw content",
          "scheme": "file",
          "type": "raw_dangerous_scheme"
        }
      ]
    },
    "security_policies_applied": [
      "embedding_blocked_schemes_raw",
      "dropped_1_unsafe_links"
    ],
    "total_chars": 1992,
    "total_lines": 34
  },
  "structure": {
    "blockquotes": [],
    "code_blocks": [],
    "footnotes": {
      "definitions": [],
      "references": []
    },
    "headings": [
      {
        "end_char": 104,
        "id": "heading_refactored-tables-01",
        "level": 1,
        "line": 5,
        "parent_heading_id": null,
        "slug": "refactored-tables-01",
        "start_char": 81,
        "text": "Refactored tables 01"
      },
      {
        "end_char": 110,
        "id": "heading_title",
        "level": 1,
        "line": 6,
        "parent_heading_id": null,
        "slug": "title",
        "start_char": 104,
        "text": "Title"
      },
      {
        "end_char": 121,
        "id": "heading_sub",
        "level": 1,
        "line": 9,
        "parent_heading_id": null,
        "slug": "sub",
        "start_char": 117,
        "text": "Sub"
      }
    ],
    "html_blocks": [],
    "html_inline": [],
    "images": [],
    "links": [
      {
        "allowed": true,
        "line": 32,
        "scheme": null,
        "text": "cross3",
        "type": "internal",
        "url": "./tables_02.md#sec0"
      },
      {
        "allowed": true,
        "line": 32,
        "scheme": "https",
        "text": "ext4",
        "type": "external",
        "url": "https://example.com/4"
      },
      {
        "allowed": true,
        "line": 32,
        "scheme": "mailto",
        "text": "mail5",
        "type": "email",
        "url": "mailto:user5@example.com"
      }
    ],
    "lists": [],
    "paragraphs": [
      {
        "end_line": 5,
        "has_code": false,
        "has_emphasis": false,
        "has_links": false,
        "id": "para_0",
        "section_id": null,
        "start_line": 0,
        "text": "+++\ntitle = \"Refactored tables 01\"\nid = \"ref_tables_01\"\nnote = \"tables-case\"\n+++",
        "word_count": 13
      },
      {
        "end_line": 33,
        "has_code": false,
        "has_emphasis": false,
        "has_links": true,
        "id": "para_1",
        "section_id": "section_sub",
        "start_line": 32,
        "text": "[file1](file:///C:/Temp/1.txt) bad2 cross3 ext4 mail5",
        "word_count": 5
      }
    ],
    "sections": [
      {
        "child_ids": [],
        "end_char": 104,
        "end_line": 5,
        "id": "section_refactored-tables-01",
        "level": 1,
        "parent_id": null,
        "raw_content": "# Refactored tables 01",
        "slug": "refactored-tables-01",
        "start_char": 81,
        "start_line": 5,
        "text_content": "Refactored tables 01",
        "title": "Refactored tables 01"
      },
      {
        "child_ids": [],
        "end_char": 117,
        "end_line": 8,
        "id": "section_title",
        "level": 1,
        "parent_id": null,
        "raw_content": "Title\n=====\n",
        "slug": "title",
        "start_char": 104,
        "start_line": 6,
        "text_content": "Title",
        "title": "Title"
      },
      {
        "child_ids": [],
        "end_char": 1992,
        "end_line": 33,
        "id": "section_sub",
        "level": 1,
        "parent_id": null,
        "raw_content": "Sub\n----\n\n\n| H1 | H2 | H3 | H4 | H5 | H6 | H7 |\n|:--:|:--:|:---|----|:--:|:---|:--:|\n| 1\\\\:1 tango | 1:2 hotel | 1\\\\:3 foxtrot november alpha | 1:4 quebec romeo | 1\\\\:5 delta whiskey | 1:6 kilo juliet bravo | 1\\\\:7 papa lima kilo | 1:8 yankee |\n| 2\\\\:1 sierra kilo whiskey | 2:2 delta | 2\\\\:3 alpha whiskey bravo | 2:4 whiskey quebec | 2\\\\:5 bravo zulu | 2:6 alpha uniform | 2\\\\:7 victor |\n| 3\\\\:1 oscar charlie kilo | 3:2 quebec tango oscar | 3\\\\:3 quebec golf charlie | 3:4 sierra victor | 3\\\\:5 xray lima | 3:6 echo | 3\\\\:7 delta | 3:8 zulu |\n| 4\\\\:1 echo | 4:2 victor | 4\\\\:3 mike papa | 4:4 charlie lima | 4\\\\:5 golf foxtrot tango | 4:6 india zulu | 4\\\\:7 zulu charlie victor | 4:8 papa india |\n| 5\\\\:1 delta yankee golf | 5:2 whiskey | 5\\\\:3 foxtrot echo bravo | 5:4 alpha bravo hotel | 5\\\\:5 delta juliet | 5:6 victor |\n| 6\\\\:1 quebec november tango | 6:2 sierra mike xray | 6\\\\:3 charlie golf | 6:4 whiskey | 6\\\\:5 whiskey golf |\n| 7\\\\:1 hotel delta juliet | 7:2 kilo juliet kilo | 7\\\\:3 bravo india | 7:4 kilo kilo | 7\\\\:5 charlie uniform romeo |\n| 8\\\\:1 india bravo kilo | 8:2 echo | 8\\\\:3 papa papa | 8:4 zulu sierra kilo | 8\\\\:5 tango | 8:6 quebec victor | 8\\\\:7 oscar |\n| 9\\\\:1 golf whiskey romeo | 9:2 xray juliet | 9\\\\:3 zulu | 9:4 papa victor tango | 9\\\\:5 november sierra oscar |\n| 10\\\\:1 mike xray | 10:2 foxtrot charlie | 10\\\\:3 kilo echo | 10:4 uniform sierra | 10\\\\:5 whiskey quebec | 10:6 delta delta |\n| 11\\\\:1 lima | 11:2 november echo quebec | 11\\\\:3 uniform | 11:4 quebec | 11\\\\:5 whiskey lima | 11:6 november romeo alpha |\n\n| H1 | H2 | H3 | H4 |\n|----|----|----|:---|\n| 1:1 bravo | 1:2 hotel yankee echo | 1:3 whiskey | 1:4 whiskey |\n| 2:1 xray | 2:2 tango | 2:3 sierra | 2:4 tango alpha sierra |\n\n[file1](file:///C:/Temp/1.txt) [bad2](ht!tp://broken^2) [cross3](./tables_02.md#sec0) [ext4](https://example.com/4) [mail5](mailto:user5@example.com)\n",
        "slug": "sub",
        "start_char": 117,
        "start_line": 9,
        "text_content": "Sub\n\nH1H2H3H4H5H6H7\n\n1\\:1 tango1:2 hotel1\\:3 foxtrot november alpha1:4 quebec romeo1\\:5 delta whiskey1:6 kilo juliet bravo1\\:7 papa lima kilo 2\\:1 sierra kilo whiskey2:2 delta2\\:3 alpha whiskey bravo2:4 whiskey quebec2\\:5 bravo zulu2:6 alpha uniform2\\:7 victor 3\\:1 oscar charlie kilo3:2 quebec tango oscar3\\:3 quebec golf charlie3:4 sierra victor3\\:5 xray lima3:6 echo3\\:7 delta 4\\:1 echo4:2 victor4\\:3 mike papa4:4 charlie lima4\\:5 golf foxtrot tango4:6 india zulu4\\:7 zulu charlie victor 5\\:1 delta yankee golf5:2 whiskey5\\:3 foxtrot echo bravo5:4 alpha bravo hotel5\\:5 delta juliet5:6 victor 6\\:1 quebec november tango6:2 sierra mike xray6\\:3 charlie golf6:4 whiskey6\\:5 whiskey golf 7\\:1 hotel delta juliet7:2 kilo juliet kilo7\\:3 bravo india7:4 kilo kilo7\\:5 charlie uniform romeo 8\\:1 india bravo kilo8:2 echo8\\:3 papa papa8:4 zulu sierra kilo8\\:5 tango8:6 quebec victor8\\:7 oscar 9\\:1 golf whiskey romeo9:2 xray juliet9\\:3 zulu9:4 papa victor tango9\\:5 november sierra oscar 10\\:1 mike xray10:2 foxtrot charlie10\\:3 kilo echo10:4 uniform sierra10\\:5 whiskey quebec10:6 delta delta 11\\:1 lima11:2 november echo quebec11\\:3 uniform11:4 quebec11\\:5 whiskey lima11:6 november romeo alpha\n\nH1H2H3H4\n\n1:1 bravo1:2 hotel yankee echo1:3 whiskey1:4 whiskey 2:1 xray2:2 tango2:3 sierra2:4 tango alpha sierra\n\n[file1](file:///C:/Temp/1.txt) bad2 cross3 ext4 mail5",
        "title": "Sub"
      }
    ],
    "tables": [
      {
        "align": [
          "center",
          "center",
          "left",
          "left",
          "center",
          "left",
          "center"
        ],
        "align_meta": {
          "heuristic": true
        },
        "align_mismatch": false,
        "column_count": 7,
        "end_line": 26,
        "headers": [
          "H1",
          "H2",
          "H3",
          "H4",
          "H5",
          "H6",
          "H7"
        ],
        "id": "table_0",
        "is_ragged": true,
        "is_ragged_meta": {
          "heuristic": true
        },
        "row_count": 11,
        "rows": [
          [
            "1\\:1 tango",
            "1:2 hotel",
            "1\\:3 foxtrot november alpha",
            "1:4 quebec romeo",
            "1\\:5 delta whiskey",
            "1:6 kilo juliet bravo",
            "1\\:7 papa lima kilo"
          ],
          [
            "2\\:1 sierra kilo whiskey",
            "2:2 delta",
            "2\\:3 alpha whiskey bravo",
            "2:4 whiskey quebec",
            "2\\:5 bravo zulu",
            "2:6 alpha uniform",
            "2\\:7 victor"
          ],
          [
            "3\\:1 oscar charlie kilo",
            "3:2 quebec tango oscar",
            "3\\:3 quebec golf charlie",
            "3:4 sierra victor",
            "3\\:5 xray lima",
            "3:6 echo",
            "3\\:7 delta"
          ],
          [
            "4\\:1 echo",
            "4:2 victor",
            "4\\:3 mike papa",
            "4:4 charlie lima",
            "4\\:5 golf foxtrot tango",
            "4:6 india zulu",
            "4\\:7 zulu charlie victor"
          ],
          [
            "5\\:1 delta yankee golf",
            "5:2 whiskey",
            "5\\:3 foxtrot echo bravo",
            "5:4 alpha bravo hotel",
            "5\\:5 delta juliet",
            "5:6 victor",
            ""
          ],
          [
            "6\\:1 quebec november tango",
            "6:2 sierra mike xray",
            "6\\:3 charlie golf",
            "6:4 whiskey",
            "6\\:5 whiskey golf",
            "",
            ""
          ],
          [
            "7\\:1 hotel delta juliet",
            "7:2 kilo juliet kilo",
            "7\\:3 bravo india",
            "7:4 kilo kilo",
            "7\\:5 charlie uniform romeo",
            "",
            ""
          ],
          [
            "8\\:1 india bravo kilo",
            "8:2 echo",
            "8\\:3 papa papa",
            "8:4 zulu sierra kilo",
            "8\\:5 tango",
            "8:6 quebec victor",
            "8\\:7 oscar"
          ],
          [
            "9\\:1 golf whiskey romeo",
            "9:2 xray juliet",
            "9\\:3 zulu",
            "9:4 papa victor tango",
            "9\\:5 november sierra oscar",
            "",
            ""
          ],
          [
            "10\\:1 mike xray",
            "10:2 foxtrot charlie",
            "10\\:3 kilo echo",
            "10:4 uniform sierra",
            "10\\:5 whiskey quebec",
            "10:6 delta delta",
            ""
          ],
          [
            "11\\:1 lima",
            "11:2 november echo quebec",
            "11\\:3 uniform",
            "11:4 quebec",
            "11\\:5 whiskey lima",
            "11:6 november romeo alpha",
            ""
          ]
        ],
        "section_id": "section_sub",
        "start_line": 13
      },
      {
        "align": [
          "left",
          "left",
          "left",
          "left"
        ],
        "align_meta": {
          "heuristic": true
        },
        "align_mismatch": false,
        "column_count": 4,
        "end_line": 31,
        "headers": [
          "H1",
          "H2",
          "H3",
          "H4"
        ],
        "id": "table_1",
        "is_ragged": false,
        "row_count": 2,
        "rows": [
          [
            "1:1 bravo",
            "1:2 hotel yankee echo",
            "1:3 whiskey",
            "1:4 whiskey"
          ],
          [
            "2:1 xray",
            "2:2 tango",
            "2:3 sierra",
            "2:4 tango alpha sierra"
          ]
        ],
        "section_id": "section_sub",
        "start_line": 27
      }
    ]
  }
}