{
  "content": {
    "lines": [
      "{\"title\":\"Refactored tables 05\",\"id\":\"ref_tables_05\",\"note\":\"tables-case\"}",
      "# Refactored tables 05",
      "Title",
      "=====",
      "",
      "Sub",
      "----",
      "",
      "",
      "| H1 | H2 | H3 | H4 | H5 | H6 | H7 | H8 |",
      "|---|---|---|---|---|---|---|---|",
      "| 1\\\\:1 bravo foxtrot | 1:2 quebec yankee sierra | 1\\\\:3 kilo | 1:4 tango hotel | 1\\\\:5 charlie | 1:6 xray delta sierra | 1\\\\:7 foxtrot |",
      "| 2\\\\:1 zulu kilo | 2:2 lima quebec delta | 2\\\\:3 hotel victor oscar | 2:4 november xray | 2\\\\:5 juliet mike foxtrot | 2:6 victor | 2\\\\:7 tango echo |",
      "| 3\\\\:1 zulu golf | 3:2 golf kilo | 3\\\\:3 uniform | 3:4 kilo uniform romeo | 3\\\\:5 november yankee | 3:6 quebec | 3\\\\:7 golf | 3:8 romeo india foxtrot |",
      "| 4\\\\:1 golf zulu | 4:2 hotel echo | 4\\\\:3 golf november | 4:4 november | 4\\\\:5 whiskey | 4:6 uniform foxtrot | 4\\\\:7 bravo alpha | 4:8 tango | 4\\\\:9 oscar yankee india |",
      "| 5\\\\:1 india | 5:2 foxtrot | 5\\\\:3 kilo echo whiskey | 5:4 victor xray sierra | 5\\\\:5 xray juliet | 5:6 tango xray juliet | 5\\\\:7 tango zulu | 5:8 lima india | 5\\\\:9 tango |",
      "| 6\\\\:1 tango lima quebec | 6:2 papa tango | 6\\\\:3 whiskey echo tango | 6:4 mike | 6\\\\:5 echo | 6:6 charlie uniform hotel | 6\\\\:7 hotel | 6:8 zulu sierra |",
      "| 7\\\\:1 sierra lima | 7:2 tango | 7\\\\:3 golf yankee yankee | 7:4 alpha juliet | 7\\\\:5 lima india papa | 7:6 lima | 7\\\\:7 charlie | 7:8 xray foxtrot zulu |",
      "| 8\\\\:1 echo hotel | 8:2 india juliet golf | 8\\\\:3 victor charlie sierra | 8:4 charlie juliet bravo | 8\\\\:5 whiskey | 8:6 delta xray | 8\\\\:7 mike bravo quebec | 8:8 mike yankee echo |",
      "",
      "| H1 | H2 | H3 | H4 |",
      "|:--:|:---|:--:|---:|",
      "| 1:1 golf | 1:2 victor | 1:3 juliet echo | 1:4 quebec quebec victor |",
      "| 2:1 uniform | 2:2 india romeo | 2:3 yankee delta | 2:4 foxtrot papa |",
      "",
      "[file1](file:///C:/Temp/1.txt) [bad2](ht!tp://broken^2) [cross3](./tables_01.md#sec0) [ext4](https://example.com/4) [mail5](mailto:user5@example.com)",
      ""
    ],
    "raw": "{\"title\":\"Refactored tables 05\",\"id\":\"ref_tables_05\",\"note\":\"tables-case\"}\n# Refactored tables 05\nTitle\n=====\n\nSub\n----\n\n\n| H1 | H2 | H3 | H4 | H5 | H6 | H7 | H8 |\n|---|---|---|---|---|---|---|---|\n| 1\\\\:1 bravo foxtrot | 1:2 quebec yankee sierra | 1\\\\:3 kilo | 1:4 tango hotel | 1\\\\:5 charlie | 1:6 xray delta sierra | 1\\\\:7 foxtrot |\n| 2\\\\:1 zulu kilo | 2:2 lima quebec delta | 2\\\\:3 hotel victor oscar | 2:4 november xray | 2\\\\:5 juliet mike foxtrot | 2:6 victor | 2\\\\:7 tango echo |\n| 3\\\\:1 zulu golf | 3:2 golf kilo | 3\\\\:3 uniform | 3:4 kilo uniform romeo | 3\\\\:5 november yankee | 3:6 quebec | 3\\\\:7 golf | 3:8 romeo india foxtrot |\n| 4\\\\:1 golf zulu | 4:2 hotel echo | 4\\\\:3 golf november | 4:4 november | 4\\\\:5 whiskey | 4:6 uniform foxtrot | 4\\\\:7 bravo alpha | 4:8 tango | 4\\\\:9 oscar yankee india |\n| 5\\\\:1 india | 5:2 foxtrot | 5\\\\:3 kilo echo whiskey | 5:4 victor xray sierra | 5\\\\:5 xray juliet | 5:6 tango xray juliet | 5\\\\:7 tango zulu | 5:8 lima india | 5\\\\:9 tango |\n| 6\\\\:1 tango lima quebec | 6:2 papa tango | 6\\\\:3 whiskey echo tango | 6:4 mike | 6\\\\:5 echo | 6:6 charlie uniform hotel | 6\\\\:7 hotel | 6:8 zulu sierra |\n| 7\\\\:1 sierra lima | 7:2 tango | 7\\\\:3 golf yankee yankee | 7:4 alpha juliet | 7\\\\:5 lima india papa | 7:6 lima | 7\\\\:7 charlie | 7:8 xray foxtrot zulu |\n| 8\\\\:1 echo hotel | 8:2 india juliet golf | 8\\\\:3 victor charlie sierra | 8:4 charlie juliet bravo | 8\\\\:5 whiskey | 8:6 delta xray | 8\\\\:7 mike bravo quebec | 8:8 mike yankee echo |\n\n| H1 | H2 | H3 | H4 |\n|:--:|:---|:--:|---:|\n| 1:1 golf | 1:2 victor | 1:3 juliet echo | 1:4 quebec quebec victor |\n| 2:1 uniform | 2:2 india romeo | 2:3 yankee delta | 2:4 foxtrot papa |\n\n[file1](file:///C:/Temp/1.txt) [bad2](ht!tp://broken^2) [cross3](./tables_01.md#sec0) [ext4](https://example.com/4) [mail5](mailto:user5@example.com)\n"
  },
  "mappings": {
    "code_blocks": [],
    "code_lines": [],
    "line_to_section": {
      "1": "section_refactored-tables-05",
      "10": "section_sub",
      "11": "section_sub",
      "12": "section_sub",
      "13": "section_sub",
      "14": "section_sub",
      "15": "section_sub",
      "16": "section_sub",
      "17": "section_sub",
      "18": "section_sub",
      "19": "section_sub",
      "2": "section_title",
      "20": "section_sub",
      "21": "section_sub",
      "22": "section_sub",
      "23": "section_sub",
      "24": "section_sub",
      "25": "section_sub",
      "26": "section_sub",
      "3": "section_title",
      "4": "section_title",
      "5": "section_sub",
      "6": "section_sub",
      "7": "section_sub",
      "8": "section_sub",
      "9": "section_sub"
    },
    "line_to_type": {
      "0": "prose",
      "1": "prose",
      "10": "prose",
      "11": "prose",
      "12": "prose",
      "13": "prose",
      "14": "prose",
      "15": "prose",
      "16": "prose",
      "17": "prose",
      "18": "prose",
      "19": "prose",
      "2": "prose",
      "20": "prose",
      "21": "prose",
      "22": "prose",
      "23": "prose",
      "24": "prose",
      "25": "prose",
      "26": "prose",
      "3": "prose",
      "4": "prose",
      "5": "prose",
      "6": "prose",
      "7": "prose",
      "8": "prose",
      "9": "prose"
    },
    "prose_lines": [
      0,
      1,
      2,
      3,
      4,
      5,
      6,
      7,
      8,
      9,
      10,
      11,
      12,
      13,
      14,
      15,
      16,
      17,
      18,
      19,
      20,
      21,
      22,
      23,
      24,
      25,
      26
    ]
  },
  "metadata": {
    "embedding_block_reason": "Raw content contains disallowed link schemes",
    "embedding_blocked": true,
    "has_code": false,
    "has_frontmatter": false,
    "has_lists": false,
    "has_sections": true,
    "has_tables": true,
    "node_counts": {
      "heading": 3,
      "inline": 89,
      "link": 4,
      "paragraph": 2,
      "root": 1,
      "table": 2,
      "tbody": 2,
      "td": 72,
      "text": 94,
      "th": 12,
      "thead": 2,
      "tr": 12
    },
    "quarantine_reasons": [
      "ragged_tables:1"
    ],
    "quarantined": true,
    "security": {
      "link_disallowed_schemes_raw": true,
      "profile_used": "moderate",
      "statistics": {
        "allowed_schemes": [
          "http",
          "https",
          "mailto",
          "tel"
        ],
        "confusables_present": false,
        "frontmatter_at_bof": false,
        "has_data_uri_images": false,
        "has_event_handlers": false,
        "has_html_block": false,
        "has_html_inline": false,
        "has_script": false,
        "link_schemes": {
          "https": 1,
          "mailto": 1,
          "relative": 2
        },
        "nbsp_present": false,
        "nested_headings_blocked": 0,
        "path_traversal_pattern": true,
        "ragged_tables_count": 1,
        "raw_dangerous_schemes": true,
        "table_align_mismatches": 0,
        "unicode_risk_score": 0,
        "zwsp_present": false
      },
      "summary": {
        "has_dangerous_content": true,
        "ragged_tables_count": 1,
        "total_warnings": 5,
        "unicode_risk_score": 0
      },
      "warnings": [
        {
          "line": 9,
          "message": "Table has inconsistent column counts",
          "type": "ragged_table"
        },
        {
          "line": 25,
          "message": "Link contains path traversal pattern",
          "type": "path_traversal",
          "url": "ht!tp://broken%5E2"
        },
        {
          "line": 25,
          "message": "Link contains path traversal pattern",
          "type": "path_traversal",
          "url": "https://example.com/4"
        },
        {
          "message": "Raw content contains potentially dangerous scheme: file:",
          "type": "disallowed_schemes_raw"
        },
        {
          "message": "Dangerous scheme \"file:\" found in raw content",
          "scheme": "file",
          "type": "raw_dangerous_scheme"
        }
      ]
    },
    "security_policies_applied": [
      "embedding_blocked_schemes_raw",
      "dropped_1_unsafe_links"
    ],
    "total_chars": 1820,
    "total_lines": 27
  },
  "structure": {
    "blockquotes": [],
    "code_blocks": [],
    "footnotes": {
      "definitions": [],
      "references": []
    },
    "headings": [
      {
        "end_char": 98,
        "id": "heading_refactored-tables-05",
        "level": 1,
        "line": 1,
        "parent_heading_id": null,
        "slug": "refactored-tables-05",
        "start_char": 75,
        "text": "Refactored tables 05"
      },
      {
        "end_char": 104,
        "id": "heading_title",
        "level": 1,
        "line": 2,
        "parent_heading_id": null,
        "slug": "title",
        "start_char": 98,
        "text": "Title"
      },
      {
        "end_char": 115,
        "id": "heading_sub",
        "level": 1,
        "line": 5,
        "parent_heading_id": null,
        "slug": "sub",
        "start_char": 111,
        "text": "Sub"
      }
    ],
    "html_blocks": [],
    "html_inline": [],
    "images": [],
    "links": [
      {
        "allowed": true,
        "line": 25,
        "scheme": null,
        "text": "cross3",
        "type": "internal",
        "url": "./tables_01.md#sec0"
      },
      {
        "allowed": true,
        "line": 25,
        "scheme": "https",
        "text": "ext4",
        "type": "external",
        "url": "https://example.com/4"
      },
      {
        "allowed": true,
        "line": 25,
        "scheme": "mailto",
        "text": "mail5",
        "type": "email",
        "url": "mailto:user5@example.com"
      }
    ],
    "lists": [],
    "paragraphs": [
      {
        "end_line": 1,
        "has_code": false,
        "has_emphasis": false,
        "has_links": false,
        "id": "para_0",
        "section_id": null,
        "start_line": 0,
        "text": "{\"title\":\"Refactored tables 05\",\"id\":\"ref_tables_05\",\"note\":\"tables-case\"}",
        "word_count": 3
      },
      {
        "end_line": 26,
        "has_code": false,
        "has_emphasis": false,
        "has_links": true,
        "id": "para_1",
        "section_id": "section_sub",
        "start_line": 25,
        "text": "[file1](file:///C:/Temp/1.txt) bad2 cross3 ext4 mail5",
        "word_count": 5
      }
    ],
    "sections": [
      {
        "child_ids": [],
        "end_char": 98,
        "end_line": 1,
        "id": "section_refactored-tables-05",
        "level": 1,
        "parent_id": null,
        "raw_content": "# Refactored tables 05",
        "slug": "refactored-tables-05",
        "start_char": 75,
        "start_line": 1,
        "text_content": "Refactored tables 05",
        "title": "Refactored tables 05"
      },
      {
        "child_ids": [],
        "end_char": 111,
        "end_line": 4,
        "id": "section_title",
        "level": 1,
        "parent_id": null,
        "raw_content": "Title\n=====\n",
        "slug": "title",
        "start_char": 98,
        "start_line": 2,
        "text_content": "Title",
        "title": "Title"
      },
      {
        "child_ids": [],
        "end_char": 1820,
        "end_line": 26,
        "id": "section_sub",
        "level": 1,
        "parent_id": null,
        "raw_content": "Sub\n----\n\n\n| H1 | H2 | H3 | H4 | H5 | H6 | H7 | H8 |\n|---|---|---|---|---|---|---|---|\n| 1\\\\:1 bravo foxtrot | 1:2 quebec yankee sierra | 1\\\\:3 kilo | 1:4 tango hotel | 1\\\\:5 charlie | 1:6 xray delta sierra | 1\\\\:7 foxtrot |\n| 2\\\\:1 zulu kilo | 2:2 lima quebec delta | 2\\\\:3 hotel victor oscar | 2:4 november xray | 2\\\\:5 juliet mike foxtrot | 2:6 victor | 2\\\\:7 tango echo |\n| 3\\\\:1 zulu golf | 3:2 golf kilo | 3\\\\:3 uniform | 3:4 kilo uniform romeo | 3\\\\:5 november yankee | 3:6 quebec | 3\\\\:7 golf | 3:8 romeo india foxtrot |\n| 4\\\\:1 golf zulu | 4:2 hotel echo | 4\\\\:3 golf november | 4:4 november | 4\\\\:5 whiskey | 4:6 uniform foxtrot | 4\\\\:7 bravo alpha | 4:8 tango | 4\\\\:9 oscar yankee india |\n| 5\\\\:1 india | 5:2 foxtrot | 5\\\\:3 kilo echo whiskey | 5:4 victor xray sierra | 5\\\\:5 xray juliet | 5:6 tango xray juliet | 5\\\\:7 tango zulu | 5:8 lima india | 5\\\\:9 tango |\n| 6\\\\:1 tango lima quebec | 6:2 papa tango | 6\\\\:3 whiskey echo tango | 6:4 mike | 6\\\\:5 echo | 6:6 charlie uniform hotel | 6\\\\:7 hotel | 6:8 zulu sierra |\n| 7\\\\:1 sierra lima | 7:2 tango | 7\\\\:3 golf yankee yankee | 7:4 alpha juliet | 7\\\\:5 lima india papa | 7:6 lima | 7\\\\:7 charlie | 7:8 xray foxtrot zulu |\n| 8\\\\:1 echo hotel | 8:2 india juliet golf | 8\\\\:3 victor charlie sierra | 8:4 charlie juliet bravo | 8\\\\:5 whiskey | 8:6 delta xray | 8\\\\:7 mike bravo quebec | 8:8 mike yankee echo |\n\n| H1 | H2 | H3 | H4 |\n|:--:|:---|:--:|---:|\n| 1:1 golf | 1:2 victor | 1:3 juliet echo | 1:4 quebec quebec victor |\n| 2:1 uniform | 2:2 india romeo | 2:3 yankee delta | 2:4 foxtrot papa |\n\n[file1](file:///C:/Temp/1.txt) [bad2](ht!tp://broken^2) [cross3](./tables_01.md#sec0) [ext4](https://example.com/4) [mail5](mailto:user5@example.com)\n",
        "slug": "sub",
        "start_char": 111,
        "start_line": 5,
        "text_content": "Sub\n\nH1H2H3H4H5H6H7H8\n\n1\\:1 bravo foxtrot1:2 quebec yankee sierra1\\:3 kilo1:4 tango hotel1\\:5 charlie1:6 xray delta sierra1\\:7 foxtrot 2\\:1 zulu kilo2:2 lima quebec delta2\\:3 hotel victor oscar2:4 november xray2\\:5 juliet mike foxtrot2:6 victor2\\:7 tango echo 3\\:1 zulu golf3:2 golf kilo3\\:3 uniform3:4 kilo uniform romeo3\\:5 november yankee3:6 quebec3\\:7 golf3:8 romeo india foxtrot 4\\:1 golf zulu4:2 hotel echo4\\:3 golf november4:4 november4\\:5 whiskey4:6 uniform foxtrot4\\:7 bravo alpha4:8 tango 5\\:1 india5:2 foxtrot5\\:3 kilo echo whiskey5:4 victor xray sierra5\\:5 xray juliet5:6 tango xray juliet5\\:7 tango zulu5:8 lima india 6\\:1 tango lima quebec6:2 papa tango6\\:3 whiskey echo tango6:4 mike6\\:5 echo6:6 charlie uniform hotel6\\:7 hotel6:8 zulu sierra 7\\:1 sierra lima7:2 tango7\\:3 golf yankee yankee7:4 alpha juliet7\\:5 lima india papa7:6 lima7\\:7 charlie7:8 xray foxtrot zulu 8\\:1 echo hotel8:2 india juliet golf8\\:3 victor charlie sierra8:4 charlie juliet bravo8\\:5 whiskey8:6 delta xray8\\:7 mike bravo quebec8:8 mike yankee echo\n\nH1H2H3H4\n\n1:1 golf1:2 victor1:3 juliet echo1:4 quebec quebec victor 2:1 uniform2:2 india romeo2:3 yankee delta2:4 foxtrot papa\n\n[file1](file:///C:/Temp/1.txt) bad2 cross3 ext4 mail5",
        "title": "Sub"
      }
    ],
    "tables": [
      {
        "align": [
          "left",
          "left",
          "left",
          "left",
          "left",
          "left",
          "left",
          "left"
        ],
        "align_meta": {
          "heuristic": true
        },
        "align_mismatch": false,
        "column_count": 8,
        "end_line": 19,
        "headers": [
          "H1",
          "H2",
          "H3",
          "H4",
          "H5",
          "H6",
          "H7",
          "H8"
        ],
        "id": "table_0",
        "is_ragged": true,
        "is_ragged_meta": {
          "heuristic": true
        },
        "row_count": 8,
        "rows": [
          [
            "1\\:1 bravo foxtrot",
            "1:2 quebec yankee sierra",
            "1\\:3 kilo",
            "1:4 tango hotel",
            "1\\:5 charlie",
            "1:6 xray delta sierra",
            "1\\:7 foxtrot",
            ""
          ],
          [
            "2\\:1 zulu kilo",
            "2:2 lima quebec delta",
            "2\\:3 hotel victor oscar",
            "2:4 november xray",
            "2\\:5 juliet mike foxtrot",
            "2:6 victor",
            "2\\:7 tango echo",
            ""
          ],
          [
            "3\\:1 zulu golf",
            "3:2 golf kilo",
            "3\\:3 uniform",
            "3:4 kilo uniform romeo",
            "3\\:5 november yankee",
            "3:6 quebec",
            "3\\:7 golf",
            "3:8 romeo india foxtrot"
          ],
          [
            "4\\:1 golf zulu",
            "4:2 hotel echo",
            "4\\:3 golf november",
            "4:4 november",
            "4\\:5 whiskey",
            "4:6 uniform foxtrot",
            "4\\:7 bravo alpha",
            "4:8 tango"
          ],
          [
            "5\\:1 india",
            "5:2 foxtrot",
            "5\\:3 kilo echo whiskey",
            "5:4 victor xray sierra",
            "5\\:5 xray juliet",
            "5:6 tango xray juliet",
            "5\\:7 tango zulu",
            "5:8 lima india"
          ],
          [
            "6\\:1 tango lima quebec",
            "6:2 papa tango",
            "6\\:3 whiskey echo tango",
            "6:4 mike",
            "6\\:5 echo",
            "6:6 charlie uniform hotel",
            "6\\:7 hotel",
            "6:8 zulu sierra"
          ],
          [
            "7\\:1 sierra lima",
            "7:2 tango",
            "7\\:3 golf yankee yankee",
            "7:4 alpha juliet",
            "7\\:5 lima india papa",
            "7:6 lima",
            "7\\:7 charlie",
            "7:8 xray foxtrot zulu"
          ],
          [
            "8\\:1 echo hotel",
            "8:2 india juliet golf",
            "8\\:3 victor charlie sierra",
            "8:4 charlie juliet bravo",
            "8\\:5 whiskey",
            "8:6 delta xray",
            "8\\:7 mike bravo quebec",
            "8:8 mike yankee echo"
          ]
        ],
        "section_id": "section_sub",
        "start_line": 9
      },
      {
        "align": [
          "center",
          "left",
          "center",
          "right"
        ],
        "align_meta": {
          "heuristic": true
        },
        "align_mismatch": false,
        "column_count": 4,
        "end_line": 24,
        "headers": [
          "H1",
          "H2",
          "H3",
          "H4"
        ],
        "id": "table_1",
        "is_ragged": false,
        "row_count": 2,
        "rows": [
          [
            "1:1 golf",
            "1:2 victor",
            "1:3 juliet echo",
            "1:4 quebec quebec victor"
          ],
          [
            "2:1 uniform",
            "2:2 india romeo",
            "2:3 yankee delta",
            "2:4 foxtrot papa"
          ]
        ],
        "section_id": "section_sub",
        "start_line": 20
      }
    ]
  }
}