{
  "content": {
    "lines": [
      "# Refactored tasks 02",
      "",
      "- list level 1",
      "  - [x] task level 2",
      "    - [ ] task level 3",
      "      - [x] task level 4",
      "        - list level 5",
      "          - [x] task level 6",
      "                code in list",
      "            \tindented with tab",
      "",
      "[file1](file:///C:/Temp/1.txt) [bad2](ht!tp://broken^2) [cross3](./tasks_03.md#sec0) [ext4](https://example.com/4) [mail5](mailto:user5@example.com) [file6](file:///C:/Temp/6.txt)",
      "",
      "![ok0](https://via.placeholder.com/64 \"t0\")",
      ""
    ],
    "raw": "# Refactored tasks 02\n\n- list level 1\n  - [x] task level 2\n    - [ ] task level 3\n      - [x] task level 4\n        - list level 5\n          - [x] task level 6\n                code in list\n            \tindented with tab\n\n[file1](file:///C:/Temp/1.txt) [bad2](ht!tp://broken^2) [cross3](./tasks_03.md#sec0) [ext4](https://example.com/4) [mail5](mailto:user5@example.com) [file6](file:///C:/Temp/6.txt)\n\n![ok0](https://via.placeholder.com/64 \"t0\")\n"
  },
  "mappings": {
    "code_blocks": [],
    "code_lines": [
      4,
      5,
      6,
      7,
      8,
      9,
      10
    ],
    "line_to_section": {
      "0": "section_refactored-tasks-02",
      "1": "section_refactored-tasks-02",
      "10": "section_refactored-tasks-02",
      "11": "section_refactored-tasks-02",
      "12": "section_refactored-tasks-02",
      "13": "section_refactored-tasks-02",
      "14": "section_refactored-tasks-02",
      "2": "section_refactored-tasks-02",
      "3": "section_refactored-tasks-02",
      "4": "section_refactored-tasks-02",
      "5": "section_refactored-tasks-02",
      "6": "section_refactored-tasks-02",
      "7": "section_refactored-tasks-02",
      "8": "section_refactored-tasks-02",
      "9": "section_refactored-tasks-02"
    },
    "line_to_type": {
      "0": "prose",
      "1": "prose",
      "10": "code",
      "11": "prose",
      "12": "prose",
      "13": "prose",
      "14": "prose",
      "2": "prose",
      "3": "prose",
      "4": "code",
      "5": "code",
      "6": "code",
      "7": "code",
      "8": "code",
      "9": "code"
    },
    "prose_lines": [
      0,
      1,
      2,
      3,
      11,
      12,
      13,
      14
    ]
  },
  "metadata": {
    "embedding_block_reason": "Raw content contains disallowed link schemes",
    "embedding_blocked": true,
    "frontmatter": {
      "id": "ref_tasks_02",
      "note": "tasks-case",
      "title": "Refactored tasks 02"
    },
    "has_code": false,
    "has_frontmatter": true,
    "has_lists": true,
    "has_sections": true,
    "has_tables": false,
    "node_counts": {
      "bullet_list": 6,
      "heading": 1,
      "image": 1,
      "inline": 9,
      "link": 4,
      "list_item": 6,
      "paragraph": 8,
      "root": 1,
      "softbreak": 2,
      "text": 19
    },
    "security": {
      "link_disallowed_schemes_raw": true,
      "profile_used": "moderate",
      "statistics": {
        "allowed_schemes": [
          "http",
          "https",
          "mailto",
          "tel"
        ],
        "confusables_present": false,
        "frontmatter_at_bof": true,
        "has_data_uri_images": false,
        "has_event_handlers": false,
        "has_html_block": false,
        "has_html_inline": false,
        "has_script": false,
        "link_schemes": {
          "https": 1,
          "mailto": 1,
          "relative": 3
        },
        "nbsp_present": false,
        "nested_headings_blocked": 0,
        "path_traversal_pattern": true,
        "ragged_tables_count": 0,
        "raw_dangerous_schemes": true,
        "table_align_mismatches": 0,
        "unicode_risk_score": 0,
        "zwsp_present": false
      },
      "summary": {
        "has_dangerous_content": true,
        "ragged_tables_count": 0,
        "total_warnings": 5,
        "unicode_risk_score": 0
      },
      "warnings": [
        {
          "line": 11,
          "message": "Link contains path traversal pattern",
          "type": "path_traversal",
          "url": "ht!tp://broken%5E2"
        },
        {
          "line": 11,
          "message": "Link contains path traversal pattern",
          "type": "path_traversal",
          "url": "https://example.com/4"
        },
        {
          "line": 13,
          "message": "Link contains path traversal pattern",
          "type": "path_traversal",
          "url": "https://via.placeholder.com/64"
        },
        {
          "message": "Raw content contains potentially dangerous scheme: file:",
          "type": "disallowed_schemes_raw"
        },
        {
          "message": "Dangerous scheme \"file:\" found in raw content",
          "scheme": "file",
          "type": "raw_dangerous_scheme"
        }
      ]
    },
    "security_policies_applied": [
      "embedding_blocked_schemes_raw",
      "dropped_1_unsafe_links"
    ],
    "total_chars": 445,
    "total_lines": 15
  },
  "structure": {
    "blockquotes": [],
    "code_blocks": [
      {
        "content": "- [ ] task level 3\n  - [x] task level 4\n    - list level 5\n      - [x] task level 6\n            code in list\n        \tindented with tab\n",
        "end_line": 10,
        "id": "code_0",
        "language": "",
        "section_id": "section_refactored-tasks-02",
        "start_line": 4,
        "type": "indented"
      }
    ],
    "footnotes": {
      "definitions": [],
      "references": []
    },
    "headings": [
      {
        "end_char": 22,
        "id": "heading_refactored-tasks-02",
        "level": 1,
        "line": 0,
        "parent_heading_id": null,
        "slug": "refactored-tasks-02",
        "start_char": 0,
        "text": "Refactored tasks 02"
      }
    ],
    "html_blocks": [],
    "html_inline": [],
    "images": [
      {
        "allowed": true,
        "alt": "ok0",
        "format": "unknown",
        "has_alt": true,
        "has_title": true,
        "image_id": "e4c59911894d1d72",
        "image_kind": "external",
        "line": 13,
        "scheme": "https",
        "src": "https://via.placeholder.com/64",
        "title": "t0"
      }
    ],
    "links": [
      {
        "allowed": true,
        "line": 11,
        "scheme": null,
        "text": "cross3",
        "type": "internal",
        "url": "./tasks_03.md#sec0"
      },
      {
        "allowed": true,
        "line": 11,
        "scheme": "https",
        "text": "ext4",
        "type": "external",
        "url": "https://example.com/4"
      },
      {
        "allowed": true,
        "line": 11,
        "scheme": "mailto",
        "text": "mail5",
        "type": "email",
        "url": "mailto:user5@example.com"
      },
      {
        "alt": "ok0",
        "format": "unknown",
        "image_id": "e4c59911894d1d72",
        "image_kind": "external",
        "line": 13,
        "src": "https://via.placeholder.com/64",
        "text": "ok0",
        "title": "t0",
        "type": "image",
        "url": "https://via.placeholder.com/64"
      }
    ],
    "lists": [
      {
        "end_line": 11,
        "has_mixed_task_items": false,
        "id": "list_0",
        "items": [
          {
            "blocks": [],
            "checked": null,
            "children": [
              {
                "blocks": [],
                "checked": true,
                "children": [
                  {
                    "blocks": [],
                    "checked": false,
                    "children": [
                      {
                        "blocks": [],
                        "checked": true,
                        "children": [
                          {
                            "blocks": [],
                            "checked": null,
                            "children": [
                              {
                                "blocks": [],
                                "checked": true,
                                "children": [],
                                "text": "task level 6\ncode in list\nindented with tab"
                              }
                            ],
                            "text": "list level 5"
                          }
                        ],
                        "text": "task level 4"
                      }
                    ],
                    "text": "task level 3"
                  }
                ],
                "text": "task level 2"
              }
            ],
            "text": "list level 1"
          }
        ],
        "items_count": 1,
        "section_id": "section_refactored-tasks-02",
        "start_line": 2,
        "task_items_count": 0,
        "type": "bullet"
      }
    ],
    "paragraphs": [
      {
        "end_line": 12,
        "has_code": false,
        "has_emphasis": false,
        "has_links": true,
        "id": "para_0",
        "section_id": "section_refactored-tasks-02",
        "start_line": 11,
        "text": "[file1](file:///C:/Temp/1.txt) bad2 cross3 ext4 mail5 [file6](file:///C:/Temp/6.txt)",
        "word_count": 6
      },
      {
        "end_line": 14,
        "has_code": false,
        "has_emphasis": false,
        "has_links": false,
        "id": "para_1",
        "section_id": "section_refactored-tasks-02",
        "start_line": 13,
        "text": "ok0ok0",
        "word_count": 1
      }
    ],
    "sections": [
      {
        "child_ids": [],
        "end_char": 445,
        "end_line": 14,
        "id": "section_refactored-tasks-02",
        "level": 1,
        "parent_id": null,
        "raw_content": "# Refactored tasks 02\n\n- list level 1\n  - [x] task level 2\n    - [ ] task level 3\n      - [x] task level 4\n        - list level 5\n          - [x] task level 6\n                code in list\n            \tindented with tab\n\n[file1](file:///C:/Temp/1.txt) [bad2](ht!tp://broken^2) [cross3](./tasks_03.md#sec0) [ext4](https://example.com/4) [mail5](mailto:user5@example.com) [file6](file:///C:/Temp/6.txt)\n\n![ok0](https://via.placeholder.com/64 \"t0\")\n",
        "slug": "refactored-tasks-02",
        "start_char": 0,
        "start_line": 0,
        "text_content": "Refactored tasks 02\n\nlist level 1 [x] task level 2 [ ] task level 3 [x] task level 4 list level 5 [x] task level 6\ncode in list\nindented with tab\n\n[file1](file:///C:/Temp/1.txt) bad2 cross3 ext4 mail5 [file6](file:///C:/Temp/6.txt)",
        "title": "Refactored tasks 02"
      }
    ],
    "tables": []
  }
}