{
  "content": {
    "lines": [
      "+++",
      "title = \"Refactored tasks 03\"",
      "id = \"ref_tasks_03\"",
      "note = \"tasks-case\"",
      "+++",
      "# Refactored tasks 03",
      "Title",
      "=====",
      "",
      "Sub",
      "----",
      "",
      "",
      "- list level 1",
      "  - [x] task level 2",
      "    - [ ] task level 3",
      "      - [x] task level 4",
      "        - list level 5",
      "              code in list",
      "          \tindented with tab",
      "",
      "[file1](file:///C:/Temp/1.txt) [bad2](ht!tp://broken^2) [cross3](./tasks_04.md#sec0) [ext4](https://example.com/4) [mail5](mailto:user5@example.com) [file6](file:///C:/Temp/6.txt)",
      "",
      "![ok0](https://via.placeholder.com/64 \"t0\")",
      ""
    ],
    "raw": "+++\ntitle = \"Refactored tasks 03\"\nid = \"ref_tasks_03\"\nnote = \"tasks-case\"\n+++\n# Refactored tasks 03\nTitle\n=====\n\nSub\n----\n\n\n- list level 1\n  - [x] task level 2\n    - [ ] task level 3\n      - [x] task level 4\n        - list level 5\n              code in list\n          \tindented with tab\n\n[file1](file:///C:/Temp/1.txt) [bad2](ht!tp://broken^2) [cross3](./tasks_04.md#sec0) [ext4](https://example.com/4) [mail5](mailto:user5@example.com) [file6](file:///C:/Temp/6.txt)\n\n![ok0](https://via.placeholder.com/64 \"t0\")\n"
  },
  "mappings": {
    "code_blocks": [],
    "code_lines": [
      15,
      16,
      17,
      18,
      19,
      20
    ],
    "line_to_section": {
      "10": "section_sub",
      "11": "section_sub",
      "12": "section_sub",
      "13": "section_sub",
      "14": "section_sub",
      "15": "section_sub",
      "16": "section_sub",
      "17": "section_sub",
      "18": "section_sub",
      "19": "section_sub",
      "20": "section_sub",
      "21": "section_sub",
      "22": "section_sub",
      "23": "section_sub",
      "24": "section_sub",
      "5": "section_refactored-tasks-03",
      "6": "section_title",
      "7": "section_title",
      "8": "section_title",
      "9": "section_sub"
    },
    "line_to_type": {
      "0": "prose",
      "1": "prose",
      "10": "prose",
      "11": "prose",
      "12": "prose",
      "13": "prose",
      "14": "prose",
      "15": "code",
      "16": "code",
      "17": "code",
      "18": "code",
      "19": "code",
      "2": "prose",
      "20": "code",
      "21": "prose",
      "22": "prose",
      "23": "prose",
      "24": "prose",
      "3": "prose",
      "4": "prose",
      "5": "prose",
      "6": "prose",
      "7": "prose",
      "8": "prose",
      "9": "prose"
    },
    "prose_lines": [
      0,
      1,
      2,
      3,
      4,
      5,
      6,
      7,
      8,
      9,
      10,
      11,
      12,
      13,
      14,
      21,
      22,
      23,
      24
    ]
  },
  "metadata": {
    "embedding_block_reason": "Raw content contains disallowed link schemes",
    "embedding_blocked": true,
    "has_code": false,
    "has_frontmatter": false,
    "has_lists": true,
    "has_sections": true,
    "has_tables": false,
    "node_counts": {
      "bullet_list": 5,
      "heading": 3,
      "image": 1,
      "inline": 11,
      "link": 4,
      "list_item": 5,
      "paragraph": 8,
      "root": 1,
      "softbreak": 6,
      "text": 25
    },
    "security": {
      "link_disallowed_schemes_raw": true,
      "profile_used": "moderate",
      "statistics": {
        "allowed_schemes": [
          "http",
          "https",
          "mailto",
          "tel"
        ],
        "confusables_present": false,
        "frontmatter_at_bof": false,
        "has_data_uri_images": false,
        "has_event_handlers": false,
        "has_html_block": false,
        "has_html_inline": false,
        "has_script": false,
        "link_schemes": {
          "https": 1,
          "mailto": 1,
          "relative": 3
        },
        "nbsp_present": false,
        "nested_headings_blocked": 0,
        "path_traversal_pattern": true,
        "ragged_tables_count": 0,
        "raw_dangerous_schemes": true,
        "table_align_mismatches": 0,
        "unicode_risk_score": 0,
        "zwsp_present": false
      },
      "summary": {
        "has_dangerous_content": true,
        "ragged_tables_count": 0,
        "total_warnings": 5,
        "unicode_risk_score": 0
      },
      "warnings": [
        {
          "line": 21,
          "message": "Link contains path traversal pattern",
          "type": "path_traversal",
          "url": "ht!tp://broken%5E2"
        },
        {
          "line": 21,
          "message": "Link contains path traversal pattern",
          "type": "path_traversal",
          "url": "https://example.com/4"
        },
        {
          "line": 23,
          "message": "Link contains path traversal pattern",
          "type": "path_traversal",
          "url": "https://via.placeholder.com/64"
        },
        {
          "message": "Raw content contains potentially dangerous scheme: file:",
          "type": "disallowed_schemes_raw"
        },
        {
          "message": "Dangerous scheme \"file:\" found in raw content",
          "scheme": "file",
          "type": "raw_dangerous_scheme"
        }
      ]
    },
    "security_policies_applied": [
      "embedding_blocked_schemes_raw",
      "dropped_1_unsafe_links"
    ],
    "total_chars": 513,
    "total_lines": 25
  },
  "structure": {
    "blockquotes": [],
    "code_blocks": [
      {
        "content": "- [ ] task level 3\n  - [x] task level 4\n    - list level 5\n          code in list\n      \tindented with tab\n",
        "end_line": 20,
        "id": "code_0",
        "language": "",
        "section_id": "section_sub",
        "start_line": 15,
        "type": "indented"
      }
    ],
    "footnotes": {
      "definitions": [],
      "references": []
    },
    "headings": [
      {
        "end_char": 100,
        "id": "heading_refactored-tasks-03",
        "level": 1,
        "line": 5,
        "parent_heading_id": null,
        "slug": "refactored-tasks-03",
        "start_char": 78,
        "text": "Refactored tasks 03"
      },
      {
        "end_char": 106,
        "id": "heading_title",
        "level": 1,
        "line": 6,
        "parent_heading_id": null,
        "slug": "title",
        "start_char": 100,
        "text": "Title"
      },
      {
        "end_char": 117,
        "id": "heading_sub",
        "level": 1,
        "line": 9,
        "parent_heading_id": null,
        "slug": "sub",
        "start_char": 113,
        "text": "Sub"
      }
    ],
    "html_blocks": [],
    "html_inline": [],
    "images": [
      {
        "allowed": true,
        "alt": "ok0",
        "format": "unknown",
        "has_alt": true,
        "has_title": true,
        "image_id": "0f678b50fe20356f",
        "image_kind": "external",
        "line": 23,
        "scheme": "https",
        "src": "https://via.placeholder.com/64",
        "title": "t0"
      }
    ],
    "links": [
      {
        "allowed": true,
        "line": 21,
        "scheme": null,
        "text": "cross3",
        "type": "internal",
        "url": "./tasks_04.md#sec0"
      },
      {
        "allowed": true,
        "line": 21,
        "scheme": "https",
        "text": "ext4",
        "type": "external",
        "url": "https://example.com/4"
      },
      {
        "allowed": true,
        "line": 21,
        "scheme": "mailto",
        "text": "mail5",
        "type": "email",
        "url": "mailto:user5@example.com"
      },
      {
        "alt": "ok0",
        "format": "unknown",
        "image_id": "0f678b50fe20356f",
        "image_kind": "external",
        "line": 23,
        "src": "https://via.placeholder.com/64",
        "text": "ok0",
        "title": "t0",
        "type": "image",
        "url": "https://via.placeholder.com/64"
      }
    ],
    "lists": [
      {
        "end_line": 21,
        "has_mixed_task_items": false,
        "id": "list_0",
        "items": [
          {
            "blocks": [],
            "checked": null,
            "children": [
              {
                "blocks": [],
                "checked": true,
                "children": [
                  {
                    "blocks": [],
                    "checked": false,
                    "children": [
                      {
                        "blocks": [],
                        "checked": true,
                        "children": [
                          {
                            "blocks": [],
                            "checked": null,
                            "children": [],
                            "text": "list level 5\ncode in list\nindented with tab"
                          }
                        ],
                        "text": "task level 4"
                      }
                    ],
                    "text": "task level 3"
                  }
                ],
                "text": "task level 2"
              }
            ],
            "text": "list level 1"
          }
        ],
        "items_count": 1,
        "section_id": "section_sub",
        "start_line": 13,
        "task_items_count": 0,
        "type": "bullet"
      }
    ],
    "paragraphs": [
      {
        "end_line": 5,
        "has_code": false,
        "has_emphasis": false,
        "has_links": false,
        "id": "para_0",
        "section_id": null,
        "start_line": 0,
        "text": "+++\ntitle = \"Refactored tasks 03\"\nid = \"ref_tasks_03\"\nnote = \"tasks-case\"\n+++",
        "word_count": 13
      },
      {
        "end_line": 22,
        "has_code": false,
        "has_emphasis": false,
        "has_links": true,
        "id": "para_1",
        "section_id": "section_sub",
        "start_line": 21,
        "text": "[file1](file:///C:/Temp/1.txt) bad2 cross3 ext4 mail5 [file6](file:///C:/Temp/6.txt)",
        "word_count": 6
      },
      {
        "end_line": 24,
        "has_code": false,
        "has_emphasis": false,
        "has_links": false,
        "id": "para_2",
        "section_id": "section_sub",
        "start_line": 23,
        "text": "ok0ok0",
        "word_count": 1
      }
    ],
    "sections": [
      {
        "child_ids": [],
        "end_char": 100,
        "end_line": 5,
        "id": "section_refactored-tasks-03",
        "level": 1,
        "parent_id": null,
        "raw_content": "# Refactored tasks 03",
        "slug": "refactored-tasks-03",
        "start_char": 78,
        "start_line": 5,
        "text_content": "Refactored tasks 03",
        "title": "Refactored tasks 03"
      },
      {
        "child_ids": [],
        "end_char": 113,
        "end_line": 8,
        "id": "section_title",
        "level": 1,
        "parent_id": null,
        "raw_content": "Title\n=====\n",
        "slug": "title",
        "start_char": 100,
        "start_line": 6,
        "text_content": "Title",
        "title": "Title"
      },
      {
        "child_ids": [],
        "end_char": 513,
        "end_line": 24,
        "id": "section_sub",
        "level": 1,
        "parent_id": null,
        "raw_content": "Sub\n----\n\n\n- list level 1\n  - [x] task level 2\n    - [ ] task level 3\n      - [x] task level 4\n        - list level 5\n              code in list\n          \tindented with tab\n\n[file1](file:///C:/Temp/1.txt) [bad2](ht!tp://broken^2) [cross3](./tasks_04.md#sec0) [ext4](https://example.com/4) [mail5](mailto:user5@example.com) [file6](file:///C:/Temp/6.txt)\n\n![ok0](https://via.placeholder.com/64 \"t0\")\n",
        "slug": "sub",
        "start_char": 113,
        "start_line": 9,
        "text_content": "Sub\n\nlist level 1 [x] task level 2 [ ] task level 3 [x] task level 4 list level 5\ncode in list\nindented with tab\n\n[file1](file:///C:/Temp/1.txt) bad2 cross3 ext4 mail5 [file6](file:///C:/Temp/6.txt)",
        "title": "Sub"
      }
    ],
    "tables": []
  }
}