{
  "content": {
    "lines": [
      "{\"title\":\"Refactored tasks 04\",\"id\":\"ref_tasks_04\",\"note\":\"tasks-case\"}",
      "# Refactored tasks 04",
      "Title",
      "=====",
      "",
      "Sub",
      "----",
      "",
      "",
      "- list level 1",
      "  - [x] task level 2",
      "    - [ ] task level 3",
      "          code in list",
      "",
      "[file1](file:///C:/Temp/1.txt) [bad2](ht!tp://broken^2) [cross3](./tasks_05.md#sec0) [ext4](https://example.com/4) [mail5](mailto:user5@example.com) [file6](file:///C:/Temp/6.txt)",
      "",
      "![ok0](https://via.placeholder.com/64 \"t0\")",
      ""
    ],
    "raw": "{\"title\":\"Refactored tasks 04\",\"id\":\"ref_tasks_04\",\"note\":\"tasks-case\"}\n# Refactored tasks 04\nTitle\n=====\n\nSub\n----\n\n\n- list level 1\n  - [x] task level 2\n    - [ ] task level 3\n          code in list\n\n[file1](file:///C:/Temp/1.txt) [bad2](ht!tp://broken^2) [cross3](./tasks_05.md#sec0) [ext4](https://example.com/4) [mail5](mailto:user5@example.com) [file6](file:///C:/Temp/6.txt)\n\n![ok0](https://via.placeholder.com/64 \"t0\")\n"
  },
  "mappings": {
    "code_blocks": [],
    "code_lines": [
      11,
      12,
      13
    ],
    "line_to_section": {
      "1": "section_refactored-tasks-04",
      "10": "section_sub",
      "11": "section_sub",
      "12": "section_sub",
      "13": "section_sub",
      "14": "section_sub",
      "15": "section_sub",
      "16": "section_sub",
      "17": "section_sub",
      "2": "section_title",
      "3": "section_title",
      "4": "section_title",
      "5": "section_sub",
      "6": "section_sub",
      "7": "section_sub",
      "8": "section_sub",
      "9": "section_sub"
    },
    "line_to_type": {
      "0": "prose",
      "1": "prose",
      "10": "prose",
      "11": "code",
      "12": "code",
      "13": "code",
      "14": "prose",
      "15": "prose",
      "16": "prose",
      "17": "prose",
      "2": "prose",
      "3": "prose",
      "4": "prose",
      "5": "prose",
      "6": "prose",
      "7": "prose",
      "8": "prose",
      "9": "prose"
    },
    "prose_lines": [
      0,
      1,
      2,
      3,
      4,
      5,
      6,
      7,
      8,
      9,
      10,
      14,
      15,
      16,
      17
    ]
  },
  "metadata": {
    "embedding_block_reason": "Raw content contains disallowed link schemes",
    "embedding_blocked": true,
    "has_code": false,
    "has_frontmatter": false,
    "has_lists": true,
    "has_sections": true,
    "has_tables": false,
    "node_counts": {
      "bullet_list": 3,
      "heading": 3,
      "image": 1,
      "inline": 9,
      "link": 4,
      "list_item": 3,
      "paragraph": 6,
      "root": 1,
      "softbreak": 1,
      "text": 18
    },
    "security": {
      "link_disallowed_schemes_raw": true,
      "profile_used": "moderate",
      "statistics": {
        "allowed_schemes": [
          "http",
          "https",
          "mailto",
          "tel"
        ],
        "confusables_present": false,
        "frontmatter_at_bof": false,
        "has_data_uri_images": false,
        "has_event_handlers": false,
        "has_html_block": false,
        "has_html_inline": false,
        "has_script": false,
        "link_schemes": {
          "https": 1,
          "mailto": 1,
          "relative": 3
        },
        "nbsp_present": false,
        "nested_headings_blocked": 0,
        "path_traversal_pattern": true,
        "ragged_tables_count": 0,
        "raw_dangerous_schemes": true,
        "table_align_mismatches": 0,
        "unicode_risk_score": 0,
        "zwsp_present": false
      },
      "summary": {
        "has_dangerous_content": true,
        "ragged_tables_count": 0,
        "total_warnings": 5,
        "unicode_risk_score": 0
      },
      "warnings": [
        {
          "line": 14,
          "message": "Link contains path traversal pattern",
          "type": "path_traversal",
          "url": "ht!tp://broken%5E2"
        },
        {
          "line": 14,
          "message": "Link contains path traversal pattern",
          "type": "path_traversal",
          "url": "https://example.com/4"
        },
        {
          "line": 16,
          "message": "Link contains path traversal pattern",
          "type": "path_traversal",
          "url": "https://via.placeholder.com/64"
        },
        {
          "message": "Raw content contains potentially dangerous scheme: file:",
          "type": "disallowed_schemes_raw"
        },
        {
          "message": "Dangerous scheme \"file:\" found in raw content",
          "scheme": "file",
          "type": "raw_dangerous_scheme"
        }
      ]
    },
    "security_policies_applied": [
      "embedding_blocked_schemes_raw",
      "dropped_1_unsafe_links"
    ],
    "total_chars": 426,
    "total_lines": 18
  },
  "structure": {
    "blockquotes": [],
    "code_blocks": [
      {
        "content": "- [ ] task level 3\n      code in list\n",
        "end_line": 13,
        "id": "code_0",
        "language": "",
        "section_id": "section_sub",
        "start_line": 11,
        "type": "indented"
      }
    ],
    "footnotes": {
      "definitions": [],
      "references": []
    },
    "headings": [
      {
        "end_char": 94,
        "id": "heading_refactored-tasks-04",
        "level": 1,
        "line": 1,
        "parent_heading_id": null,
        "slug": "refactored-tasks-04",
        "start_char": 72,
        "text": "Refactored tasks 04"
      },
      {
        "end_char": 100,
        "id": "heading_title",
        "level": 1,
        "line": 2,
        "parent_heading_id": null,
        "slug": "title",
        "start_char": 94,
        "text": "Title"
      },
      {
        "end_char": 111,
        "id": "heading_sub",
        "level": 1,
        "line": 5,
        "parent_heading_id": null,
        "slug": "sub",
        "start_char": 107,
        "text": "Sub"
      }
    ],
    "html_blocks": [],
    "html_inline": [],
    "images": [
      {
        "allowed": true,
        "alt": "ok0",
        "format": "unknown",
        "has_alt": true,
        "has_title": true,
        "image_id": "75a5bb1225d165c8",
        "image_kind": "external",
        "line": 16,
        "scheme": "https",
        "src": "https://via.placeholder.com/64",
        "title": "t0"
      }
    ],
    "links": [
      {
        "allowed": true,
        "line": 14,
        "scheme": null,
        "text": "cross3",
        "type": "internal",
        "url": "./tasks_05.md#sec0"
      },
      {
        "allowed": true,
        "line": 14,
        "scheme": "https",
        "text": "ext4",
        "type": "external",
        "url": "https://example.com/4"
      },
      {
        "allowed": true,
        "line": 14,
        "scheme": "mailto",
        "text": "mail5",
        "type": "email",
        "url": "mailto:user5@example.com"
      },
      {
        "alt": "ok0",
        "format": "unknown",
        "image_id": "75a5bb1225d165c8",
        "image_kind": "external",
        "line": 16,
        "src": "https://via.placeholder.com/64",
        "text": "ok0",
        "title": "t0",
        "type": "image",
        "url": "https://via.placeholder.com/64"
      }
    ],
    "lists": [
      {
        "end_line": 14,
        "has_mixed_task_items": false,
        "id": "list_0",
        "items": [
          {
            "blocks": [],
            "checked": null,
            "children": [
              {
                "blocks": [],
                "checked": true,
                "children": [
                  {
                    "blocks": [],
                    "checked": false,
                    "children": [],
                    "text": "task level 3\ncode in list"
                  }
                ],
                "text": "task level 2"
              }
            ],
            "text": "list level 1"
          }
        ],
        "items_count": 1,
        "section_id": "section_sub",
        "start_line": 9,
        "task_items_count": 0,
        "type": "bullet"
      }
    ],
    "paragraphs": [
      {
        "end_line": 1,
        "has_code": false,
        "has_emphasis": false,
        "has_links": false,
        "id": "para_0",
        "section_id": null,
        "start_line": 0,
        "text": "{\"title\":\"Refactored tasks 04\",\"id\":\"ref_tasks_04\",\"note\":\"tasks-case\"}",
        "word_count": 3
      },
      {
        "end_line": 15,
        "has_code": false,
        "has_emphasis": false,
        "has_links": true,
        "id": "para_1",
        "section_id": "section_sub",
        "start_line": 14,
        "text": "[file1](file:///C:/Temp/1.txt) bad2 cross3 ext4 mail5 [file6](file:///C:/Temp/6.txt)",
        "word_count": 6
      },
      {
        "end_line": 17,
        "has_code": false,
        "has_emphasis": false,
        "has_links": false,
        "id": "para_2",
        "section_id": "section_sub",
        "start_line": 16,
        "text": "ok0ok0",
        "word_count": 1
      }
    ],
    "sections": [
      {
        "child_ids": [],
        "end_char": 94,
        "end_line": 1,
        "id": "section_refactored-tasks-04",
        "level": 1,
        "parent_id": null,
        "raw_content": "# Refactored tasks 04",
        "slug": "refactored-tasks-04",
        "start_char": 72,
        "start_line": 1,
        "text_content": "Refactored tasks 04",
        "title": "Refactored tasks 04"
      },
      {
        "child_ids": [],
        "end_char": 107,
        "end_line": 4,
        "id": "section_title",
        "level": 1,
        "parent_id": null,
        "raw_content": "Title\n=====\n",
        "slug": "title",
        "start_char": 94,
        "start_line": 2,
        "text_content": "Title",
        "title": "Title"
      },
      {
        "child_ids": [],
        "end_char": 426,
        "end_line": 17,
        "id": "section_sub",
        "level": 1,
        "parent_id": null,
        "raw_content": "Sub\n----\n\n\n- list level 1\n  - [x] task level 2\n    - [ ] task level 3\n          code in list\n\n[file1](file:///C:/Temp/1.txt) [bad2](ht!tp://broken^2) [cross3](./tasks_05.md#sec0) [ext4](https://example.com/4) [mail5](mailto:user5@example.com) [file6](file:///C:/Temp/6.txt)\n\n![ok0](https://via.placeholder.com/64 \"t0\")\n",
        "slug": "sub",
        "start_char": 107,
        "start_line": 5,
        "text_content": "Sub\n\nlist level 1 [x] task level 2 [ ] task level 3\ncode in list\n\n[file1](file:///C:/Temp/1.txt) bad2 cross3 ext4 mail5 [file6](file:///C:/Temp/6.txt)",
        "title": "Sub"
      }
    ],
    "tables": []
  }
}