[
  {"type":"paragraph_open","nesting":1,"map":[0,0]},
  {"type":"inline","nesting":0,"content":"Normal text"},
  {"type":"paragraph_close","nesting":-1,"map":[0,0]},

  {"type":"html_block","nesting":0,"map":[1,1],"content":"<script>console.log('xss1')</script>"},
  {"type":"html_block","nesting":0,"map":[2,2],"content":"<img src=x onerror=alert(2)>"},
  {"type":"html_block","nesting":0,"map":[3,3],"content":"<svg><script>alert(3)</script></svg>"},
  {"type":"html_block","nesting":0,"map":[4,4],"content":"<svg onload=alert(4)><circle cx=0 cy=0 r=1/></svg>"},
  {"type":"html_block","nesting":0,"map":[5,5],"content":"<math><maction actiontype='javascript:alert(5)'></maction></math>"},
  {"type":"html_block","nesting":0,"map":[6,6],"content":"<iframe srcdoc=\"<script>top.postMessage(1,'*')</script>\"></iframe>"},
  {"type":"html_block","nesting":0,"map":[7,7],"content":"<a href=\"javascript:alert('js')\">click</a>"},
  {"type":"html_block","nesting":0,"map":[8,8],"content":"<div style=\"background-image: url('javascript:alert(7)')\">x</div>"},
  {"type":"html_block","nesting":0,"map":[9,9],"content":"<img src=x onload=\"this.src='data:image/svg+xml,<svg onload=alert(8)>'\">"},
  {"type":"html_block","nesting":0,"map":[10,10],"content":"<a href='//attacker.example.com'>protocol relative</a>"},

  {"type":"paragraph_open","nesting":1,"map":[11,11]},
  {"type":"inline","nesting":0,"content":"Safe <b>bold</b> and <i>italic</i>"},
  {"type":"paragraph_close","nesting":-1,"map":[11,11]}
]
