{
  "content": {
    "lines": [
      "# Test: hdg_nbsp_after_hash",
      "",
      "#\u00a0No heading",
      ""
    ],
    "raw": "# Test: hdg_nbsp_after_hash\n\n#\u00a0No heading\n"
  },
  "mappings": {
    "code_blocks": [],
    "code_lines": [],
    "line_to_section": {
      "0": "section_test-hdg_nbsp_after_hash",
      "1": "section_test-hdg_nbsp_after_hash",
      "2": "section_test-hdg_nbsp_after_hash",
      "3": "section_test-hdg_nbsp_after_hash"
    },
    "line_to_type": {
      "0": "prose",
      "1": "prose",
      "2": "prose",
      "3": "prose"
    },
    "prose_lines": [
      0,
      1,
      2,
      3
    ]
  },
  "metadata": {
    "has_code": false,
    "has_frontmatter": false,
    "has_lists": false,
    "has_sections": true,
    "has_tables": false,
    "node_counts": {
      "heading": 1,
      "inline": 2,
      "paragraph": 1,
      "root": 1,
      "text": 2
    },
    "security": {
      "profile_used": "moderate",
      "statistics": {
        "allowed_schemes": [
          "http",
          "https",
          "mailto",
          "tel"
        ],
        "confusables_present": false,
        "frontmatter_at_bof": false,
        "has_data_uri_images": false,
        "has_event_handlers": false,
        "has_html_block": false,
        "has_html_inline": false,
        "has_script": false,
        "link_schemes": {},
        "nbsp_present": true,
        "nested_headings_blocked": 0,
        "path_traversal_pattern": false,
        "ragged_tables_count": 0,
        "table_align_mismatches": 0,
        "unicode_risk_score": 0,
        "zwsp_present": false
      },
      "summary": {
        "has_dangerous_content": false,
        "ragged_tables_count": 0,
        "total_warnings": 0,
        "unicode_risk_score": 0
      },
      "warnings": []
    },
    "total_chars": 42,
    "total_lines": 4
  },
  "structure": {
    "blockquotes": [],
    "code_blocks": [],
    "footnotes": {
      "definitions": [],
      "references": []
    },
    "headings": [
      {
        "end_char": 28,
        "id": "heading_test-hdg_nbsp_after_hash",
        "level": 1,
        "line": 0,
        "parent_heading_id": null,
        "slug": "test-hdg_nbsp_after_hash",
        "start_char": 0,
        "text": "Test: hdg_nbsp_after_hash"
      }
    ],
    "html_blocks": [],
    "html_inline": [],
    "images": [],
    "links": [],
    "lists": [],
    "paragraphs": [
      {
        "end_line": 3,
        "has_code": false,
        "has_emphasis": false,
        "has_links": false,
        "id": "para_0",
        "section_id": "section_test-hdg_nbsp_after_hash",
        "start_line": 2,
        "text": "#\u00a0No heading",
        "word_count": 3
      }
    ],
    "sections": [
      {
        "child_ids": [],
        "end_char": 42,
        "end_line": 3,
        "id": "section_test-hdg_nbsp_after_hash",
        "level": 1,
        "parent_id": null,
        "raw_content": "# Test: hdg_nbsp_after_hash\n\n#\u00a0No heading\n",
        "slug": "test-hdg_nbsp_after_hash",
        "start_char": 0,
        "start_line": 0,
        "text_content": "Test: hdg_nbsp_after_hash\n\n#\u00a0No heading",
        "title": "Test: hdg_nbsp_after_hash"
      }
    ],
    "tables": []
  }
}