{
  "content": {
    "lines": [
      "# Test: hdg_code_fence",
      "",
      "```",
      "# not heading",
      "## still not",
      "```",
      "Text",
      ""
    ],
    "raw": "# Test: hdg_code_fence\n\n```\n# not heading\n## still not\n```\nText\n"
  },
  "mappings": {
    "code_blocks": [],
    "code_lines": [
      2,
      3,
      4,
      5,
      6
    ],
    "line_to_section": {
      "0": "section_test-hdg_code_fence",
      "1": "section_test-hdg_code_fence",
      "2": "section_test-hdg_code_fence",
      "3": "section_test-hdg_code_fence",
      "4": "section_test-hdg_code_fence",
      "5": "section_test-hdg_code_fence",
      "6": "section_test-hdg_code_fence",
      "7": "section_test-hdg_code_fence"
    },
    "line_to_type": {
      "0": "prose",
      "1": "prose",
      "2": "code",
      "3": "code",
      "4": "code",
      "5": "code",
      "6": "code",
      "7": "prose"
    },
    "prose_lines": [
      0,
      1,
      7
    ]
  },
  "metadata": {
    "has_code": true,
    "has_frontmatter": false,
    "has_lists": false,
    "has_sections": true,
    "has_tables": false,
    "node_counts": {
      "fence": 1,
      "heading": 1,
      "inline": 2,
      "paragraph": 1,
      "root": 1,
      "text": 2
    },
    "security": {
      "profile_used": "moderate",
      "statistics": {
        "allowed_schemes": [
          "http",
          "https",
          "mailto",
          "tel"
        ],
        "confusables_present": false,
        "frontmatter_at_bof": false,
        "has_data_uri_images": false,
        "has_event_handlers": false,
        "has_html_block": false,
        "has_html_inline": false,
        "has_script": false,
        "link_schemes": {},
        "nbsp_present": false,
        "nested_headings_blocked": 0,
        "path_traversal_pattern": false,
        "ragged_tables_count": 0,
        "table_align_mismatches": 0,
        "unicode_risk_score": 0,
        "zwsp_present": false
      },
      "summary": {
        "has_dangerous_content": false,
        "ragged_tables_count": 0,
        "total_warnings": 0,
        "unicode_risk_score": 0
      },
      "warnings": []
    },
    "total_chars": 64,
    "total_lines": 8
  },
  "structure": {
    "blockquotes": [],
    "code_blocks": [
      {
        "content": "# not heading\n## still not\n",
        "end_line": 6,
        "id": "code_0",
        "language": "",
        "section_id": "section_test-hdg_code_fence",
        "start_line": 2,
        "type": "fenced"
      }
    ],
    "footnotes": {
      "definitions": [],
      "references": []
    },
    "headings": [
      {
        "end_char": 23,
        "id": "heading_test-hdg_code_fence",
        "level": 1,
        "line": 0,
        "parent_heading_id": null,
        "slug": "test-hdg_code_fence",
        "start_char": 0,
        "text": "Test: hdg_code_fence"
      }
    ],
    "html_blocks": [],
    "html_inline": [],
    "images": [],
    "links": [],
    "lists": [],
    "paragraphs": [
      {
        "end_line": 7,
        "has_code": false,
        "has_emphasis": false,
        "has_links": false,
        "id": "para_0",
        "section_id": "section_test-hdg_code_fence",
        "start_line": 6,
        "text": "Text",
        "word_count": 1
      }
    ],
    "sections": [
      {
        "child_ids": [],
        "end_char": 64,
        "end_line": 7,
        "id": "section_test-hdg_code_fence",
        "level": 1,
        "parent_id": null,
        "raw_content": "# Test: hdg_code_fence\n\n```\n# not heading\n## still not\n```\nText\n",
        "slug": "test-hdg_code_fence",
        "start_char": 0,
        "start_line": 0,
        "text_content": "Test: hdg_code_fence\n\nText",
        "title": "Test: hdg_code_fence"
      }
    ],
    "tables": []
  }
}