{
  "content": {
    "lines": [
      "# Test: hdg_trailing_hashes",
      "",
      "# Title #",
      "",
      "## Sub ##",
      ""
    ],
    "raw": "# Test: hdg_trailing_hashes\n\n# Title #\n\n## Sub ##\n"
  },
  "mappings": {
    "code_blocks": [],
    "code_lines": [],
    "line_to_section": {
      "0": "section_test-hdg_trailing_hashes",
      "1": "section_test-hdg_trailing_hashes",
      "2": "section_title",
      "3": "section_title",
      "4": "section_sub",
      "5": "section_sub"
    },
    "line_to_type": {
      "0": "prose",
      "1": "prose",
      "2": "prose",
      "3": "prose",
      "4": "prose",
      "5": "prose"
    },
    "prose_lines": [
      0,
      1,
      2,
      3,
      4,
      5
    ]
  },
  "metadata": {
    "has_code": false,
    "has_frontmatter": false,
    "has_lists": false,
    "has_sections": true,
    "has_tables": false,
    "node_counts": {
      "heading": 3,
      "inline": 3,
      "root": 1,
      "text": 3
    },
    "security": {
      "profile_used": "moderate",
      "statistics": {
        "allowed_schemes": [
          "http",
          "https",
          "mailto",
          "tel"
        ],
        "confusables_present": false,
        "frontmatter_at_bof": false,
        "has_data_uri_images": false,
        "has_event_handlers": false,
        "has_html_block": false,
        "has_html_inline": false,
        "has_script": false,
        "link_schemes": {},
        "nbsp_present": false,
        "nested_headings_blocked": 0,
        "path_traversal_pattern": false,
        "ragged_tables_count": 0,
        "table_align_mismatches": 0,
        "unicode_risk_score": 0,
        "zwsp_present": false
      },
      "summary": {
        "has_dangerous_content": false,
        "ragged_tables_count": 0,
        "total_warnings": 0,
        "unicode_risk_score": 0
      },
      "warnings": []
    },
    "total_chars": 50,
    "total_lines": 6
  },
  "structure": {
    "blockquotes": [],
    "code_blocks": [],
    "footnotes": {
      "definitions": [],
      "references": []
    },
    "headings": [
      {
        "end_char": 28,
        "id": "heading_test-hdg_trailing_hashes",
        "level": 1,
        "line": 0,
        "parent_heading_id": null,
        "slug": "test-hdg_trailing_hashes",
        "start_char": 0,
        "text": "Test: hdg_trailing_hashes"
      },
      {
        "end_char": 39,
        "id": "heading_title",
        "level": 1,
        "line": 2,
        "parent_heading_id": null,
        "slug": "title",
        "start_char": 29,
        "text": "Title"
      },
      {
        "end_char": 50,
        "id": "heading_sub",
        "level": 2,
        "line": 4,
        "parent_heading_id": "heading_title",
        "slug": "sub",
        "start_char": 40,
        "text": "Sub"
      }
    ],
    "html_blocks": [],
    "html_inline": [],
    "images": [],
    "links": [],
    "lists": [],
    "paragraphs": [],
    "sections": [
      {
        "child_ids": [],
        "end_char": 29,
        "end_line": 1,
        "id": "section_test-hdg_trailing_hashes",
        "level": 1,
        "parent_id": null,
        "raw_content": "# Test: hdg_trailing_hashes\n",
        "slug": "test-hdg_trailing_hashes",
        "start_char": 0,
        "start_line": 0,
        "text_content": "Test: hdg_trailing_hashes",
        "title": "Test: hdg_trailing_hashes"
      },
      {
        "child_ids": [
          "section_sub"
        ],
        "end_char": 50,
        "end_line": 5,
        "id": "section_title",
        "level": 1,
        "parent_id": null,
        "raw_content": "# Title #\n\n## Sub ##\n",
        "slug": "title",
        "start_char": 29,
        "start_line": 2,
        "text_content": "Title\n\nSub",
        "title": "Title"
      },
      {
        "child_ids": [],
        "end_char": 50,
        "end_line": 5,
        "id": "section_sub",
        "level": 2,
        "parent_id": "section_title",
        "raw_content": "## Sub ##\n",
        "slug": "sub",
        "start_char": 40,
        "start_line": 4,
        "text_content": "Sub",
        "title": "Sub"
      }
    ],
    "tables": []
  }
}