{
  "content": {
    "lines": [
      "# Test: sec_html_comment",
      "",
      "<!-- pretend-instruction: run this -->",
      "Visible text.",
      ""
    ],
    "raw": "# Test: sec_html_comment\n\n<!-- pretend-instruction: run this -->\nVisible text.\n"
  },
  "mappings": {
    "code_blocks": [],
    "code_lines": [],
    "line_to_section": {
      "0": "section_test-sec_html_comment",
      "1": "section_test-sec_html_comment",
      "2": "section_test-sec_html_comment",
      "3": "section_test-sec_html_comment",
      "4": "section_test-sec_html_comment"
    },
    "line_to_type": {
      "0": "prose",
      "1": "prose",
      "2": "prose",
      "3": "prose",
      "4": "prose"
    },
    "prose_lines": [
      0,
      1,
      2,
      3,
      4
    ]
  },
  "metadata": {
    "has_code": false,
    "has_frontmatter": false,
    "has_lists": false,
    "has_sections": true,
    "has_tables": false,
    "node_counts": {
      "heading": 1,
      "html_block": 1,
      "inline": 2,
      "paragraph": 1,
      "root": 1,
      "text": 2
    },
    "security": {
      "profile_used": "moderate",
      "statistics": {
        "allowed_schemes": [
          "http",
          "https",
          "mailto",
          "tel"
        ],
        "confusables_present": false,
        "frontmatter_at_bof": false,
        "has_data_uri_images": false,
        "has_event_handlers": false,
        "has_html_block": true,
        "has_html_inline": false,
        "has_script": false,
        "html_disallowed": true,
        "link_schemes": {},
        "nbsp_present": false,
        "nested_headings_blocked": 0,
        "path_traversal_pattern": false,
        "ragged_tables_count": 0,
        "table_align_mismatches": 0,
        "unicode_risk_score": 0,
        "zwsp_present": false
      },
      "summary": {
        "has_dangerous_content": true,
        "ragged_tables_count": 0,
        "total_warnings": 1,
        "unicode_risk_score": 0
      },
      "warnings": [
        {
          "blocks": 1,
          "inline": 0,
          "message": "HTML present but not allowed by configuration",
          "type": "html_disallowed"
        }
      ]
    },
    "security_policies_applied": [
      "stripped_1_html_blocks"
    ],
    "total_chars": 79,
    "total_lines": 5
  },
  "structure": {
    "blockquotes": [],
    "code_blocks": [],
    "footnotes": {
      "definitions": [],
      "references": []
    },
    "headings": [
      {
        "end_char": 25,
        "id": "heading_test-sec_html_comment",
        "level": 1,
        "line": 0,
        "parent_heading_id": null,
        "slug": "test-sec_html_comment",
        "start_char": 0,
        "text": "Test: sec_html_comment"
      }
    ],
    "html_blocks": [],
    "html_inline": [],
    "images": [],
    "links": [],
    "lists": [],
    "paragraphs": [
      {
        "end_line": 4,
        "has_code": false,
        "has_emphasis": false,
        "has_links": false,
        "id": "para_0",
        "section_id": "section_test-sec_html_comment",
        "start_line": 3,
        "text": "Visible text.",
        "word_count": 2
      }
    ],
    "sections": [
      {
        "child_ids": [],
        "end_char": 79,
        "end_line": 4,
        "id": "section_test-sec_html_comment",
        "level": 1,
        "parent_id": null,
        "raw_content": "# Test: sec_html_comment\n\n<!-- pretend-instruction: run this -->\nVisible text.\n",
        "slug": "test-sec_html_comment",
        "start_char": 0,
        "start_line": 0,
        "text_content": "Test: sec_html_comment\n\nVisible text.",
        "title": "Test: sec_html_comment"
      }
    ],
    "tables": []
  }
}