{
  "content": {
    "lines": [
      "# Test: sec_relative_paths",
      "",
      "[../../secret](../../secret)",
      ""
    ],
    "raw": "# Test: sec_relative_paths\n\n[../../secret](../../secret)\n"
  },
  "mappings": {
    "code_blocks": [],
    "code_lines": [],
    "line_to_section": {
      "0": "section_test-sec_relative_paths",
      "1": "section_test-sec_relative_paths",
      "2": "section_test-sec_relative_paths",
      "3": "section_test-sec_relative_paths"
    },
    "line_to_type": {
      "0": "prose",
      "1": "prose",
      "2": "prose",
      "3": "prose"
    },
    "prose_lines": [
      0,
      1,
      2,
      3
    ]
  },
  "metadata": {
    "has_code": false,
    "has_frontmatter": false,
    "has_lists": false,
    "has_sections": true,
    "has_tables": false,
    "node_counts": {
      "heading": 1,
      "inline": 2,
      "link": 1,
      "paragraph": 1,
      "root": 1,
      "text": 2
    },
    "security": {
      "profile_used": "moderate",
      "statistics": {
        "allowed_schemes": [
          "http",
          "https",
          "mailto",
          "tel"
        ],
        "confusables_present": false,
        "frontmatter_at_bof": false,
        "has_data_uri_images": false,
        "has_event_handlers": false,
        "has_html_block": false,
        "has_html_inline": false,
        "has_script": false,
        "link_schemes": {
          "relative": 1
        },
        "nbsp_present": false,
        "nested_headings_blocked": 0,
        "path_traversal_pattern": true,
        "ragged_tables_count": 0,
        "table_align_mismatches": 0,
        "unicode_risk_score": 0,
        "zwsp_present": false
      },
      "summary": {
        "has_dangerous_content": true,
        "ragged_tables_count": 0,
        "total_warnings": 1,
        "unicode_risk_score": 0
      },
      "warnings": [
        {
          "line": 2,
          "message": "Link contains path traversal pattern",
          "type": "path_traversal",
          "url": "../../secret"
        }
      ]
    },
    "total_chars": 57,
    "total_lines": 4
  },
  "structure": {
    "blockquotes": [],
    "code_blocks": [],
    "footnotes": {
      "definitions": [],
      "references": []
    },
    "headings": [
      {
        "end_char": 27,
        "id": "heading_test-sec_relative_paths",
        "level": 1,
        "line": 0,
        "parent_heading_id": null,
        "slug": "test-sec_relative_paths",
        "start_char": 0,
        "text": "Test: sec_relative_paths"
      }
    ],
    "html_blocks": [],
    "html_inline": [],
    "images": [],
    "links": [
      {
        "allowed": true,
        "line": 2,
        "scheme": null,
        "text": "../../secret",
        "type": "internal",
        "url": "../../secret"
      }
    ],
    "lists": [],
    "paragraphs": [
      {
        "end_line": 3,
        "has_code": false,
        "has_emphasis": false,
        "has_links": true,
        "id": "para_0",
        "section_id": "section_test-sec_relative_paths",
        "start_line": 2,
        "text": "../../secret",
        "word_count": 1
      }
    ],
    "sections": [
      {
        "child_ids": [],
        "end_char": 57,
        "end_line": 3,
        "id": "section_test-sec_relative_paths",
        "level": 1,
        "parent_id": null,
        "raw_content": "# Test: sec_relative_paths\n\n[../../secret](../../secret)\n",
        "slug": "test-sec_relative_paths",
        "start_char": 0,
        "start_line": 0,
        "text_content": "Test: sec_relative_paths\n\n../../secret",
        "title": "Test: sec_relative_paths"
      }
    ],
    "tables": []
  }
}