{
  "content": {
    "lines": [
      "[one][two] and [two][one]",
      "",
      "[one]: https://a.example",
      "[two]: https://b.example",
      ""
    ],
    "raw": "[one][two] and [two][one]\n\n[one]: https://a.example\n[two]: https://b.example\n"
  },
  "mappings": {
    "code_blocks": [],
    "code_lines": [],
    "line_to_section": {},
    "line_to_type": {
      "0": "prose",
      "1": "prose",
      "2": "prose",
      "3": "prose",
      "4": "prose"
    },
    "prose_lines": [
      0,
      1,
      2,
      3,
      4
    ]
  },
  "metadata": {
    "has_code": false,
    "has_frontmatter": false,
    "has_lists": false,
    "has_sections": false,
    "has_tables": false,
    "node_counts": {
      "inline": 1,
      "link": 2,
      "paragraph": 1,
      "root": 1,
      "text": 3
    },
    "security": {
      "profile_used": "moderate",
      "statistics": {
        "allowed_schemes": [
          "http",
          "https",
          "mailto",
          "tel"
        ],
        "confusables_present": false,
        "frontmatter_at_bof": false,
        "has_data_uri_images": false,
        "has_event_handlers": false,
        "has_html_block": false,
        "has_html_inline": false,
        "has_script": false,
        "link_schemes": {
          "https": 2
        },
        "nbsp_present": false,
        "nested_headings_blocked": 0,
        "path_traversal_pattern": true,
        "ragged_tables_count": 0,
        "table_align_mismatches": 0,
        "unicode_risk_score": 0,
        "zwsp_present": false
      },
      "summary": {
        "has_dangerous_content": true,
        "ragged_tables_count": 0,
        "total_warnings": 2,
        "unicode_risk_score": 0
      },
      "warnings": [
        {
          "line": 0,
          "message": "Link contains path traversal pattern",
          "type": "path_traversal",
          "url": "https://b.example"
        },
        {
          "line": 0,
          "message": "Link contains path traversal pattern",
          "type": "path_traversal",
          "url": "https://a.example"
        }
      ]
    },
    "total_chars": 77,
    "total_lines": 5
  },
  "structure": {
    "blockquotes": [],
    "code_blocks": [],
    "footnotes": {
      "definitions": [],
      "references": []
    },
    "headings": [],
    "html_blocks": [],
    "html_inline": [],
    "images": [],
    "links": [
      {
        "allowed": true,
        "line": 0,
        "scheme": "https",
        "text": "one",
        "type": "external",
        "url": "https://b.example"
      },
      {
        "allowed": true,
        "line": 0,
        "scheme": "https",
        "text": "two",
        "type": "external",
        "url": "https://a.example"
      }
    ],
    "lists": [],
    "paragraphs": [
      {
        "end_line": 1,
        "has_code": false,
        "has_emphasis": false,
        "has_links": true,
        "id": "para_0",
        "section_id": null,
        "start_line": 0,
        "text": "one and two",
        "word_count": 3
      }
    ],
    "sections": [],
    "tables": []
  }
}