{
  "content": {
    "lines": [
      "This is a [ref link][ref] and an ![logo][imgref].",
      "",
      "[ref]: https://example.com \"Example Title\"",
      "[imgref]: https://example.com/logo.png \"Logo Title\"",
      ""
    ],
    "raw": "This is a [ref link][ref] and an ![logo][imgref].\n\n[ref]: https://example.com \"Example Title\"\n[imgref]: https://example.com/logo.png \"Logo Title\"\n"
  },
  "mappings": {
    "code_blocks": [],
    "code_lines": [],
    "line_to_section": {},
    "line_to_type": {
      "0": "prose",
      "1": "prose",
      "2": "prose",
      "3": "prose",
      "4": "prose"
    },
    "prose_lines": [
      0,
      1,
      2,
      3,
      4
    ]
  },
  "metadata": {
    "has_code": false,
    "has_frontmatter": false,
    "has_lists": false,
    "has_sections": false,
    "has_tables": false,
    "node_counts": {
      "image": 1,
      "inline": 1,
      "link": 1,
      "paragraph": 1,
      "root": 1,
      "text": 5
    },
    "security": {
      "profile_used": "moderate",
      "statistics": {
        "allowed_schemes": [
          "http",
          "https",
          "mailto",
          "tel"
        ],
        "confusables_present": false,
        "frontmatter_at_bof": false,
        "has_data_uri_images": false,
        "has_event_handlers": false,
        "has_html_block": false,
        "has_html_inline": false,
        "has_script": false,
        "link_schemes": {
          "https": 1,
          "relative": 1
        },
        "nbsp_present": false,
        "nested_headings_blocked": 0,
        "path_traversal_pattern": true,
        "ragged_tables_count": 0,
        "table_align_mismatches": 0,
        "unicode_risk_score": 0,
        "zwsp_present": false
      },
      "summary": {
        "has_dangerous_content": true,
        "ragged_tables_count": 0,
        "total_warnings": 2,
        "unicode_risk_score": 0
      },
      "warnings": [
        {
          "line": 0,
          "message": "Link contains path traversal pattern",
          "type": "path_traversal",
          "url": "https://example.com"
        },
        {
          "line": 0,
          "message": "Link contains path traversal pattern",
          "type": "path_traversal",
          "url": "https://example.com/logo.png"
        }
      ]
    },
    "total_chars": 146,
    "total_lines": 5
  },
  "structure": {
    "blockquotes": [],
    "code_blocks": [],
    "footnotes": {
      "definitions": [],
      "references": []
    },
    "headings": [],
    "html_blocks": [],
    "html_inline": [],
    "images": [
      {
        "allowed": true,
        "alt": "logo",
        "format": "png",
        "has_alt": true,
        "has_title": true,
        "image_id": "b5d3c318cf847dca",
        "image_kind": "external",
        "line": 0,
        "scheme": "https",
        "src": "https://example.com/logo.png",
        "title": "Logo Title"
      }
    ],
    "links": [
      {
        "allowed": true,
        "line": 0,
        "scheme": "https",
        "text": "ref link",
        "type": "external",
        "url": "https://example.com"
      },
      {
        "alt": "logo",
        "format": "png",
        "image_id": "b5d3c318cf847dca",
        "image_kind": "external",
        "line": 0,
        "src": "https://example.com/logo.png",
        "text": "logo",
        "title": "Logo Title",
        "type": "image",
        "url": "https://example.com/logo.png"
      }
    ],
    "lists": [],
    "paragraphs": [
      {
        "end_line": 1,
        "has_code": false,
        "has_emphasis": false,
        "has_links": true,
        "id": "para_0",
        "section_id": null,
        "start_line": 0,
        "text": "This is a ref link and an logologo.",
        "word_count": 8
      }
    ],
    "sections": [],
    "tables": []
  }
}